  -4.830    1815       0       0       0    0.00    0.04   74.36  131.42    0.49  252.45      -1      -1      -1       0   16.28  968.60    0.00  626.32    0.00    0.00  727.65    0.00 1011.39  154.55  228.63    0.00    0.00    0.00    0.00    0.00    0.02    0.00    0.00
  -4.820       0       0       0       0    0.00    0.02   75.33  131.42    0.57  252.94      -1      -1      -1       0    0.00    0.00  542.43    0.00  460.01  506.85  581.67  575.76    0.00    0.00    0.00   17.86    0.95    0.00    0.01    0.00    0.00    0.00    0.00
  -4.810       0       0       0       0    0.00    0.02   75.64  131.42    0.65  252.41      -1      -1      -1       0   15.99  777.58    0.00  499.26    0.00    0.00    0.00    0.00  805.06  154.88  228.89    0.00    0.00    0.00    0.00    0.00    0.01    0.00    0.00
  -4.800    1815       0       0       0    0.00    0.02   75.33  131.42    0.66  251.80      -1      -1      -1       0    0.00    0.00  650.46    0.00  551.56  608.22  698.00  690.91    0.00    0.00    0.00   17.54    0.94    0.01    0.01    0.01    0.00    0.00    0.00
  -4.790       0       0       0       0    0.00    0.02   75.06  131.42    0.64  250.34      -1      -1      -1       0   16.03  933.55    0.00  599.56    0.00    0.00    0.00    0.00  968.32  154.91  228.95    0.00    0.00    0.00    0.00    0.00    0.00    0.00    0.00
  -4.780       0       0       0       0    0.00    0.02   74.63  131.42    0.58  249.66      -1      -1      -1       0    0.00    0.00  780.56    0.00  660.52  731.21  722.62  829.09    0.00    0.00    0.00   17.65    0.91    0.02    0.01    0.01    0.00    0.00    0.00
  -4.770       0       0       0       0    0.00    0.01   74.56  131.42    0.53  249.00      -1      -1      -1       0   15.65  963.84    0.00  619.62    0.00    0.00    0.00    0.00 1001.87  155.03  229.14    0.00    0.00    0.00    0.00    0.00    0.00    0.00    0.00
  -4.760    1810       0       0       0    0.00    0.01   74.86  131.42    0.55  249.16      -1      -1      -1       0    0.00    0.00  828.18    0.00  700.63  777.89  726.64  879.76    0.00    0.00    0.00   17.62    0.92    0.01    0.01    0.01    0.00    0.00    0.00
  -4.750       0       0       0       0    0.00    0.01   75.20  131.42    0.65  249.85      -1      -1      -1       0   15.61  969.00    0.00  623.63    0.00    0.00    0.00    0.00 1008.58  155.06  229.27    0.00    0.00    0.00    0.00    0.00    0.01    0.00    0.00
  -4.740       0       0       0       0    0.00    0.01   75.35  131.36    0.72  249.53      -1      -1      -1       0    0.00    0.00  863.73    0.00  730.44  812.27  726.44  918.88    0.00    0.00    0.00   17.87    0.92    0.00    0.02    0.00    0.00    0.00    0.00
  -4.730    1810       0       0       0    0.00    0.02   75.29  131.35    0.69  248.97      -1      -1      -1       0   15.88  968.63    0.00  622.64    0.00    0.00    0.00    0.00 1008.02  155.01  229.57    0.00    0.00    0.00    0.00    0.00    0.01    0.00    0.00
  -4.720       0       0       0       0    0.00    0.02   75.18  131.34    0.64  248.50      -1      -1      -1       0    0.00    0.00  882.16    0.00  744.87  828.48  727.21  938.19    0.00    0.00    0.00   18.19    0.94    0.00    0.02    0.02    0.00    0.00    0.00
  -4.710       0       0       0       0    0.00    0.03   74.86  131.40    0.64  248.39      -1      -1      -1       0   16.12  969.59    0.00  622.80    0.00    0.00    0.00    0.00 1007.90  154.77  229.39    0.00    0.00    0.00    0.00    0.00    0.01    0.00    0.00
  -4.700    1814       0       0       0    0.00    0.03   75.10  131.42    0.72  248.68      -1      -1      -1       0    0.00    0.00  894.76    0.00  753.72  839.50  728.26  949.87    0.00    0.00    0.00   18.54    0.95    0.00    0.00    0.02    0.00    0.00    0.00
  -4.690       0       0       0       0    0.00    0.04   75.72  131.42    0.76  248.43      -1      -1      -1       0   16.26  969.78    0.00  622.99    0.00    0.00    0.00    0.00 1008.10  154.66  229.25    0.00    0.00    0.00    0.00    0.00    0.01    0.00    0.00
  -4.680       0       0       0       0    0.00    0.04   76.36  131.42    0.69  248.69      -1      -1      -1       0    0.00    0.00  902.31    0.00  760.18  845.85  728.59  955.62    0.00    0.00    0.00   18.49    0.97    0.01    0.00    0.00    0.00    0.00    0.00
  -4.670    1878       0       0       0    0.00    0.04   76.19  131.42    0.64  248.11      -1      -1      -1       0   16.23  970.38    0.00  623.23    0.00    0.00    0.00    0.00 1008.35  154.74  228.96    0.00    0.00    0.00    0.00    0.00    0.02    0.00    0.00
  -4.660       0       0       0       0    0.00    0.04   75.76  131.42    0.66  246.83      -1      -1      -1       0    0.00    0.00  906.34    0.00  763.69  849.32  730.66  958.65    0.00    0.00    0.00   18.09    1.00    0.01    0.01    0.00    0.00    0.00    0.00
  -4.650       0       0       0       0    0.00    0.04   75.26  131.42    0.71  245.37      -1      -1      -1       0   16.28  970.54    0.00  623.14    0.00    0.00    0.00    0.00 1008.75  154.87  229.05    0.00    0.00    0.00    0.00    0.00    0.02    0.00    0.00
  -4.640       0       0       0       0    0.00    0.04   75.30  131.42    0.77  245.01      -1      -1      -1       0    0.00    0.00  907.76    0.00  766.59  852.19  732.05  959.96    0.00    0.00    0.00   17.66    1.00    0.01    0.01    0.01    0.00    0.00    0.00
  -4.630    1878       0       0       0    0.00    0.04   75.93  131.42    0.83  245.57      -1      -1      -1       0   15.99  971.15    0.00  623.95    0.00    0.00    0.00    0.00 1008.90  154.91  229.08    0.00    0.00    0.00    0.00    0.00    0.00    0.00    0.00
  -4.620       0       0       0       0    0.00    0.04   76.60  131.42    0.84  246.19      -1      -1      -1       0    0.00    0.00  908.85    0.00  768.32  855.26  732.29  960.83    0.00    0.00    0.00   17.94    0.99    0.01    0.01    0.01    0.00    0.00    0.00
  -4.610       0       0       0       0    0.00    0.04   76.80  131.42    0.77  245.54      -1      -1      -1       0   15.92  970.75    0.00  625.23    0.00    0.00    0.00    0.00 1009.76  154.97  229.26    0.00    0.00    0.00    0.00    0.00    0.00    0.00    0.00
  -4.600    1921       0       0       0    0.00    0.04   76.27  131.42    0.74  244.24      -1      -1      -1       0    0.00    0.00  908.90    0.00  768.35  857.80  733.21  961.26    0.00    0.00    0.00   18.28    0.95    0.01    0.01    0.01    0.00    0.00    0.00
  -4.590       0       0       0       0    0.00    0.04   75.65  131.42    0.74  242.78      -1      -1      -1       0   15.65  970.68    0.00  626.53    0.00    0.00    0.00    0.00 1010.56  155.16  229.22    0.00    0.00    0.00    0.00    0.00    0.00    0.00    0.00
  -4.580       0       0       0       0    0.00    0.04   75.37  131.42    0.86  241.61      -1      -1      -1       0    0.00    0.00  909.13    0.00  768.70  859.82  732.07  961.52    0.00    0.00    0.00   18.56    0.95    0.01    0.01    0.01    0.00    0.00    0.00
  -4.570    1921       0       0       0    0.00    0.04   75.71  131.36    0.83  240.99      -1      -1      -1       0   15.68  970.28    0.00  626.59    0.00    0.00    0.00    0.00 1010.90  155.15  229.47    0.00    0.00    0.00    0.00    0.00    0.01    0.00    0.00
  -4.560       0       0       0       0    0.00    0.04   76.29  131.35    0.78  241.16      -1      -1      -1       0    0.00    0.00  909.40    0.00  769.25  861.18  731.69  962.11    0.00    0.00    0.00   18.10    0.96    0.00    0.02    0.01    0.00    0.00    0.00
  -4.550       0       0       0       0    0.00    0.04   76.53  131.34    0.66  241.20      -1      -1      -1       0   15.94  970.23    0.00  626.42    0.00    0.00    0.00    0.00 1011.13  154.98  229.27    0.00    0.00    0.00    0.00    0.00    0.01    0.00    0.00
  -4.540    1921       0       0       0    0.00    0.05   76.23  131.40    0.66  240.56      -1      -1      -1       0    0.00    0.00  909.74    0.00  769.88  860.86  730.72  962.73    0.00    0.00    0.00   17.93    0.97    0.01    0.02    0.02    0.00    0.00    0.00
  -4.530       0       0       0       0    0.00    0.05   75.67  131.42    0.68  239.59      -1      -1      -1       0   16.23  970.11    0.00  626.44    0.00    0.00    0.00    0.00 1011.24  154.71  229.22    0.00    0.00    0.00    0.00    0.00    0.01    0.00    0.00
  -4.520       0       0       0       0    0.00    0.05   75.11  131.42    0.73  238.70      -1      -1      -1       0    0.00    0.00  909.86    0.00  770.19  861.48  731.07  962.98    0.00    0.00    0.00   18.47    0.98    0.00    0.00    0.02    0.00    0.00    0.00
  -4.510    1914       0       0       0    0.00    0.05   75.39  131.42    0.76  238.64      -1      -1      -1       0   16.32  969.98    0.00  626.46    0.00    0.00    0.00    0.00 1011.21  154.65  228.95    0.00    0.00    0.00    0.00    0.00    0.01    0.00    0.00
  -4.500       0       0       0       0    0.00    0.05   75.95  131.42    0.77  238.30      -1      -1      -1       0    0.00    0.00  910.40    0.00  770.73  861.81  730.21  963.20    0.00    0.00    0.00   18.67    0.98    0.01    0.01    0.00    0.00    0.00    0.00
  -4.490       0       0       0       0    0.00    0.04   76.35  131.42    0.63  237.57      -1      -1      -1       0   16.19  969.84    0.00  626.44    0.00    0.00    0.00    0.00 1011.27  154.68  228.96    0.00    0.00    0.00    0.00    0.00    0.01    0.00    0.00
  -4.480    1914       0       0       0    0.00    0.04   75.90  131.42    0.52  236.25      -1      -1      -1       0    0.00    0.00  910.02    0.00  770.79  862.00  729.91  963.03    0.00    0.00    0.00   18.33    0.98    0.01    0.00    0.00    0.00    0.00    0.00
  -4.470       0       0       0       0    0.00    0.04   75.43  131.42    0.51  234.63      -1      -1      -1       0   16.26  969.75    0.00  626.41    0.00    0.00    0.00    0.00 1011.30  154.69  228.97    0.00    0.00    0.00    0.00    0.00    0.00    0.00    0.00
  -4.460       0       0       0       0    0.00    0.04   75.28  131.42    0.57  233.41      -1      -1      -1       0    0.00    0.00  909.94    0.00  770.41  862.16  730.13  961.86    0.00    0.00    0.00   17.59    0.96    0.01    0.01    0.00    0.00    0.00    0.00
  -4.450    1843       0       0       0    0.00    0.03   75.47  131.42    0.59  233.10      -1      -1      -1       0   15.90  968.91    0.00  626.86    0.00    0.00    0.00    0.00 1011.77  154.86  229.14    0.00    0.00    0.00    0.00    0.00    0.00    0.00    0.00
  -4.440       0       0       0       0    0.00    0.03   75.58  131.42    0.58  233.51      -1      -1      -1       0    0.00    0.00  909.53    0.00  769.09  862.94  730.24  960.51    0.00    0.00    0.00   17.47    0.94    0.01    0.01    0.01    0.00    0.00    0.00
  -4.430       0       0       0       0    0.00    0.03   75.67  131.42    0.66  234.59      -1      -1      -1       0   15.81  967.99    0.00  627.38    0.00    0.00    0.00    0.00 1011.87  154.96  229.19    0.00    0.00    0.00    0.00    0.00    0.00    0.00    0.00
  -4.420       0       0       0       0    0.00    0.03   75.57  131.42    0.69  235.02      -1      -1      -1       0    0.00    0.00  909.54    0.00  767.46  864.03  730.01  959.33    0.00    0.00    0.00   17.57    0.92    0.01    0.01    0.01    0.00    0.00    0.00
  -4.410    1843       0       0       0    0.00    0.03   75.44  131.42    0.67  234.96      -1      -1      -1       0   15.59  966.29    0.00  627.14    0.00    0.00    0.00    0.00 1012.01  155.27  229.29    0.00    0.00    0.00    0.00    0.00    0.01    0.00    0.00
  -4.400       0       0       0       0    0.00    0.03   75.22  131.42    0.63  234.79      -1      -1      -1       0    0.00    0.00  909.37    0.00  764.62  865.31  729.97  958.82    0.00    0.00    0.00   17.59    0.92    0.00    0.01    0.01    0.00    0.00    0.00
  -4.390       0       0       0       0    0.00    0.03   74.96  131.42    0.62  234.10      -1      -1      -1       0   15.54  964.86    0.00  626.82    0.00    0.00    0.00    0.00 1012.14  155.17  229.40    0.00    0.00    0.00    0.00    0.00    0.00    0.00    0.00
  -4.380    1846       0       0       0    0.00    0.03   75.32  131.42    0.69  233.76      -1      -1      -1       0    0.00    0.00  910.14    0.00  763.72  866.23  729.98  958.48    0.00    0.00    0.00   17.34    0.93    0.00    0.01    0.01    0.00    0.00    0.00
  -4.370       0       0       0       0    0.00    0.03   75.71  131.42    0.65  234.00      -1      -1      -1       0   16.12  965.47    0.00  626.90    0.00    0.00    0.00    0.00 1011.84  155.10  229.51    0.00    0.00    0.00    0.00    0.00    0.01    0.00    0.00
  -4.360       0       0       0       0    0.00    0.03   76.00  131.42    0.56  233.74      -1      -1      -1       0    0.00    0.00  910.31    0.00  762.98  866.02  728.60  958.71    0.00    0.00    0.00   17.01    0.93    0.01    0.00    0.01    0.00    0.00    0.00
  -4.350    1846       0       0       0    0.00    0.03   75.68  131.42    0.57  232.70      -1      -1      -1       0   16.28  965.29    0.00  626.91    0.00    0.00    0.00    0.00 1011.70  154.74  229.46    0.00    0.00    0.00    0.00    0.00    0.00    0.00    0.00
  -4.340       0       0       0       0    0.00    0.04   75.31  131.42    0.61  230.49      -1      -1      -1       0    0.00    0.00  910.47    0.00  762.65  865.77  727.85  958.54    0.00    0.00    0.00   17.00    2.47    0.01    0.00    0.00    0.00    0.00    0.00
  -4.330       0       0       0       0    0.00    0.03   74.79  131.42    0.65  229.29      -1      -1      -1       0   16.32  965.65    0.00  626.82    0.00    0.00    0.00    0.00 1011.67  154.76  229.09    0.00    0.00    0.00    0.00    0.00    0.02    0.00    0.00
  -4.320       0       0       0       0    0.00    0.03   74.73  131.42    0.62  229.16      -1      -1      -1       0    0.00    0.00  910.65    0.00  763.33  865.67  726.98  958.08    0.00    0.00    0.00   16.93    4.21    0.01    0.01    0.01    0.00    0.00    0.00
  -4.310    1840       0       0       0    0.00    0.03   75.00  131.42    0.64  229.77      -1      -1      -1       0   16.10  966.27    0.00  628.56    0.00    0.00    0.00    0.00 1011.75  154.77  229.00    0.00    0.00    0.00    0.00    0.00    0.02    0.00    0.00
  -4.300       0       0       0       0    0.00    0.03   75.50  131.42    0.66  231.06      -1      -1      -1       0    0.00    0.00  910.32    0.00  763.47  865.50  726.66  957.51    0.00    0.00    0.00   17.24    4.81    0.01    0.00    0.00    0.00    0.00    0.00
  -4.290       0       0       0       0    0.00    0.03   75.75  131.42    0.71  232.03      -1      -1      -1       0   16.23  967.09    0.00  630.16    0.00    0.00    0.00    0.00 1011.67  154.88  229.24    0.00    0.00    0.00    0.00    0.00    0.00    0.00    0.00
  -4.280    1840       0       0       0    0.00    0.03   75.71  131.42    0.71  232.27      -1      -1      -1       0    0.00    0.00  909.79    0.00  763.43  865.40  727.36  957.59    0.00    0.00    0.00   17.45    3.44    0.01    0.01    0.00    0.00    0.00    0.00
  -4.270       0       0       0       0    0.00    0.04   75.48  131.42    0.71  231.68      -1      -1      -1       0   15.86  967.38    0.00  631.59    0.00    0.00    0.00    0.00 1012.08  154.91  229.56    0.00    0.00    0.00    0.00    0.00    0.00    0.00    0.00
  -4.260       0       0       0       0    0.00    0.03   75.13  131.42    0.69  230.40      -1      -1      -1       0    0.00    0.00  908.79    0.00  763.31  865.47  727.50  957.12    0.00    0.00    0.00   18.16    1.73    0.02    0.01    0.01    0.00    0.00    0.00
  -4.250    1847       0       0       0    0.00    0.04   75.43  131.42    0.78  230.41      -1      -1      -1       0   15.59  967.14    0.00  632.20    0.00    0.00    0.00    0.00 1012.56  155.03  229.64    0.00    0.00    0.00    0.00    0.00    0.01    0.00    0.00
  -4.240       0       0       0       0    0.00    0.03   75.89  131.42    0.81  231.05      -1      -1      -1       0    0.00    0.00  908.90    0.00  763.44  865.86  727.23  956.93    0.00    0.00    0.00   18.26    1.15    0.02    0.01    0.01    0.00    0.00    0.00
  -4.230       0       0       0       0    0.00    0.03   76.11  131.42    0.70  231.38      -1      -1      -1       0   15.59  967.31    0.00  631.57    0.00    0.00    0.00    0.00 1013.11  155.23  229.58    0.00    0.00    0.00    0.00    0.00    0.01    0.00    0.00
  -4.220    1866       0       0       0    0.00    0.03   75.74  131.36    0.67  230.65      -1      -1      -1       0    0.00    0.00  907.27    0.00  763.02  866.72  726.83  957.30    0.00    0.00    0.00   18.03    1.00    0.00    0.02    0.01    0.00    0.00    0.00
  -4.210       0       0       0       0    0.00    0.03   75.42  131.29    0.62  229.49      -1      -1      -1       0   15.90  967.06    0.00  631.27    0.00    0.00    0.00    0.00 1014.22  155.22  229.91    0.00    0.00    0.00    0.00    0.00    0.01    0.00    0.00
  -4.200       0       0       0       0    0.00    0.03   75.08  131.27    0.65  228.72      -1      -1      -1       0    0.00    0.00  906.31    0.00  762.93  867.33  726.86  957.34    0.00    0.00    0.00   17.84    0.97    0.00    0.02    0.01    0.00    0.00    0.00
  -4.190    1866       0       0       0    0.00    0.04   75.19  131.33    0.68  228.69      -1      -1      -1       0   16.01  967.05    0.00  631.21    0.00    0.00    0.00    0.00 1013.43  155.11  229.90    0.00    0.00    0.00    0.00    0.00    0.01    0.00    0.00
  -4.180       0       0       0       0    0.00    0.04   75.67  131.40    0.81  229.33      -1      -1      -1       0    0.00    0.00  905.79    0.00  762.83  867.34  726.34  957.29    0.00    0.00    0.00   17.79    0.98    0.00    0.00    0.01    0.00    0.00    0.00
  -4.170       0       0       0       0    0.00    0.04   76.38  131.41    0.85  230.95      -1      -1      -1       0   16.30  966.98    0.00  631.41    0.00    0.00    0.00    0.00 1013.28  154.80  229.73    0.00    0.00    0.00    0.00    0.00    0.01    0.00    0.00
  -4.160       0       0       0       0    0.00    0.04   76.42  131.42    0.71  231.51      -1      -1      -1       0    0.00    0.00  904.29    0.00  764.53  866.91  726.17  957.24    0.00    0.00    0.00   17.98    0.98    0.01    0.00    0.01    0.00    0.00    0.00
  -4.150    1907       0       0       0    0.00    0.04   75.95  131.42    0.67  230.68      -1      -1      -1       0   16.23  967.40    0.00  631.26    0.00    0.00    0.00    0.00 1012.97  154.72  229.16    0.00    0.00    0.00    0.00    0.00    0.01    0.00    0.00
  -4.140       0       0       0       0    0.00    0.04   75.34  131.42    0.68  229.34      -1      -1      -1       0    0.00    0.00  902.19    0.00  766.27  866.65  726.03  957.30    0.00    0.00    0.00   18.15    1.01    0.01    0.00    0.00    0.00    0.00    0.00
  -4.130       0       0       0       0    0.00    0.04   75.32  131.42    0.78  229.33      -1      -1      -1       0   16.30  967.74    0.00  631.19    0.00    0.00    0.00    0.00 1012.94  154.70  229.10    0.00    0.00    0.00    0.00    0.00    0.01    0.00    0.00
  -4.120    1907       0       0       0    0.00    0.04   75.93  131.42    0.84  230.13      -1      -1      -1       0    0.00    0.00  900.12    0.00  768.42  866.62  725.87  956.40    0.00    0.00    0.00   17.94    1.01    0.01    0.01    0.00    0.00    0.00    0.00
  -4.110       0       0       0       0    0.00    0.04   76.57  131.42    0.85  230.66      -1      -1      -1       0   16.12  968.64    0.00  631.18    0.00    0.00    0.00    0.00 1012.80  154.75  229.27    0.00    0.00    0.00    0.00    0.00    0.00    0.00    0.00
  -4.100       0       0       0       0    0.00    0.04   76.63  131.42    0.74  229.66      -1      -1      -1       0    0.00    0.00  898.84    0.00  769.20  866.49  725.77  955.77    0.00    0.00    0.00   17.75    1.00    0.01    0.01    0.01    0.00    0.00    0.00
  -4.090    1907       0       0       0    0.00    0.04   76.16  131.42    0.66  228.27      -1      -1      -1       0   15.81  968.20    0.00  631.17    0.00    0.00    0.00    0.00 1013.13  154.82  229.48    0.00    0.00    0.00    0.00    0.00    0.00    0.00    0.00
  -4.080       0       0       0       0    0.00    0.04   75.69  131.42    0.63  227.11      -1      -1      -1       0    0.00    0.00  898.62    0.00  768.96  866.79  725.69  954.59    0.00    0.00    0.00   17.12    0.97    0.02    0.01    0.01    0.00    0.00    0.00
  -4.070       0       0       0       0    0.00    0.04   75.63  131.42    0.73  226.34      -1      -1      -1       0   15.56  968.11    0.00  630.59    0.00    0.00    0.00    0.00 1013.10  154.84  229.71    0.00    0.00    0.00    0.00    0.00    0.01    0.00    0.00
  -4.060    1906       0       0       0    0.00    0.04   76.01  131.42    0.78  226.14      -1      -1      -1       0    0.00    0.00  899.03    0.00  768.66  866.77  724.63  954.23    0.00    0.00    0.00   16.76    0.96    0.01    0.01    0.01    0.00    0.00    0.00
  -4.050       0       0       0       0    0.00    0.04   76.39  131.36    0.82  226.75      -1      -1      -1       0   15.68  967.80    0.00  629.94    0.00    0.00    0.00    0.00 1013.12  154.79  229.86    0.00    0.00    0.00    0.00    0.00    0.01    0.00    0.00
  -4.040       0       0       0       0    0.00    0.04   76.39  131.35    0.72  226.73      -1      -1      -1       0    0.00    0.00  899.08    0.00  768.23  866.79  723.51  954.37    0.00    0.00    0.00   16.74    0.95    0.00    0.02    0.01    0.00    0.00    0.00
  -4.030    1906       0       0       0    0.00    0.04   75.94  131.34    0.58  226.08      -1      -1      -1       0   15.99  967.81    0.00  628.80    0.00    0.00    0.00    0.00 1013.61  154.66  229.72    0.00    0.00    0.00    0.00    0.00    0.01    0.00    0.00
  -4.020       0       0       0       0    0.00    0.04   75.47  131.40    0.56  224.79      -1      -1      -1       0    0.00    0.00  898.91    0.00  767.09  866.37  721.72  954.67    0.00    0.00    0.00   17.32    0.95    0.00    0.02    0.02    0.00    0.00    0.00
  -4.010       0       0       0       0    0.00    0.04   74.96  131.42    0.62  224.46      -1      -1      -1       0   16.12  967.65    0.00  627.04    0.00    0.00    0.00    0.00 1012.87  154.63  229.51    0.00    0.00    0.00    0.00    0.00    0.01    0.00    0.00
  -4.000    1846       0       0       0    0.00    0.04   74.97  131.42    0.67  224.87      -1      -1      -1       0    0.00    0.00  898.92    0.00  766.17  865.99  720.98  954.59    0.00    0.00    0.00   18.06    0.93    0.00    0.00    0.02    0.00    0.00    0.00
  -3.990       0       0       0       0    0.00    0.04   75.26  131.42    0.60  225.78      -1      -1      -1       0   16.26  967.99    0.00  624.71    0.00    0.00    0.00    0.00 1012.37  154.63  229.19    0.00    0.00    0.00    0.00    0.00    0.01    0.00    0.00
  -3.980       0       0       0       0    0.00    0.04   75.75  131.42    0.60  226.49      -1      -1      -1       0    0.00    0.00  898.94    0.00  764.86  864.58  718.82  954.59    0.00    0.00    0.00   18.31    0.94    0.01    0.00    0.00    0.00    0.00    0.00
  -3.970       0       0       0       0    0.00    0.04   75.75  131.42    0.64  226.35      -1      -1      -1       0   16.23  968.16    0.00  623.44    0.00    0.00    0.00    0.00 1012.67  154.62  229.11    0.00    0.00    0.00    0.00    0.00    0.01    0.00    0.00
  -3.960    1846       0       0       0    0.00    0.04   75.32  131.42    0.66  224.85      -1      -1      -1       0    0.00    0.00  898.87    0.00  764.41  863.32  718.70  954.81    0.00    0.00    0.00   17.98    0.97    0.01    0.00    0.00    0.00    0.00    0.00
  -3.950       0       0       0       0    0.00    0.04   74.63  131.42    0.63  223.18      -1      -1      -1       0   16.15  968.39    0.00  623.17    0.00    0.00    0.00    0.00 1013.03  154.62  229.09    0.00    0.00    0.00    0.00    0.00    0.01    0.00    0.00
  -3.940       0       0       0       0    0.00    0.04   74.17  131.42    0.60  221.79      -1      -1      -1       0    0.00    0.00  898.38    0.00  764.06  861.89  718.24  955.30    0.00    0.00    0.00   17.83    0.98    0.01    0.01    0.00    0.00    0.00    0.00
  -3.930    1793       0       0       0    0.00    0.04   74.54  131.42    0.63  222.42      -1      -1      -1       0   16.12  968.47    0.00  623.32    0.00    0.00    0.00    0.00 1012.92  154.73  229.26    0.00    0.00    0.00    0.00    0.00    0.00    0.00    0.00
  -3.920       0       0       0       0    0.00    0.04   75.09  131.42    0.59  223.87      -1      -1      -1       0    0.00    0.00  897.82    0.00  763.24  861.35  717.71  955.42    0.00    0.00    0.00   17.92    0.97    0.01    0.01    0.01    0.00    0.00    0.00
  -3.910       0       0       0       0    0.00    0.04   75.52  131.42    0.58  225.04      -1      -1      -1       0   15.65  968.98    0.00  623.61    0.00    0.00    0.00    0.00 1013.18  154.93  229.48    0.00    0.00    0.00    0.00    0.00    0.00    0.00    0.00
  -3.900    1793       0       0       0    0.00    0.04   75.36  131.42    0.64  225.01      -1      -1      -1       0    0.00    0.00  898.06    0.00  761.87  860.95  717.48  955.59    0.00    0.00    0.00   17.95    0.92    0.01    0.01    0.01    0.00    0.00    0.00
  -3.890       0       0       0       0    0.00    0.04   75.13  131.42    0.70  224.36      -1      -1      -1       0   15.45  968.65    0.00  623.52    0.00    0.00    0.00    0.00 1013.28  155.26  229.62    0.00    0.00    0.00    0.00    0.00    0.01    0.00    0.00
  -3.880       0       0       0       0    0.00    0.03   74.55  131.42    0.67  223.54      -1      -1      -1       0    0.00    0.00  897.92    0.00  760.53  860.77  716.79  956.20    0.00    0.00    0.00   18.15    0.92    0.00    0.01    0.01    0.00    0.00    0.00
  -3.870       0       0       0       0    0.00    0.03   74.31  131.36    0.60  222.53      -1      -1      -1       0   15.77  968.69    0.00  623.54    0.00    0.00    0.00    0.00 1013.21  155.23  229.92    0.00    0.00    0.00    0.00    0.00    0.01    0.00    0.00
  -3.860    1793       0       0       0    0.00    0.04   74.67  131.35    0.61  222.28      -1      -1      -1       0    0.00    0.00  898.20    0.00  760.44  860.82  716.05  957.21    0.00    0.00    0.00   18.07    0.94    0.00    0.01    0.01    0.00    0.00    0.00
  -3.850       0       0       0       0    0.00    0.04   75.32  131.34    0.72  223.51      -1      -1      -1       0   15.83  969.15    0.00  623.16    0.00    0.00    0.00    0.00 1012.80  155.11  229.82    0.00    0.00    0.00    0.00    0.00    0.01    0.00    0.00
  -3.840       0       0       0       0    0.00    0.04   75.57  131.40    0.82  224.63      -1      -1      -1       0    0.00    0.00  898.80    0.00  760.60  860.71  716.17  957.99    0.00    0.00    0.00   18.05    0.96    0.01    0.00    0.02    0.00    0.00    0.00
  -3.830    1812       0       0       0    0.00    0.04   75.51  131.42    0.84  225.23      -1      -1      -1       0   16.26  969.26    0.00  623.13    0.00    0.00    0.00    0.00 1011.94  154.74  229.70    0.00    0.00    0.00    0.00    0.00    0.01    0.00    0.00
  -3.820       0       0       0       0    0.00    0.04   75.26  131.42    0.80  225.06      -1      -1      -1       0    0.00    0.00  898.98    0.00  760.44  860.75  716.58  958.34    0.00    0.00    0.00   18.50    0.95    0.00    0.00    0.01    0.00    0.00    0.00
  -3.810       0       0       0       0    0.00    0.04   74.91  131.42    0.78  225.18      -1      -1      -1       0   16.17  969.32    0.00  623.04    0.00    0.00    0.00    0.00 1010.88  154.71  229.33    0.00    0.00    0.00    0.00    0.00    0.02    0.00    0.00
  -3.800    1829       0       0       0    0.00    0.04   75.12  131.42    0.82  225.86      -1      -1      -1       0    0.00    0.00  899.61    0.00  760.24  861.16  716.40  958.09    0.00    0.00    0.00   18.28    0.95    0.01    0.01    0.00    0.00    0.00    0.00
  -3.790       0       0       0       0    0.00    0.04   75.81  131.42    0.86  226.84      -1      -1      -1       0   16.23  970.34    0.00  623.84    0.00    0.00    0.00    0.00 1010.49  154.70  229.41    0.00    0.00    0.00    0.00    0.00    0.02    0.00    0.00
  -3.780       0       0       0       0    0.00    0.04   76.51  131.42    0.78  227.08      -1      -1      -1       0    0.00    0.00  899.33    0.00  760.18  861.65  716.84  957.82    0.00    0.00    0.00   18.10    0.95    0.00    0.00    0.00    0.00    0.00    0.00
  -3.770    1889       0       0       0    0.00    0.04   76.36  131.47    0.76  226.66      -1      -1      -1       0   16.08  970.89    0.00  624.55    0.00    0.00    0.00    0.00 1010.77  154.75  229.52    0.00    0.00    0.00    0.00    0.00    0.00    0.00    0.00
  -3.760       0       0       0       0    0.00    0.04   75.77  131.49    0.75  225.42      -1      -1      -1       0    0.00    0.00  898.65    0.00  760.13  861.41  718.32  957.92    0.00    0.00    0.00   17.47    0.95    0.01    0.01    0.00    0.00    0.00    0.00
  -3.750       0       0       0       0    0.00    0.04   75.07  131.49    0.82  224.78      -1      -1      -1       0   16.06  971.21    0.00  625.92    0.00    0.00    0.00    0.00 1010.98  154.88  229.63    0.00    0.00    0.00    0.00    0.00    0.00    0.00    0.00
  -3.740       0       0       0       0    0.00    0.04   75.09  131.44    0.88  224.62      -1      -1      -1       0    0.00    0.00  898.46    0.00  759.78  861.55  720.02  957.90    0.00    0.00    0.00   17.57    0.94    0.02    0.01    0.01    0.00    0.00    0.00
  -3.730    1889       0       0       0    0.00    0.04   75.74  131.42    0.93  225.72      -1      -1      -1       0   15.70  970.93    0.00  626.79    0.00    0.00    0.00    0.00 1011.08  155.02  229.66    0.00    0.00    0.00    0.00    0.00    0.00    0.00    0.00
  -3.720       0       0       0       0    0.00    0.04   76.56  131.42    0.88  226.80      -1      -1      -1       0    0.00    0.00  898.97    0.00  759.49  861.25  720.21  958.72    0.00    0.00    0.00   17.99    0.94    0.02    0.01    0.01    0.00    0.00    0.00
  -3.710       0       0       0       0    0.00    0.04   76.66  131.42    0.80  227.23      -1      -1      -1       0   15.54  970.95    0.00  626.78    0.00    0.00    0.00    0.00 1011.70  155.34  229.76    0.00    0.00    0.00    0.00    0.00    0.01    0.00    0.00
  -3.700    1922       0       0       0    0.00    0.04   76.04  131.42    0.76  226.04      -1      -1      -1       0    0.00    0.00  898.84    0.00  758.01  860.60  720.14  959.64    0.00    0.00    0.00   18.23    0.95    0.00    0.02    0.01    0.00    0.00    0.00
  -3.690       0       0       0       0    0.00    0.04   75.37  131.48    0.82  225.10      -1      -1      -1       0   15.68  970.89    0.00  626.88    0.00    0.00    0.00    0.00 1012.29  155.25  230.21    0.00    0.00    0.00    0.00    0.00    0.01    0.00    0.00
  -3.680       0       0       0       0    0.00    0.04   75.20  131.54    0.93  224.54      -1      -1      -1       0    0.00    0.00  899.26    0.00  757.66  859.33  720.61  960.78    0.00    0.00    0.00   18.22    0.97    0.00    0.02    0.02    0.00    0.00    0.00
  -3.670    1922       0       0       0    0.00    0.04   75.90  131.62    0.91  225.53      -1      -1      -1       0   16.12  970.96    0.00  626.54    0.00    0.00    0.00    0.00 1012.02  155.06  230.15    0.00    0.00    0.00    0.00    0.00    0.01    0.00    0.00
  -3.660       0       0       0       0    0.00    0.04   76.75  131.63    0.84  226.92      -1      -1      -1       0    0.00    0.00  900.28    0.00  756.84  857.59  720.70  961.19    0.00    0.00    0.00   18.02    0.99    0.00    0.00    0.01    0.00    0.00    0.00
  -3.650       0       0       0       0    0.00    0.04   77.07  131.64    0.74  227.26      -1      -1      -1       0   16.30  970.92    0.00  626.66    0.00    0.00    0.00    0.00 1012.15  154.73  229.88    0.00    0.00    0.00    0.00    0.00    0.01    0.00    0.00
  -3.640    1922       0       0       0    0.00    0.04   76.53  131.64    0.75  226.05      -1      -1      -1       0    0.00    0.00  900.98    0.00  757.72  855.64  720.80  961.06    0.00    0.00    0.00   18.03    1.00    0.01    0.00    0.00    0.00    0.00    0.00
  -3.630       0       0       0       0    0.00    0.04   75.71  131.64    0.81  224.13      -1      -1      -1       0   16.21  970.91    0.00  626.52    0.00    0.00    0.00    0.00 1011.91  154.76  229.28    0.00    0.00    0.00    0.00    0.00    0.02    0.00    0.00
  -3.620       0       0       0       0    0.00    0.04   75.28  131.58    0.83  223.16      -1      -1      -1       0    0.00    0.00  901.33    0.00  757.90  854.45  720.78  960.90    0.00    0.00    0.00   18.17    1.02    0.01    0.00    0.00    0.00    0.00    0.00
  -3.610    1906       0       0       0    0.00    0.04   75.66  131.52    0.84  223.40      -1      -1      -1       0   16.28  970.91    0.00  626.58    0.00    0.00    0.00    0.00 1011.95  154.88  229.40    0.00    0.00    0.00    0.00    0.00    0.02    0.00    0.00
  -3.600       0       0       0       0    0.00    0.04   76.18  131.44    0.77  223.95      -1      -1      -1       0    0.00    0.00  900.93    0.00  758.33  853.82  720.76  960.25    0.00    0.00    0.00   17.94    1.00    0.00    0.01    0.01    0.00    0.00    0.00
  -3.590       0       0       0       0    0.00    0.04   76.27  131.43    0.63  223.44      -1      -1      -1       0   16.03  971.36    0.00  626.98    0.00    0.00    0.00    0.00 1011.88  154.91  229.43    0.00    0.00    0.00    0.00    0.00    0.00    0.00    0.00
  -3.580    1901       0       0       0    0.00    0.04   75.78  131.42    0.59  222.83      -1      -1      -1       0    0.00    0.00  900.91    0.00  758.46  853.46  720.34  958.93    0.00    0.00    0.00   17.10    0.97    0.01    0.01    0.01    0.00    0.00    0.00
  -3.570       0       0       0       0    0.00    0.04   75.40  131.42    0.63  221.86      -1      -1      -1       0   15.92  970.99    0.00  627.47    0.00    0.00    0.00    0.00 1012.31  154.91  229.52    0.00    0.00    0.00    0.00    0.00    0.00    0.00    0.00
  -3.560       0       0       0       0    0.00    0.04   75.04  131.42    0.70  221.14      -1      -1      -1       0    0.00    0.00  898.73    0.00  758.61  853.71  719.38  957.34    0.00    0.00    0.00   16.83    0.93    0.02    0.01    0.01    0.00    0.00    0.00
  -3.550    1877       0       0       0    0.00    0.04   75.08  131.42    0.67  220.63      -1      -1      -1       0   15.70  970.90    0.00  627.63    0.00    0.00    0.00    0.00 1012.34  155.03  229.46    0.00    0.00    0.00    0.00    0.00    0.00    0.00    0.00
  -3.540       0       0       0       0    0.00    0.03   75.39  131.42    0.70  221.48      -1      -1      -1       0    0.00    0.00  896.48    0.00  758.50  853.69  718.23  955.86    0.00    0.00    0.00   16.10    0.93    0.02    0.01    0.01    0.00    0.00    0.00
  -3.530       0       0       0       0    0.00    0.03   75.82  131.42    0.80  223.31      -1      -1      -1       0   15.50  971.00    0.00  627.84    0.00    0.00    0.00    0.00 1012.77  155.00  229.88    0.00    0.00    0.00    0.00    0.00    0.01    0.00    0.00
  -3.520       0       0       0       0    0.00    0.03   75.83  131.42    0.70  224.09      -1      -1      -1       0    0.00    0.00  893.37    0.00  757.71  853.68  716.91  955.69    0.00    0.00    0.00   16.45    0.93    0.00    0.02    0.01    0.00    0.00    0.00
  -3.510    1877       0       0       0    0.00    0.03   75.41  131.48    0.62  223.15      -1      -1      -1       0   15.86  970.57    0.00  627.70    0.00    0.00    0.00    0.00 1012.94  154.89  229.98    0.00    0.00    0.00    0.00    0.00    0.01    0.00    0.00
  -3.500       0       0       0       0    0.00    0.04   75.08  131.54    0.57  222.11      -1      -1      -1       0    0.00    0.00  891.84    0.00  757.59  853.21  715.06  955.36    0.00    0.00    0.00   16.46    0.94    0.00    0.02    0.02    0.00    0.00    0.00
  -3.490       0       0       0       0    0.00    0.04   74.93  131.62    0.67  221.52      -1      -1      -1       0   16.19  969.93    0.00  627.39    0.00    0.00    0.00    0.00 1012.80  154.63  229.92    0.00    0.00    0.00    0.00    0.00    0.01    0.00    0.00
  -3.480    1857       0       0       0    0.00    0.04   75.44  131.63    0.68  221.70      -1      -1      -1       0    0.00    0.00  892.27    0.00  757.42  853.16  713.98  955.42    0.00    0.00    0.00   17.45    0.94    0.00    0.00    0.02    0.00    0.00    0.00
  -3.470       0       0       0       0    0.00    0.04   75.80  131.64    0.60  222.07      -1      -1      -1       0   16.15  970.17    0.00  627.07    0.00    0.00    0.00    0.00 1012.45  154.57  229.56    0.00    0.00    0.00    0.00    0.00    0.01    0.00    0.00
  -3.460       0       0       0       0    0.00    0.04   75.89  131.64    0.61  221.84      -1      -1      -1       0    0.00    0.00  892.31    0.00  758.08  852.61  711.59  954.88    0.00    0.00    0.00   17.37    0.95    0.01    0.00    0.00    0.00    0.00    0.00
  -3.450    1857       0       0       0    0.00    0.04   75.46  131.58    0.65  220.97      -1      -1      -1       0   16.30  970.02    0.00  626.69    0.00    0.00    0.00    0.00 1012.47  154.67  229.38    0.00    0.00    0.00    0.00    0.00    0.02    0.00    0.00
  -3.440       0       0       0       0    0.00    0.04   75.06  131.52    0.69  219.78      -1      -1      -1       0    0.00    0.00  891.65    0.00  758.35  852.83  711.35  954.72    0.00    0.00    0.00   17.61    0.99    0.01    0.00    0.00    0.00    0.00    0.00
  -3.430       0       0       0       0    0.00    0.04   74.63  131.44    0.65  219.48      -1      -1      -1       0   16.12  969.47    0.00  626.54    0.00    0.00    0.00    0.00 1012.41  154.80  229.51    0.00    0.00    0.00    0.00    0.00    0.02    0.00    0.00
  -3.420    1857       0       0       0    0.00    0.04   74.85  131.43    0.68  220.86      -1      -1      -1       0    0.00    0.00  891.07    0.00  758.79  852.66  710.37  954.13    0.00    0.00    0.00   17.67    0.98    0.01    0.01    0.00    0.00    0.00    0.00
  -3.410       0       0       0       0    0.00    0.04   75.39  131.42    0.71  222.99      -1      -1      -1       0   16.03  969.64    0.00  626.59    0.00    0.00    0.00    0.00 1012.30  154.94  229.63    0.00    0.00    0.00    0.00    0.00    0.01    0.00    0.00
  -3.400       0       0       0       0    0.00    0.04   76.02  131.42    0.84  224.50      -1      -1      -1       0    0.00    0.00  890.91    0.00  758.94  853.45  710.07  954.33    0.00    0.00    0.00   18.21    0.97    0.01    0.01    0.01    0.00    0.00    0.00
  -3.390       0       0       0       0    0.00    0.04   75.94  131.42    0.79  224.39      -1      -1      -1       0   15.81  969.58    0.00  626.64    0.00    0.00    0.00    0.00 1012.65  154.98  229.83    0.00    0.00    0.00    0.00    0.00    0.01    0.00    0.00
  -3.380    1879       0       0       0    0.00    0.04   75.54  131.48    0.76  223.39      -1      -1      -1       0    0.00    0.00  889.74    0.00  759.05  855.09  709.76  954.18    0.00    0.00    0.00   18.22    0.93    0.01    0.01    0.01    0.00    0.00    0.00
  -3.370       0       0       0       0    0.00    0.04   75.11  131.49    0.70  222.65      -1      -1      -1       0   15.54  969.18    0.00  626.56    0.00    0.00    0.00    0.00 1012.70  155.10  229.89    0.00    0.00    0.00    0.00    0.00    0.00    0.00    0.00
  -3.360       0       0       0       0    0.00    0.04   75.13  131.49    0.72  222.31      -1      -1      -1       0    0.00    0.00  889.35    0.00  759.11  857.12  709.45  954.49    0.00    0.00    0.00   18.02    0.94    0.00    0.01    0.01    0.00    0.00    0.00
  -3.350    1879       0       0       0    0.00    0.04   75.75  131.38    0.66  222.22      -1      -1      -1       0   15.74  969.08    0.00  626.53    0.00    0.00    0.00    0.00 1012.74  155.02  230.16    0.00    0.00    0.00    0.00    0.00    0.01    0.00    0.00
  -3.340       0       0       0       0    0.00    0.04   76.33  131.41    0.65  223.01      -1      -1      -1       0    0.00    0.00  889.72    0.00  759.14  859.20  708.81  954.64    0.00    0.00    0.00   17.58    0.95    0.01    0.01    0.01    0.00    0.00    0.00
  -3.330       0       0       0       0    0.00    0.04   76.38  131.41    0.74  222.88      -1      -1      -1       0   15.99  969.22    0.00  625.18    0.00    0.00    0.00    0.00 1011.90  154.94  230.05    0.00    0.00    0.00    0.00    0.00    0.01    0.00    0.00
  -3.320    1879       0       0       0    0.00    0.04   75.94  131.53    0.79  222.04      -1      -1      -1       0    0.00    0.00  889.45    0.00  759.16  859.57  706.76  954.88    0.00    0.00    0.00   17.47    0.96    0.00    0.01    0.02    0.00    0.00    0.00
  -3.310       0       0       0       0    0.00    0.04   75.53  131.56    0.74  220.86      -1      -1      -1       0   16.21  969.13    0.00  623.03    0.00    0.00    0.00    0.00 1011.10  154.70  229.85    0.00    0.00    0.00    0.00    0.00    0.01    0.00    0.00
  -3.300       0       0       0       0    0.00    0.04   75.08  131.62    0.67  220.89      -1      -1      -1       0    0.00    0.00  889.16    0.00  759.17  859.61  705.71  954.96    0.00    0.00    0.00   18.35    0.95    0.00    0.01    0.02    0.00    0.00    0.00
  -3.290    1879       0       0       0    0.00    0.04   75.35  131.63    0.71  222.35      -1      -1      -1       0   16.23  969.49    0.00  620.93    0.00    0.00    0.00    0.00 1010.08  154.64  229.45    0.00    0.00    0.00    0.00    0.00    0.01    0.00    0.00
  -3.280       0       0       0       0    0.00    0.04   76.00  131.58    0.72  224.02      -1      -1      -1       0    0.00    0.00  889.94    0.00  760.07  859.43  703.32  954.93    0.00    0.00    0.00   18.38    0.96    0.01    0.00    0.01    0.00    0.00    0.00
  -3.270       0       0       0       0    0.00    0.04   76.65  131.52    0.64  224.43      -1      -1      -1       0   16.21  970.36    0.00  619.63    0.00    0.00    0.00    0.00 1010.17  154.68  229.44    0.00    0.00    0.00    0.00    0.00    0.01    0.00    0.00
  -3.260    1879       0       0       0    0.00    0.04   76.33  131.50    0.66  223.56      -1      -1      -1       0    0.00    0.00  889.16    0.00  760.71  859.21  702.63  954.90    0.00    0.00    0.00   18.52    0.95    0.01    0.00    0.00    0.00    0.00    0.00
  -3.250       0       0       0       0    0.00    0.04   75.60  131.49    0.69  221.56      -1      -1      -1       0   16.23  970.93    0.00  619.40    0.00    0.00    0.00    0.00 1010.37  154.75  229.53    0.00    0.00    0.00    0.00    0.00    0.00    0.00    0.00
  -3.240       0       0       0       0    0.00    0.04   74.99  131.49    0.72  220.74      -1      -1      -1       0    0.00    0.00  888.57    0.00  761.46  858.95  702.47  954.95    0.00    0.00    0.00   17.90    0.95    0.01    0.01    0.00    0.00    0.00    0.00
  -3.230       0       0       0       0    0.00    0.04   75.14  131.44    0.68  221.02      -1      -1      -1       0   15.94  971.22    0.00  619.09    0.00    0.00    0.00    0.00 1010.17  154.87  229.63    0.00    0.00    0.00    0.00    0.00    0.00    0.00    0.00
  -3.220    1879       0       0       0    0.00    0.04   75.66  131.42    0.75  222.71      -1      -1      -1       0    0.00    0.00  888.87    0.00  761.02  858.82  701.94  954.97    0.00    0.00    0.00   18.07    0.93    0.02    0.01    0.01    0.00    0.00    0.00
  -3.210       0       0       0       0    0.00    0.04   76.21  131.42    0.78  224.10      -1      -1      -1       0   15.81  971.39    0.00  619.45    0.00    0.00    0.00    0.00 1010.44  154.85  229.84    0.00    0.00    0.00    0.00    0.00    0.00    0.00    0.00
  -3.200       0       0       0       0    0.00    0.04   76.22  131.42    0.68  224.62      -1      -1      -1       0    0.00    0.00  889.72    0.00  760.93  858.93  701.26  954.97    0.00    0.00    0.00   17.52    0.93    0.02    0.01    0.01    0.00    0.00    0.00
  -3.190    1907       0       0       0    0.00    0.04   75.87  131.42    0.62  223.93      -1      -1      -1       0   15.59  971.50    0.00  618.96    0.00    0.00    0.00    0.00 1010.75  155.18  230.06    0.00    0.00    0.00    0.00    0.00    0.01    0.00    0.00
  -3.180       0       0       0       0    0.00    0.04   75.26  131.42    0.62  223.27      -1      -1      -1       0    0.00    0.00  889.67    0.00  759.75  859.28  701.02  955.46    0.00    0.00    0.00   17.32    0.93    0.00    0.01    0.01    0.00    0.00    0.00
  -3.170       0       0       0       0    0.00    0.04   75.01  131.48    0.75  222.14      -1      -1      -1       0   15.79  971.18    0.00  618.84    0.00    0.00    0.00    0.00 1010.87  155.16  230.55    0.00    0.00    0.00    0.00    0.00    0.01    0.00    0.00
  -3.160    1907       0       0       0    0.00    0.04   75.40  131.54    0.76  221.69      -1      -1      -1       0    0.00    0.00  890.47    0.00  758.66  859.64  700.83  955.59    0.00    0.00    0.00   17.34    0.95    0.00    0.01    0.01    0.00    0.00    0.00
  -3.150       0       0       0       0    0.00    0.04   76.11  131.62    0.88  222.07      -1      -1      -1       0   16.06  971.68    0.00  617.40    0.00    0.00    0.00    0.00 1010.72  155.09  230.41    0.00    0.00    0.00    0.00    0.00    0.01    0.00    0.00
  -3.140       0       0       0       0    0.00    0.04   76.29  131.63    0.80  222.49      -1      -1      -1       0    0.00    0.00  891.26    0.00  757.39  859.78  700.87  956.16    0.00    0.00    0.00   17.80    0.97    0.00    0.00    0.01    0.00    0.00    0.00
  -3.130    1901       0       0       0    0.00    0.04   75.92  131.64    0.66  222.10      -1      -1      -1       0   16.30  971.32    0.00  616.16    0.00    0.00    0.00    0.00 1010.83  154.74  230.12    0.00    0.00    0.00    0.00    0.00    0.01    0.00    0.00
  -3.120       0       0       0       0    0.00    0.04   75.50  131.64    0.56  221.04      -1      -1      -1       0    0.00    0.00  891.11    0.00  757.37  859.94  700.92  955.93    0.00    0.00    0.00   18.31    0.97    0.01    0.00    0.00    0.00    0.00    0.00
  -3.110       0       0       0       0    0.00    0.04   75.13  131.64    0.62  220.77      -1      -1      -1       0   16.15  971.14    0.00  613.95    0.00    0.00    0.00    0.00 1010.91  154.76  229.61    0.00    0.00    0.00    0.00    0.00    0.02    0.00    0.00
  -3.100    1901       0       0       0    0.00    0.04   75.46  131.58    0.65  222.00      -1      -1      -1       0    0.00    0.00  891.83    0.00  757.46  860.53  701.31  955.65    0.00    0.00    0.00   17.98    0.99    0.01    0.00    0.00    0.00    0.00    0.00
  -3.090       0       0       0       0    0.00    0.04   76.03  131.52    0.67  223.12      -1      -1      -1       0   16.26  971.23    0.00  612.81    0.00    0.00    0.00    0.00 1010.95  154.88  229.74    0.00    0.00    0.00    0.00    0.00    0.02    0.00    0.00
  -3.080       0       0       0       0    0.00    0.04   76.53  131.44    0.78  223.07      -1      -1      -1       0    0.00    0.00  891.79    0.00  757.56  861.15  702.22  954.57    0.00    0.00    0.00   17.57    0.98    0.00    0.01    0.01    0.00    0.00    0.00
  -3.070    1901       0       0       0    0.00    0.04   76.17  131.48    0.81  221.93      -1      -1      -1       0   16.06  971.69    0.00  612.14    0.00    0.00    0.00    0.00 1010.96  154.96  229.86    0.00    0.00    0.00    0.00    0.00    0.01    0.00    0.00
  -3.060       0       0       0       0    0.00    0.04   75.62  131.49    0.75  220.67      -1      -1      -1       0    0.00    0.00  891.16    0.00  757.79  860.98  704.24  953.47    0.00    0.00    0.00   16.94    0.96    0.01    0.01    0.01    0.00    0.00    0.00
  -3.050       0       0       0       0    0.00    0.04   75.07  131.49    0.65  220.19      -1      -1      -1       0   15.97  971.70    0.00  611.78    0.00    0.00    0.00    0.00 1011.01  154.98  229.98    0.00    0.00    0.00    0.00    0.00    0.00    0.00    0.00
  -3.040       0       0       0       0    0.00    0.04   75.15  131.44    0.64  220.39      -1      -1      -1       0    0.00    0.00  891.14    0.00  757.87  862.09  706.17  952.41    0.00    0.00    0.00   16.92    0.93    0.02    0.01    0.01    0.00    0.00    0.00
  -3.030    1900       0       0       0    0.00    0.04   75.63  131.42    0.66  221.58      -1      -1      -1       0   15.63  971.77    0.00  611.57    0.00    0.00    0.00    0.00 1011.04  155.10  229.92    0.00    0.00    0.00    0.00    0.00    0.00    0.00    0.00
  -3.020       0       0       0       0    0.00    0.04   76.20  131.42    0.58  222.85      -1      -1      -1       0    0.00    0.00  892.04    0.00  758.77  863.21  706.51  952.43    0.00    0.00    0.00   17.17    0.94    0.02    0.01    0.00    0.00    0.00    0.00
  -3.010       0       0       0       0    0.00    0.04   76.18  131.42    0.62  222.68      -1      -1      -1       0   15.56  972.27    0.00  610.87    0.00    0.00    0.00    0.00 1011.07  155.02  230.17    0.00    0.00    0.00    0.00    0.00    0.01    0.00    0.00
  -3.000    1900       0       0       0    0.00    0.04   75.79  131.36    0.65  221.02      -1      -1      -1       0    0.00    0.00  892.08    0.00  759.01  864.07  708.32  952.80    0.00    0.00    0.00   17.63    0.95    0.00    0.02    0.01    0.00    0.00    0.00
  -2.990       0       0       0       0    0.00    0.04   75.40  131.40    0.66  220.44      -1      -1      -1       0   15.83  972.39    0.00  609.71    0.00    0.00    0.00    0.00 1011.09  154.89  230.49    0.00    0.00    0.00    0.00    0.00    0.01    0.00    0.00
  -2.980       0       0       0       0    0.00    0.04   75.30  131.47    0.66  220.78      -1      -1      -1       0    0.00    0.00  892.77    0.00  759.70  864.47  709.20  952.75    0.00    0.00    0.00   18.20    0.96    0.00    0.02    0.02    0.00    0.00    0.00
  -2.970    1883       0       0       0    0.00    0.04   75.73  131.60    0.74  222.00      -1      -1      -1       0   16.19  972.53    0.00  608.40    0.00    0.00    0.00    0.00 1010.67  154.64  230.39    0.00    0.00    0.00    0.00    0.00    0.01    0.00    0.00
  -2.960       0       0       0       0    0.00    0.04   76.13  131.63    0.81  222.47      -1      -1      -1       0    0.00    0.00  893.99    0.00  760.52  865.17  709.74  952.81    0.00    0.00    0.00   18.21    0.96    0.00    0.00    0.02    0.00    0.00    0.00
  -2.950       0       0       0       0    0.00    0.04   76.20  131.64    0.67  222.10      -1      -1      -1       0   16.26  972.68    0.00  608.22    0.00    0.00    0.00    0.00 1010.15  154.57  230.02    0.00    0.00    0.00    0.00    0.00    0.01    0.00    0.00
  -2.940    1883       0       0       0    0.00    0.04   75.76  131.64    0.52  221.19      -1      -1      -1       0    0.00    0.00  894.83    0.00  761.35  864.94  710.21  952.83    0.00    0.00    0.00   17.88    0.97    0.01    0.00    0.00    0.00    0.00    0.00
  -2.930       0       0       0       0    0.00    0.04   75.46  131.58    0.51  219.83      -1      -1      -1       0   16.35  972.90    0.00  607.69    0.00    0.00    0.00    0.00 1010.88  154.61  229.58    0.00    0.00    0.00    0.00    0.00    0.02    0.00    0.00
  -2.920       0       0       0       0    0.00    0.04   75.06  131.52    0.63  219.17      -1      -1      -1       0    0.00    0.00  894.79    0.00  762.13  865.03  711.12  952.82    0.00    0.00    0.00   17.74    1.00    0.01    0.00    0.00    0.00    0.00    0.00
  -2.910    1883       0       0       0    0.00    0.04   75.12  131.44    0.67  219.97      -1      -1      -1       0   16.06  972.98    0.00  608.46    0.00    0.00    0.00    0.00 1010.84  154.73  229.65    0.00    0.00    0.00    0.00    0.00    0.02    0.00    0.00
  -2.900       0       0       0       0    0.00    0.04   75.56  131.43    0.66  221.64      -1      -1      -1       0    0.00    0.00  894.95    0.00  762.45  865.05  710.97  952.81    0.00    0.00    0.00   17.38    0.99    0.01    0.00    0.00    0.00    0.00    0.00
  -2.890       0       0       0       0    0.00    0.04   76.12  131.42    0.76  223.02      -1      -1      -1       0   16.12  973.49    0.00  608.79    0.00    0.00    0.00    0.00 1010.78  154.82  229.84    0.00    0.00    0.00    0.00    0.00    0.00    0.00    0.00
  -2.880       0       0       0       0    0.00    0.04   76.10  131.42    0.81  222.72      -1      -1      -1       0    0.00    0.00  895.08    0.00  762.68  865.06  710.79  952.82    0.00    0.00    0.00   17.03    0.98    0.01    0.01    0.01    0.00    0.00    0.00
  -2.870    1883       0       0       0    0.00    0.04   75.61  131.42    0.76  221.51      -1      -1      -1       0   15.81  973.56    0.00  608.88    0.00    0.00    0.00    0.00 1011.06  154.95  229.97    0.00    0.00    0.00    0.00    0.00    0.00    0.00    0.00
  -2.860       0       0       0       0    0.00    0.04   75.09  131.42    0.69  220.73      -1      -1      -1       0    0.00    0.00  895.24    0.00  762.92  865.04  711.00  952.82    0.00    0.00    0.00   17.13    0.95    0.01    0.01    0.01    0.00    0.00    0.00
  -2.850       0       0       0       0    0.00    0.04   75.00  131.42    0.68  220.53      -1      -1      -1       0   15.45  973.21    0.00  609.00    0.00    0.00    0.00    0.00 1011.11  155.21  230.10    0.00    0.00    0.00    0.00    0.00    0.00    0.00    0.00
  -2.840    1883       0       0       0    0.00    0.04   75.62  131.42    0.68  221.13      -1      -1      -1       0    0.00    0.00  895.77    0.00  763.33  865.49  710.25  953.72    0.00    0.00    0.00   17.68    0.96    0.00    0.01    0.01    0.00    0.00    0.00
  -2.830       0       0       0       0    0.00    0.04   76.30  131.36    0.60  222.09      -1      -1      -1       0   15.65  973.27    0.00  608.69    0.00    0.00    0.00    0.00 1011.16  155.27  230.39    0.00    0.00    0.00    0.00    0.00    0.01    0.00    0.00
  -2.820       0       0       0       0    0.00    0.04   76.40  131.40    0.61  222.33      -1      -1      -1       0    0.00    0.00  896.73    0.00  763.46  865.58  709.81  954.36    0.00    0.00    0.00   18.28    0.96    0.00    0.02    0.00    0.00    0.00    0.00
  -2.810    1883       0       0       0    0.00    0.04   76.01  131.47    0.70  221.90      -1      -1      -1       0   16.01  973.78    0.00  608.14    0.00    0.00    0.00    0.00 1011.10  155.12  230.28    0.00    0.00    0.00    0.00    0.00    0.01    0.00    0.00
  -2.800       0       0       0       0    0.00    0.04   75.49  131.60    0.77  220.82      -1      -1      -1       0    0.00    0.00  898.22    0.00  763.57  865.24  710.30  955.57    0.00    0.00    0.00   18.30    0.96    0.00    0.02    0.02    0.00    0.00    0.00
  -2.790       0       0       0       0    0.00    0.04   75.03  131.63    0.70  220.39      -1      -1      -1       0   16.12  973.83    0.00  607.90    0.00    0.00    0.00    0.00 1010.71  154.75  230.00    0.00    0.00    0.00    0.00    0.00    0.01    0.00    0.00
  -2.780    1883       0       0       0    0.00    0.04   75.21  131.64    0.70  220.61      -1      -1      -1       0    0.00    0.00  899.62    0.00  763.61  865.27  710.65  955.94    0.00    0.00    0.00   18.10    0.97    0.00    0.00    0.01    0.00    0.00    0.00
  -2.770       0       0       0       0    0.00    0.04   75.87  131.64    0.74  221.80      -1      -1      -1       0   16.35  974.32    0.00  607.74    0.00    0.00    0.00    0.00 1010.24  154.77  229.49    0.00    0.00    0.00    0.00    0.00    0.01    0.00    0.00
  -2.760       0       0       0       0    0.00    0.04   76.55  131.64    0.65  222.74      -1      -1      -1       0    0.00    0.00  901.10    0.00  764.09  865.32  711.03  955.81    0.00    0.00    0.00   17.79    0.98    0.01    0.00    0.00    0.00    0.00    0.00
  -2.750    1887       0       0       0    0.00    0.04   76.40  131.58    0.62  223.46      -1      -1      -1       0   16.21  974.85    0.00  607.62    0.00    0.00    0.00    0.00 1010.47  154.88  229.36    0.00    0.00    0.00    0.00    0.00    0.01    0.00    0.00
  -2.740       0       0       0       0    0.00    0.04   75.88  131.52    0.63  222.67      -1      -1      -1       0    0.00    0.00  900.66    0.00  764.20  865.29  712.05  955.95    0.00    0.00    0.00   17.52    0.99    0.01    0.00    0.00    0.00    0.00    0.00
  -2.730       0       0       0       0    0.00    0.04   75.19  131.44    0.69  221.50      -1      -1      -1       0   16.26  975.50    0.00  607.49    0.00    0.00    0.00    0.00 1010.33  155.02  229.59    0.00    0.00    0.00    0.00    0.00    0.00    0.00    0.00
  -2.720    1887       0       0       0    0.00    0.04   75.09  131.43    0.75  220.56      -1      -1      -1       0    0.00    0.00  900.13    0.00  764.30  865.23  713.55  956.48    0.00    0.00    0.00   17.19    0.97    0.01    0.01    0.00    0.00    0.00    0.00
  -2.710       0       0       0       0    0.00    0.04   75.45  131.42    0.81  221.14      -1      -1      -1       0   16.03  976.19    0.00  607.36    0.00    0.00    0.00    0.00 1011.08  155.00  229.83    0.00    0.00    0.00    0.00    0.00    0.00    0.00    0.00
  -2.700       0       0       0       0    0.00    0.04   76.06  131.42    0.81  222.09      -1      -1      -1       0    0.00    0.00  900.96    0.00  763.98  866.13  714.50  956.61    0.00    0.00    0.00   17.70    0.95    0.01    0.01    0.01    0.00    0.00    0.00
  -2.690       0       0       0       0    0.00    0.04   76.09  131.42    0.63  222.01      -1      -1      -1       0   15.74  976.35    0.00  607.25    0.00    0.00    0.00    0.00 1011.83  155.05  230.06    0.00    0.00    0.00    0.00    0.00    0.00    0.00    0.00
  -2.680    1887       0       0       0    0.00    0.04   75.67  131.48    0.54  220.69      -1      -1      -1       0    0.00    0.00  901.23    0.00  763.48  866.70  714.54  956.74    0.00    0.00    0.00   18.15    0.94    0.01    0.01    0.01    0.00    0.00    0.00
  -2.670       0       0       0       0    0.00    0.03   75.21  131.54    0.55  219.87      -1      -1      -1       0   15.63  976.10    0.00  606.84    0.00    0.00    0.00    0.00 1012.32  155.40  230.12    0.00    0.00    0.00    0.00    0.00    0.00    0.00    0.00
  -2.660       0       0       0       0    0.00    0.03   74.93  131.56    0.63  219.50      -1      -1      -1       0    0.00    0.00  901.25    0.00  761.00  867.83  714.63  957.52    0.00    0.00    0.00   18.79    0.94    0.01    0.01    0.01    0.00    0.00    0.00
  -2.650    1883       0       0       0    0.00    0.03   75.34  131.57    0.59  220.06      -1      -1      -1       0   15.79  975.90    0.00  605.81    0.00    0.00    0.00    0.00 1012.56  155.43  230.57    0.00    0.00    0.00    0.00    0.00    0.01    0.00    0.00
  -2.640       0       0       0       0    0.00    0.04   75.81  131.57    0.64  221.17      -1      -1      -1       0    0.00    0.00  902.01    0.00  759.05  868.17  714.27  958.16    0.00    0.00    0.00   18.23    0.96    0.00    0.01    0.01    0.00    0.00    0.00
  -2.630       0       0       0       0    0.00    0.04   76.12  131.62    0.79  221.78      -1      -1      -1       0   15.94  975.98    0.00  604.60    0.00    0.00    0.00    0.00 1012.35  155.27  230.59    0.00    0.00    0.00    0.00    0.00    0.01    0.00    0.00
  -2.620    1883       0       0       0    0.00    0.04   75.71  131.64    0.81  221.11      -1      -1      -1       0    0.00    0.00  902.63    0.00  757.72  867.90  713.42  959.34    0.00    0.00    0.00   17.69    0.96    0.00    0.00    0.01    0.00    0.00    0.00
  -2.610       0       0       0       0    0.00    0.04   75.35  131.64    0.73  219.49      -1      -1      -1       0   16.30  975.74    0.00  604.97    0.00    0.00    0.00    0.00 1012.09  154.79  230.42    0.00    0.00    0.00    0.00    0.00    0.01    0.00    0.00
  -2.600       0       0       0       0    0.00    0.04   74.96  131.64    0.65  218.43      -1      -1      -1       0    0.00    0.00  902.91    0.00  758.41  868.14  712.67  959.29    0.00    0.00    0.00   17.56    0.96    0.01    0.00    0.01    0.00    0.00    0.00
  -2.590    1867       0       0       0    0.00    0.04   75.13  131.64    0.71  219.30      -1      -1      -1       0   16.15  975.67    0.00  603.70    0.00    0.00    0.00    0.00 1011.91  154.72  229.86    0.00    0.00    0.00    0.00    0.00    0.01    0.00    0.00
  -2.580       0       0       0       0    0.00    0.04   75.46  131.58    0.75  220.82      -1      -1      -1       0    0.00    0.00  903.09    0.00  758.26  868.65  711.00  958.78    0.00    0.00    0.00   17.14    0.97    0.01    0.00    0.00    0.00    0.00    0.00
  -2.570       0       0       0       0    0.00    0.04   75.90  131.57    0.65  222.01      -1      -1      -1       0   16.26  975.73    0.00  603.27    0.00    0.00    0.00    0.00 1012.06  154.70  229.80    0.00    0.00    0.00    0.00    0.00    0.01    0.00    0.00
  -2.560       0       0       0       0    0.00    0.04   75.82  131.51    0.55  221.66      -1      -1      -1       0    0.00    0.00  903.05    0.00  758.07  868.80  710.52  959.03    0.00    0.00    0.00   16.64    0.97    0.01    0.00    0.00    0.00    0.00    0.00
  -2.550    1867       0       0       0    0.00    0.04   75.41  131.55    0.57  220.44      -1      -1      -1       0   15.97  976.14    0.00  602.93    0.00    0.00    0.00    0.00 1011.96  154.87  229.97    0.00    0.00    0.00    0.00    0.00    0.00    0.00    0.00
  -2.540       0       0       0       0    0.00    0.04   74.95  131.51    0.62  219.16      -1      -1      -1       0    0.00    0.00  902.99    0.00  757.43  868.92  710.09  959.21    0.00    0.00    0.00   16.25    0.96    0.01    0.01    0.00    0.00    0.00    0.00
  -2.530       0       0       0       0    0.00    0.04   74.83  131.50    0.70  218.03      -1      -1      -1       0   15.99  976.18    0.00  602.14    0.00    0.00    0.00    0.00 1012.78  154.80  230.18    0.00    0.00    0.00    0.00    0.00    0.00    0.00    0.00
  -2.520    1848       0       0       0    0.00    0.04   75.29  131.49    0.66  218.23      -1      -1      -1       0    0.00    0.00  903.07    0.00  756.62  869.71  709.73  959.18    0.00    0.00    0.00   16.54    0.92    0.02    0.01    0.01    0.00    0.00    0.00
  -2.510       0       0       0       0    0.00    0.04   75.73  131.49    0.64  219.91      -1      -1      -1       0   15.54  976.27    0.00  601.83    0.00    0.00    0.00    0.00 1013.72  154.95  230.32    0.00    0.00    0.00    0.00    0.00    0.01    0.00    0.00
  -2.500       0       0       0       0    0.00    0.04   75.81  131.49    0.72  220.97      -1      -1      -1       0    0.00    0.00  903.10    0.00  754.71  870.79  708.85  959.32    0.00    0.00    0.00   16.95    0.91    0.02    0.01    0.01    0.00    0.00    0.00
  -2.490    1848       0       0       0    0.00    0.04   75.47  131.44    0.78  220.75      -1      -1      -1       0   15.41  976.39    0.00  601.09    0.00    0.00    0.00    0.00 1014.07  155.15  230.27    0.00    0.00    0.00    0.00    0.00    0.01    0.00    0.00
  -2.480       0       0       0       0    0.00    0.04   75.19  131.37    0.71  219.40      -1      -1      -1       0    0.00    0.00  903.10    0.00  753.72  871.61  708.60  959.46    0.00    0.00    0.00   17.24    0.92    0.00    0.02    0.01    0.00    0.00    0.00
  -2.470       0       0       0       0    0.00    0.04   74.96  131.40    0.62  219.06      -1      -1      -1       0   15.92  976.07    0.00  600.25    0.00    0.00    0.00    0.00 1014.47  155.20  230.61    0.00    0.00    0.00    0.00    0.00    0.01    0.00    0.00
  -2.460    1848       0       0       0    0.00    0.04   75.19  131.47    0.68  219.46      -1      -1      -1       0    0.00    0.00  903.62    0.00  754.43  871.58  707.47  959.51    0.00    0.00    0.00   17.45    0.93    0.01    0.02    0.01    0.00    0.00    0.00
  -2.450       0       0       0       0    0.00    0.04   75.54  131.60    0.83  220.54      -1      -1      -1       0   16.01  976.05    0.00  599.87    0.00    0.00    0.00    0.00 1014.18  155.10  230.51    0.00    0.00    0.00    0.00    0.00    0.01    0.00    0.00
  -2.440       0       0       0       0    0.00    0.04   75.89  131.63    0.82  221.45      -1      -1      -1       0    0.00    0.00  904.22    0.00  753.09  871.09  705.69  959.55    0.00    0.00    0.00   17.56    0.94    0.00    0.00    0.01    0.00    0.00    0.00
  -2.430       0       0       0       0    0.00    0.04   75.82  131.64    0.65  221.68      -1      -1      -1       0   16.32  976.03    0.00  600.41    0.00    0.00    0.00    0.00 1014.02  154.80  230.49    0.00    0.00    0.00    0.00    0.00    0.01    0.00    0.00
  -2.420    1848       0       0       0    0.00    0.04   75.41  131.64    0.61  220.28      -1      -1      -1       0    0.00    0.00  904.45    0.00  752.76  870.92  704.81  960.02    0.00    0.00    0.00   17.53    0.94    0.01    0.00    0.00    0.00    0.00    0.00
  -2.410       0       0       0       0    0.00    0.04   74.95  131.64    0.64  218.64      -1      -1      -1       0   16.17  976.88    0.00  600.18    0.00    0.00    0.00    0.00 1013.46  154.83  229.96    0.00    0.00    0.00    0.00    0.00    0.02    0.00    0.00
  -2.400       0       0       0       0    0.00    0.04   74.54  131.58    0.74  217.25      -1      -1      -1       0    0.00    0.00  904.68    0.00  752.88  870.94  704.73  960.12    0.00    0.00    0.00   17.65    0.97    0.01    0.00    0.00    0.00    0.00    0.00
  -2.390    1818       0       0       0    0.00    0.04   74.86  131.57    0.73  218.04      -1      -1      -1       0   16.23  977.74    0.00  600.45    0.00    0.00    0.00    0.00 1013.34  154.79  229.92    0.00    0.00    0.00    0.00    0.00    0.02    0.00    0.00
  -2.380       0       0       0       0    0.00    0.04   75.23  131.57    0.61  219.70      -1      -1      -1       0    0.00    0.00  904.51    0.00  752.72  870.81  704.65  959.78    0.00    0.00    0.00   17.82    0.97    0.01    0.01    0.00    0.00    0.00    0.00
  -2.370       0       0       0       0    0.00    0.04   75.59  131.62    0.48  220.76      -1      -1      -1       0   15.90  979.29    0.00  600.49    0.00    0.00    0.00    0.00 1013.09  154.83  229.91    0.00    0.00    0.00    0.00    0.00    0.00    0.00    0.00
  -2.360    1818       0       0       0    0.00    0.04   75.45  131.58    0.52  220.70      -1      -1      -1       0    0.00    0.00  904.23    0.00  752.64  870.66  704.44  960.27    0.00    0.00    0.00   17.79    0.96    0.01    0.01    0.01    0.00    0.00    0.00
  -2.350       0       0       0       0    0.00    0.04   75.38  131.52    0.64  220.36      -1      -1      -1       0   15.90  978.73    0.00  600.89    0.00    0.00    0.00    0.00 1013.43  154.90  229.99    0.00    0.00    0.00    0.00    0.00    0.00    0.00    0.00
  -2.340       0       0       0       0    0.00    0.04   75.07  131.44    0.72  220.60      -1      -1      -1       0    0.00    0.00  903.96    0.00  752.59  871.02  704.75  960.40    0.00    0.00    0.00   18.04    0.92    0.01    0.01    0.01    0.00    0.00    0.00
  -2.330       0       0       0       0    0.00    0.04   75.25  131.43    0.71  221.47      -1      -1      -1       0   15.54  978.65    0.00  600.71    0.00    0.00    0.00    0.00 1012.94  155.19  230.10    0.00    0.00    0.00    0.00    0.00    0.00    0.00    0.00
  -2.320    1824       0       0       0    0.00    0.03   75.72  131.42    0.79  222.17      -1      -1      -1       0    0.00    0.00  904.13    0.00  752.56  871.71  704.74  960.93    0.00    0.00    0.00   18.11    0.94    0.01    0.01    0.01    0.00    0.00    0.00
  -2.310       0       0       0       0    0.00    0.04   76.22  131.36    0.92  222.83      -1      -1      -1       0   15.45  978.85    0.00  600.36    0.00    0.00    0.00    0.00 1012.84  155.16  230.39    0.00    0.00    0.00    0.00    0.00    0.01    0.00    0.00
  -2.300       0       0       0       0    0.00    0.03   76.25  131.40    0.86  222.51      -1      -1      -1       0    0.00    0.00  904.03    0.00  752.59  872.77  704.74  961.51    0.00    0.00    0.00   17.99    0.95    0.00    0.03    0.01    0.00    0.00    0.00
  -2.290    1910       0       0       0    0.00    0.04   75.97  131.47    0.79  221.95      -1      -1      -1       0   16.01  979.08    0.00  600.35    0.00    0.00    0.00    0.00 1012.74  154.98  230.37    0.00    0.00    0.00    0.00    0.00    0.01    0.00    0.00
  -2.280       0       0       0       0    0.00    0.04   75.54  131.60    0.74  221.81      -1      -1      -1       0    0.00    0.00  904.83    0.00  753.01  872.71  705.35  962.04    0.00    0.00    0.00   17.96    0.98    0.00    0.02    0.02    0.00    0.00    0.00
  -2.270       0       0       0       0    0.00    0.05   75.37  131.63    0.83  222.42      -1      -1      -1       0   16.21  979.03    0.00  600.77    0.00    0.00    0.00    0.00 1011.81  154.66  230.19    0.00    0.00    0.00    0.00    0.00    0.01    0.00    0.00
  -2.260    1919       0       0       0    0.00    0.05   75.88  131.64    0.90  223.06      -1      -1      -1       0    0.00    0.00  905.27    0.00  753.08  873.51  706.45  962.27    0.00    0.00    0.00   18.61    0.98    0.01    0.00    0.02    0.00    0.00    0.00
  -2.250       0       0       0       0    0.00    0.05   76.59  131.64    1.00  223.70      -1      -1      -1       0   16.21  979.34    0.00  600.75    0.00    0.00    0.00    0.00 1010.84  154.69  229.89    0.00    0.00    0.00    0.00    0.00    0.01    0.00    0.00
  -2.240       0       0       0       0    0.00    0.05   76.93  131.64    0.91  223.87      -1      -1      -1       0    0.00    0.00  905.80    0.00  754.96  873.85  706.79  961.90    0.00    0.00    0.00   19.03    1.00    0.01    0.01    0.00    0.00    0.00    0.00
  -2.230    1963       0       0       0    0.00    0.05   76.59  131.64    0.77  223.91      -1      -1      -1       0   16.30  980.05    0.00  601.00    0.00    0.00    0.00    0.00 1011.18  154.80  229.90    0.00    0.00    0.00    0.00    0.00    0.01    0.00    0.00
  -2.220       0       0       0       0    0.00    0.04   76.12  131.58    0.64  223.92      -1      -1      -1       0    0.00    0.00  905.40    0.00  757.56  874.08  708.43  961.89    0.00    0.00    0.00   18.81    1.01    0.01    0.01    0.01    0.00    0.00    0.00
  -2.210       0       0       0       0    0.00    0.04   75.68  131.57    0.83  224.24      -1      -1      -1       0   16.15  980.69    0.00  601.28    0.00    0.00    0.00    0.00 1011.14  154.94  230.08    0.00    0.00    0.00    0.00    0.00    0.00    0.00    0.00
  -2.200    1963       0       0       0    0.00    0.04   75.89  131.57    0.98  225.14      -1      -1      -1       0    0.00    0.00  905.32    0.00  760.26  874.35  709.28  961.90    0.00    0.00    0.00   18.04    1.01    0.01    0.01    0.01    0.00    0.00    0.00
  -2.190       0       0       0       0    0.00    0.04   76.36  131.57    0.91  225.36      -1      -1      -1       0   15.88  981.41    0.00  601.39    0.00    0.00    0.00    0.00 1011.72  154.98  230.03    0.00    0.00    0.00    0.00    0.00    0.00    0.00    0.00
  -2.180       0       0       0       0    0.00    0.04   76.74  131.57    0.81  224.28      -1      -1      -1       0    0.00    0.00  905.42    0.00  760.42  875.45  709.21  961.88    0.00    0.00    0.00   17.84    1.00    0.02    0.01    0.01    0.00    0.00    0.00
  -2.170    1963       0       0       0    0.00    0.04   76.45  131.57    0.71  222.39      -1      -1      -1       0   15.74  981.28    0.00  601.46    0.00    0.00    0.00    0.00 1012.26  154.99  230.11    0.00    0.00    0.00    0.00    0.00    0.00    0.00    0.00
  -2.160       0       0       0       0    0.00    0.04   75.92  131.57    0.79  221.43      -1      -1      -1       0    0.00    0.00  905.50    0.00  760.67  876.63  708.79  961.41    0.00    0.00    0.00   17.99    0.97    0.02    0.01    0.01    0.00    0.00    0.00
  -2.150       0       0       0       0    0.00    0.04   75.40  131.51    0.76  221.35      -1      -1      -1       0   15.61  981.11    0.00  601.45    0.00    0.00    0.00    0.00 1012.49  155.16  230.22    0.00    0.00    0.00    0.00    0.00    0.00    0.00    0.00
  -2.140    1930       0       0       0    0.00    0.04   75.53  131.44    0.67  221.82      -1      -1      -1       0    0.00    0.00  905.89    0.00  761.29  877.98  708.62  961.31    0.00    0.00    0.00   17.77    0.97    0.00    0.00    0.01    0.00    0.00    0.00
  -2.130       0       0       0       0    0.00    0.04   75.92  131.48    0.56  221.62      -1      -1      -1       0   15.79  981.32    0.00  601.43    0.00    0.00    0.00    0.00 1012.75  155.09  230.76    0.00    0.00    0.00    0.00    0.00    0.01    0.00    0.00
  -2.120       0       0       0       0    0.00    0.04   76.18  131.55    0.57  220.75      -1      -1      -1       0    0.00    0.00  906.48    0.00  761.95  878.49  707.83  960.30    0.00    0.00    0.00   17.25    0.96    0.00    0.01    0.01    0.00    0.00    0.00
  -2.110    1928       0       0       0    0.00    0.04   75.72  131.62    0.67  219.24      -1      -1      -1       0   16.03  981.00    0.00  599.59    0.00    0.00    0.00    0.00 1012.57  154.97  230.73    0.00    0.00    0.00    0.00    0.00    0.01    0.00    0.00
  -2.100       0       0       0       0    0.00    0.04   75.19  131.63    0.71  217.89      -1      -1      -1       0    0.00    0.00  907.15    0.00  762.25  878.03  705.92  958.64    0.00    0.00    0.00   17.06    0.96    0.00    0.00    0.01    0.00    0.00    0.00
  -2.090       0       0       0       0    0.00    0.04   74.83  131.64    0.61  217.39      -1      -1      -1       0   16.26  980.62    0.00  597.85    0.00    0.00    0.00    0.00 1011.84  154.65  230.46    0.00    0.00    0.00    0.00    0.00    0.01    0.00    0.00
  -2.080    1830       0       0       0    0.00    0.04   75.00  131.64    0.58  218.40      -1      -1      -1       0    0.00    0.00  907.41    0.00  763.50  877.93  704.93  955.94    0.00    0.00    0.00   16.88    0.96    0.01    0.00    0.01    0.00    0.00    0.00
  -2.070       0       0       0       0    0.00    0.04   75.23  131.64    0.64  219.46      -1      -1      -1       0   16.19  980.78    0.00  595.30    0.00    0.00    0.00    0.00 1010.58  154.69  229.87    0.00    0.00    0.00    0.00    0.00    0.00    0.00    0.00
  -2.060       0       0       0       0    0.00    0.04   75.49  131.58    0.74  220.05      -1      -1      -1       0    0.00    0.00  907.59    0.00  763.91  876.39  702.55  953.27    0.00    0.00    0.00   17.36    0.97    0.01    0.00    0.00    0.00    0.00    0.00
  -2.050       0       0       0       0    0.00    0.04   75.36  131.57    0.65  218.90      -1      -1      -1       0   16.28  980.72    0.00  594.44    0.00    0.00    0.00    0.00 1011.38  154.80  229.89    0.00    0.00    0.00    0.00    0.00    0.01    0.00    0.00
  -2.040    1830       0       0       0    0.00    0.04   75.06  131.57    0.56  217.32      -1      -1      -1       0    0.00    0.00  907.55    0.00  763.51  874.73  701.87  951.29    0.00    0.00    0.00   17.02    0.96    0.01    0.00    0.00    0.00    0.00    0.00
  -2.030       0       0       0       0    0.00    0.04   74.67  131.62    0.49  215.95      -1      -1      -1       0   15.97  980.37    0.00  594.23    0.00    0.00    0.00    0.00 1011.10  155.00  230.16    0.00    0.00    0.00    0.00    0.00    0.00    0.00    0.00
  -2.020       0       0       0       0    0.00    0.04   73.98  131.64    0.47  215.28      -1      -1      -1       0    0.00    0.00  907.50    0.00  763.37  873.29  701.26  950.36    0.00    0.00    0.00   17.13    0.94    0.01    0.01    0.00    0.00    0.00    0.00
  -2.010    1790       0       0       0    0.00    0.04   74.14  131.58    0.53  215.92      -1      -1      -1       0   15.99  980.47    0.00  594.01    0.00    0.00    0.00    0.00 1011.26  155.05  230.40    0.00    0.00    0.00    0.00    0.00    0.01    0.00    0.00
  -2.000       0       0       0       0    0.00    0.04   74.69  131.57    0.64  217.87      -1      -1      -1       0    0.00    0.00  907.12    0.00  763.10  873.12  700.04  948.88    0.00    0.00    0.00   16.57    0.91    0.02    0.01    0.01    0.00    0.00    0.00
  -1.990       0       0       0       0    0.00    0.04   75.42  131.57    0.79  219.49      -1      -1      -1       0   15.56  980.44    0.00  593.90    0.00    0.00    0.00    0.00 1011.14  155.12  230.46    0.00    0.00    0.00    0.00    0.00    0.00    0.00    0.00
  -1.980       0       0       0       0    0.00    0.04   75.31  131.57    0.73  219.25      -1      -1      -1       0    0.00    0.00  907.06    0.00  762.12  872.79  698.39  949.44    0.00    0.00    0.00   16.30    0.91    0.02    0.01    0.01    0.00    0.00    0.00
  -1.970    1790       0       0       0    0.00    0.04   74.86  131.57    0.60  217.40      -1      -1      -1       0   15.59  980.20    0.00  593.76    0.00    0.00    0.00    0.00 1011.25  155.25  230.48    0.00    0.00    0.00    0.00    0.00    0.01    0.00    0.00
  -1.960       0       0       0       0    0.00    0.04   74.29  131.51    0.51  216.46      -1      -1      -1       0    0.00    0.00  906.96    0.00  761.84  872.55  697.36  949.66    0.00    0.00    0.00   16.43    0.91    0.01    0.02    0.01    0.00    0.00    0.00
  -1.950       0       0       0       0    0.00    0.04   74.05  131.55    0.59  216.87      -1      -1      -1       0   15.81  980.14    0.00  594.09    0.00    0.00    0.00    0.00 1011.23  155.23  231.00    0.00    0.00    0.00    0.00    0.00    0.01    0.00    0.00
  -1.940    1790       0       0       0    0.00    0.04   74.54  131.56    0.69  218.43      -1      -1      -1       0    0.00    0.00  906.84    0.00  762.37  872.40  695.93  950.24    0.00    0.00    0.00   16.72    0.93    0.00    0.02    0.02    0.00    0.00    0.00
  -1.930       0       0       0       0    0.00    0.04   75.19  131.62    0.77  220.11      -1      -1      -1       0   16.08  980.22    0.00  594.07    0.00    0.00    0.00    0.00 1010.80  155.11  231.05    0.00    0.00    0.00    0.00    0.00    0.01    0.00    0.00
  -1.920       0       0       0       0    0.00    0.04   75.64  131.64    0.85  221.02      -1      -1      -1       0    0.00    0.00  907.61    0.00  762.17  872.05  695.43  951.00    0.00    0.00    0.00   17.38    0.93    0.00    0.01    0.02    0.00    0.00    0.00
  -1.910    1823       0       0       0    0.00    0.04   75.52  131.64    0.79  221.41      -1      -1      -1       0   16.19  980.17    0.00  594.71    0.00    0.00    0.00    0.00 1010.29  154.80  230.88    0.00    0.00    0.00    0.00    0.00    0.01    0.00    0.00
  -1.900       0       0       0       0    0.00    0.04   75.43  131.64    0.76  220.70      -1      -1      -1       0    0.00    0.00  908.34    0.00  762.44  871.95  695.29  951.50    0.00    0.00    0.00   17.68    0.94    0.01    0.00    0.01    0.00    0.00    0.00
  -1.890       0       0       0       0    0.00    0.04   75.05  131.64    0.72  220.04      -1      -1      -1       0   16.28  980.12    0.00  595.35    0.00    0.00    0.00    0.00 1009.67  154.78  230.15    0.00    0.00    0.00    0.00    0.00    0.02    0.00    0.00
  -1.880    1835       0       0       0    0.00    0.04   75.09  131.64    0.82  220.19      -1      -1      -1       0    0.00    0.00  908.60    0.00  762.87  871.99  695.33  951.75    0.00    0.00    0.00   17.82    0.98    0.01    0.00    0.00    0.00    0.00    0.00
  -1.870       0       0       0       0    0.00    0.04   75.55  131.64    0.78  221.53      -1      -1      -1       0   16.15  980.55    0.00  597.99    0.00    0.00    0.00    0.00 1009.35  154.88  229.96    0.00    0.00    0.00    0.00    0.00    0.02    0.00    0.00
  -1.860       0       0       0       0    0.00    0.04   76.25  131.64    0.76  223.00      -1      -1      -1       0    0.00    0.00  908.29    0.00  763.72  872.03  695.17  951.99    0.00    0.00    0.00   17.99    0.99    0.01    0.00    0.00    0.00    0.00    0.00
  -1.850       0       0       0       0    0.00    0.04   76.36  131.64    0.85  222.88      -1      -1      -1       0   16.10  981.03    0.00  600.94    0.00    0.00    0.00    0.00 1009.06  155.02  230.09    0.00    0.00    0.00    0.00    0.00    0.00    0.00    0.00
  -1.840    1881       0       0       0    0.00    0.04   75.87  131.64    0.90  221.39      -1      -1      -1       0    0.00    0.00  908.58    0.00  763.98  871.96  695.47  952.63    0.00    0.00    0.00   18.03    0.98    0.01    0.01    0.01    0.00    0.00    0.00
  -1.830       0       0       0       0    0.00    0.04   75.16  131.64    0.90  219.72      -1      -1      -1       0   15.92  980.80    0.00  603.87    0.00    0.00    0.00    0.00 1009.50  155.00  230.30    0.00    0.00    0.00    0.00    0.00    0.01    0.00    0.00
  -1.820       0       0       0       0    0.00    0.04   74.95  131.58    0.80  218.98      -1      -1      -1       0    0.00    0.00  908.32    0.00  763.58  872.39  695.93  952.86    0.00    0.00    0.00   17.97    0.93    0.01    0.01    0.01    0.00    0.00    0.00
  -1.810    1881       0       0       0    0.00    0.04   75.51  131.57    0.75  219.93      -1      -1      -1       0   15.56  980.47    0.00  603.69    0.00    0.00    0.00    0.00 1009.34  155.05  230.44    0.00    0.00    0.00    0.00    0.00    0.01    0.00    0.00
  -1.800       0       0       0       0    0.00    0.04   76.24  131.51    0.68  221.79      -1      -1      -1       0    0.00    0.00  908.32    0.00  763.57  872.48  695.15  954.15    0.00    0.00    0.00   17.76    0.93    0.01    0.01    0.01    0.00    0.00    0.00
  -1.790       0       0       0       0    0.00    0.04   76.39  131.50    0.63  222.25      -1      -1      -1       0   15.48  980.09    0.00  603.67    0.00    0.00    0.00    0.00 1009.29  155.01  230.56    0.00    0.00    0.00    0.00    0.00    0.00    0.00    0.00
  -1.780    1896       0       0       0    0.00    0.04   75.94  131.49    0.72  221.07      -1      -1      -1       0    0.00    0.00  908.26    0.00  763.70  872.13  695.57  955.36    0.00    0.00    0.00   17.84    0.95    0.00    0.03    0.01    0.00    0.00    0.00
  -1.770       0       0       0       0    0.00    0.04   75.44  131.55    0.79  219.80      -1      -1      -1       0   15.99  979.32    0.00  603.31    0.00    0.00    0.00    0.00 1009.73  155.00  230.50    0.00    0.00    0.00    0.00    0.00    0.01    0.00    0.00
  -1.760       0       0       0       0    0.00    0.04   75.28  131.62    0.83  219.81      -1      -1      -1       0    0.00    0.00  908.26    0.00  763.70  872.00  696.30  956.76    0.00    0.00    0.00   18.52    0.98    0.00    0.02    0.02    0.00    0.00    0.00
  -1.750    1896       0       0       0    0.00    0.04   75.69  131.63    0.82  220.79      -1      -1      -1       0   16.19  978.90    0.00  603.67    0.00    0.00    0.00    0.00 1009.40  154.83  230.40    0.00    0.00    0.00    0.00    0.00    0.01    0.00    0.00
  -1.740       0       0       0       0    0.00    0.04   76.35  131.64    0.80  221.84      -1      -1      -1       0    0.00    0.00  908.19    0.00  763.65  871.56  696.91  957.28    0.00    0.00    0.00   18.94    0.98    0.00    0.00    0.02    0.00    0.00    0.00
  -1.730       0       0       0       0    0.00    0.04   76.74  131.64    0.66  222.27      -1      -1      -1       0   16.21  979.11    0.00  603.63    0.00    0.00    0.00    0.00 1008.81  154.78  230.12    0.00    0.00    0.00    0.00    0.00    0.01    0.00    0.00
  -1.720    1896       0       0       0    0.00    0.04   76.35  131.64    0.68  222.21      -1      -1      -1       0    0.00    0.00  908.17    0.00  764.58  870.42  696.01  957.26    0.00    0.00    0.00   18.72    0.99    0.01    0.00    0.00    0.00    0.00    0.00
  -1.710       0       0       0       0    0.00    0.04   75.67  131.64    0.71  220.90      -1      -1      -1       0   16.30  978.96    0.00  604.61    0.00    0.00    0.00    0.00 1009.15  154.77  230.04    0.00    0.00    0.00    0.00    0.00    0.01    0.00    0.00
  -1.700       0       0       0       0    0.00    0.04   74.95  131.64    0.74  219.60      -1      -1      -1       0    0.00    0.00  908.04    0.00  765.67  869.66  696.75  958.10    0.00    0.00    0.00   17.95    1.01    0.00    0.00    0.00    0.00    0.00    0.00
  -1.690    1892       0       0       0    0.00    0.04   74.99  131.64    0.76  219.11      -1      -1      -1       0   16.12  978.78    0.00  606.19    0.00    0.00    0.00    0.00 1009.24  154.88  230.11    0.00    0.00    0.00    0.00    0.00    0.01    0.00    0.00
  -1.680       0       0       0       0    0.00    0.04   75.49  131.64    0.80  220.13      -1      -1      -1       0    0.00    0.00  907.47    0.00  766.97  868.83  696.87  957.91    0.00    0.00    0.00   17.10    1.00    0.01    0.01    0.00    0.00    0.00    0.00
  -1.670       0       0       0       0    0.00    0.04   76.14  131.64    0.81  221.51      -1      -1      -1       0   16.08  979.12    0.00  608.04    0.00    0.00    0.00    0.00 1009.15  154.97  230.30    0.00    0.00    0.00    0.00    0.00    0.00    0.00    0.00
  -1.660       0       0       0       0    0.00    0.04   76.14  131.64    0.58  221.70      -1      -1      -1       0    0.00    0.00  905.53    0.00  766.99  868.06  696.53  958.04    0.00    0.00    0.00   16.70    0.98    0.01    0.01    0.01    0.00    0.00    0.00
  -1.650    1892       0       0       0    0.00    0.04   75.62  131.64    0.54  220.45      -1      -1      -1       0   15.79  978.27    0.00  609.63    0.00    0.00    0.00    0.00 1009.61  155.04  230.44    0.00    0.00    0.00    0.00    0.00    0.01    0.00    0.00
  -1.640       0       0       0       0    0.00    0.04   75.03  131.58    0.58  219.48      -1      -1      -1       0    0.00    0.00  904.13    0.00  766.75  867.74  696.46  957.73    0.00    0.00    0.00   16.99    0.94    0.01    0.01    0.01    0.00    0.00    0.00
  -1.630       0       0       0       0    0.00    0.04   74.76  131.52    0.69  219.08      -1      -1      -1       0   15.41  977.34    0.00  609.45    0.00    0.00    0.00    0.00 1009.71  155.12  230.56    0.00    0.00    0.00    0.00    0.00    0.01    0.00    0.00
  -1.620    1871       0       0       0    0.00    0.04   75.27  131.44    0.64  219.47      -1      -1      -1       0    0.00    0.00  903.39    0.00  766.46  867.38  696.55  957.82    0.00    0.00    0.00   17.38    0.94    0.00    0.01    0.01    0.00    0.00    0.00
  -1.610       0       0       0       0    0.00    0.04   75.79  131.43    0.71  220.05      -1      -1      -1       0   15.77  977.02    0.00  608.77    0.00    0.00    0.00    0.00 1009.82  155.08  230.85    0.00    0.00    0.00    0.00    0.00    0.01    0.00    0.00
  -1.600       0       0       0       0    0.00    0.04   75.95  131.48    0.85  220.04      -1      -1      -1       0    0.00    0.00  903.48    0.00  766.62  867.09  695.91  957.18    0.00    0.00    0.00   17.74    0.94    0.01    0.01    0.01    0.00    0.00    0.00
  -1.590    1871       0       0       0    0.00    0.04   75.54  131.54    0.84  219.06      -1      -1      -1       0   16.03  977.42    0.00  609.29    0.00    0.00    0.00    0.00 1009.48  155.01  230.92    0.00    0.00    0.00    0.00    0.00    0.01    0.00    0.00
  -1.580       0       0       0       0    0.00    0.04   75.08  131.62    0.72  217.68      -1      -1      -1       0    0.00    0.00  903.07    0.00  766.55  865.91  696.23  956.58    0.00    0.00    0.00   17.96    0.95    0.00    0.00    0.02    0.00    0.00    0.00
  -1.570       0       0       0       0    0.00    0.04   74.67  131.63    0.58  216.69      -1      -1      -1       0   16.15  976.95    0.00  609.54    0.00    0.00    0.00    0.00 1008.96  154.78  230.77    0.00    0.00    0.00    0.00    0.00    0.01    0.00    0.00
  -1.560    1854       0       0       0    0.00    0.04   74.83  131.64    0.66  217.74      -1      -1      -1       0    0.00    0.00  902.86    0.00  766.91  865.16  696.17  955.36    0.00    0.00    0.00   18.41    0.95    0.00    0.01    0.02    0.00    0.00    0.00
  -1.550       0       0       0       0    0.00    0.04   75.29  131.64    0.72  219.30      -1      -1      -1       0   16.21  977.27    0.00  609.52    0.00    0.00    0.00    0.00 1007.82  154.77  230.29    0.00    0.00    0.00    0.00    0.00    0.01    0.00    0.00
  -1.540       0       0       0       0    0.00    0.04   75.83  131.64    0.76  220.98      -1      -1      -1       0    0.00    0.00  903.22    0.00  766.95  863.84  695.19  954.54    0.00    0.00    0.00   18.39    0.96    0.01    0.00    0.00    0.00    0.00    0.00
  -1.530       0       0       0       0    0.00    0.04   75.83  131.64    0.59  221.08      -1      -1      -1       0   16.23  977.84    0.00  610.35    0.00    0.00    0.00    0.00 1008.00  154.83  230.18    0.00    0.00    0.00    0.00    0.00    0.01    0.00    0.00
  -1.520    1854       0       0       0    0.00    0.04   75.51  131.64    0.58  220.13      -1      -1      -1       0    0.00    0.00  902.25    0.00  767.04  862.73  695.00  954.88    0.00    0.00    0.00   18.19    0.95    0.01    0.00    0.00    0.00    0.00    0.00
  -1.510       0       0       0       0    0.00    0.04   75.07  131.64    0.59  218.76      -1      -1      -1       0   16.08  978.07    0.00  611.21    0.00    0.00    0.00    0.00 1007.78  155.01  230.32    0.00    0.00    0.00    0.00    0.00    0.00    0.00    0.00
  -1.500       0       0       0       0    0.00    0.04   74.96  131.64    0.72  217.77      -1      -1      -1       0    0.00    0.00  901.15    0.00  767.13  861.17  694.81  955.29    0.00    0.00    0.00   17.82    0.94    0.01    0.00    0.00    0.00    0.00    0.00
  -1.490    1849       0       0       0    0.00    0.04   75.42  131.64    0.69  218.01      -1      -1      -1       0   15.92  978.20    0.00  612.45    0.00    0.00    0.00    0.00 1008.79  155.11  230.53    0.00    0.00    0.00    0.00    0.00    0.00    0.00    0.00
  -1.480       0       0       0       0    0.00    0.04   75.83  131.64    0.60  219.69      -1      -1      -1       0    0.00    0.00  900.77    0.00  765.89  860.64  693.65  955.03    0.00    0.00    0.00   17.59    0.91    0.02    0.01    0.01    0.00    0.00    0.00
  -1.470       0       0       0       0    0.00    0.04   75.86  131.64    0.66  220.43      -1      -1      -1       0   15.70  978.31    0.00  612.87    0.00    0.00    0.00    0.00 1009.93  155.19  230.66    0.00    0.00    0.00    0.00    0.00    0.01    0.00    0.00
  -1.460    1849       0       0       0    0.00    0.04   75.48  131.64    0.76  219.97      -1      -1      -1       0    0.00    0.00  901.23    0.00  764.55  860.22  692.66  955.53    0.00    0.00    0.00   17.47    0.90    0.02    0.00    0.01    0.00    0.00    0.00
  -1.450       0       0       0       0    0.00    0.04   75.13  131.58    0.79  218.39      -1      -1      -1       0   15.48  978.01    0.00  612.88    0.00    0.00    0.00    0.00 1011.03  155.38  230.70    0.00    0.00    0.00    0.00    0.00    0.01    0.00    0.00
  -1.440       0       0       0       0    0.00    0.04   74.75  131.46    0.68  217.68      -1      -1      -1       0    0.00    0.00  900.60    0.00  764.97  860.03  691.78  956.12    0.00    0.00    0.00   17.31    0.91    0.00    0.01    0.01    0.00    0.00    0.00
  -1.430    1826       0       0       0    0.00    0.04   74.98  131.43    0.67  217.82      -1      -1      -1       0   15.88  977.45    0.00  612.44    0.00    0.00    0.00    0.00 1011.93  155.32  231.14    0.00    0.00    0.00    0.00    0.00    0.00    0.00    0.00
  -1.420       0       0       0       0    0.00    0.04   75.36  131.47    0.73  218.51      -1      -1      -1       0    0.00    0.00  900.96    0.00  765.69  859.45  691.41  956.32    0.00    0.00    0.00   17.47    0.92    0.01    0.01    0.01    0.00    0.00    0.00
  -1.410       0       0       0       0    0.00    0.04   75.68  131.60    0.88  219.16      -1      -1      -1       0   16.06  977.46    0.00  611.79    0.00    0.00    0.00    0.00 1011.58  155.19  231.17    0.00    0.00    0.00    0.00    0.00    0.01    0.00    0.00
  -1.400       0       0       0       0    0.00    0.04   75.47  131.63    0.90  219.81      -1      -1      -1       0    0.00    0.00  900.92    0.00  765.41  858.85  691.82  956.98    0.00    0.00    0.00   17.50    0.94    0.00    0.00    0.01    0.00    0.00    0.00
  -1.390    1826       0       0       0    0.00    0.04   75.29  131.64    0.82  219.65      -1      -1      -1       0   16.19  977.32    0.00  611.66    0.00    0.00    0.00    0.00 1011.46  154.87  231.00    0.00    0.00    0.00    0.00    0.00    0.01    0.00    0.00
  -1.380       0       0       0       0    0.00    0.04   75.11  131.64    0.70  219.94      -1      -1      -1       0    0.00    0.00  900.95    0.00  766.49  858.62  691.86  957.51    0.00    0.00    0.00   17.65    0.93    0.01    0.01    0.01    0.00    0.00    0.00
  -1.370       0       0       0       0    0.00    0.04   75.00  131.64    0.70  220.17      -1      -1      -1       0   16.21  977.57    0.00  611.41    0.00    0.00    0.00    0.00 1011.44  154.85  230.35    0.00    0.00    0.00    0.00    0.00    0.02    0.00    0.00
  -1.360    1829       0       0       0    0.00    0.04   75.53  131.64    0.84  221.36      -1      -1      -1       0    0.00    0.00  900.89    0.00  768.25  858.45  691.70  957.10    0.00    0.00    0.00   17.62    0.96    0.01    0.00    0.00    0.00    0.00    0.00
  -1.350       0       0       0       0    0.00    0.04   76.14  131.64    0.77  222.47      -1      -1      -1       0   16.21  977.54    0.00  612.47    0.00    0.00    0.00    0.00 1011.56  154.90  230.19    0.00    0.00    0.00    0.00    0.00    0.02    0.00    0.00
  -1.340       0       0       0       0    0.00    0.04   76.46  131.64    0.69  222.42      -1      -1      -1       0    0.00    0.00  900.50    0.00  769.66  858.37  691.68  957.25    0.00    0.00    0.00   17.35    0.98    0.01    0.01    0.00    0.00    0.00    0.00
  -1.330    1860       0       0       0    0.00    0.04   75.99  131.64    0.74  221.11      -1      -1      -1       0   16.17  977.56    0.00  613.21    0.00    0.00    0.00    0.00 1011.49  154.97  230.24    0.00    0.00    0.00    0.00    0.00    0.00    0.00    0.00
  -1.320       0       0       0       0    0.00    0.04   75.42  131.64    0.84  219.49      -1      -1      -1       0    0.00    0.00  899.53    0.00  770.30  858.32  692.19  958.21    0.00    0.00    0.00   17.47    0.98    0.01    0.01    0.00    0.00    0.00    0.00
  -1.310       0       0       0       0    0.00    0.04   75.08  131.64    0.87  218.27      -1      -1      -1       0   15.83  977.52    0.00  614.62    0.00    0.00    0.00    0.00 1011.92  154.98  230.42    0.00    0.00    0.00    0.00    0.00    0.00    0.00    0.00
  -1.300    1860       0       0       0    0.00    0.04   75.32  131.64    0.86  218.46      -1      -1      -1       0    0.00    0.00  898.80    0.00  770.26  858.29  692.26  958.43    0.00    0.00    0.00   17.64    0.94    0.02    0.01    0.01    0.00    0.00    0.00
  -1.290       0       0       0       0    0.00    0.04   75.80  131.64    0.89  219.47      -1      -1      -1       0   15.59  977.11    0.00  615.05    0.00    0.00    0.00    0.00 1012.01  154.99  230.55    0.00    0.00    0.00    0.00    0.00    0.01    0.00    0.00
  -1.280       0       0       0       0    0.00    0.04   76.18  131.58    0.82  221.19      -1      -1      -1       0    0.00    0.00  899.25    0.00  770.22  858.28  691.44  959.52    0.00    0.00    0.00   18.13    0.93    0.02    0.01    0.01    0.00    0.00    0.00
  -1.270       0       0       0       0    0.00    0.04   75.99  131.52    0.60  221.94      -1      -1      -1       0   15.61  976.13    0.00  615.42    0.00    0.00    0.00    0.00 1012.55  154.88  230.76    0.00    0.00    0.00    0.00    0.00    0.01    0.00    0.00
  -1.260    1878       0       0       0    0.00    0.04   75.61  131.50    0.58  221.15      -1      -1      -1       0    0.00    0.00  898.92    0.00  770.33  858.27  692.29  960.69    0.00    0.00    0.00   18.00    0.95    0.00    0.02    0.01    0.00    0.00    0.00
  -1.250       0       0       0       0    0.00    0.04   75.03  131.55    0.66  220.15      -1      -1      -1       0   15.90  974.96    0.00  615.58    0.00    0.00    0.00    0.00 1012.75  154.80  230.64    0.00    0.00    0.00    0.00    0.00    0.01    0.00    0.00
  -1.240       0       0       0       0    0.00    0.04   74.98  131.62    0.74  219.73      -1      -1      -1       0    0.00    0.00  899.06    0.00  770.35  857.82  692.89  961.15    0.00    0.00    0.00   17.90    0.96    0.01    0.02    0.02    0.00    0.00    0.00
  -1.230    1878       0       0       0    0.00    0.04   75.59  131.63    0.78  220.60      -1      -1      -1       0   16.19  974.88    0.00  615.24    0.00    0.00    0.00    0.00 1012.58  154.72  230.52    0.00    0.00    0.00    0.00    0.00    0.01    0.00    0.00
  -1.220       0       0       0       0    0.00    0.05   76.48  131.64    0.92  221.96      -1      -1      -1       0    0.00    0.00  898.97    0.00  770.36  856.82  693.49  961.47    0.00    0.00    0.00   17.81    0.97    0.00    0.00    0.02    0.00    0.00    0.00
  -1.210       0       0       0       0    0.00    0.05   76.87  131.64    0.81  222.78      -1      -1      -1       0   16.28  974.43    0.00  615.27    0.00    0.00    0.00    0.00 1012.71  154.76  230.32    0.00    0.00    0.00    0.00    0.00    0.02    0.00    0.00
  -1.200    1904       0       0       0    0.00    0.05   76.45  131.64    0.71  222.34      -1      -1      -1       0    0.00    0.00  899.00    0.00  771.29  854.73  693.73  961.40    0.00    0.00    0.00   17.46    0.98    0.00    0.01    0.00    0.00    0.00    0.00
  -1.190       0       0       0       0    0.00    0.05   75.69  131.64    0.58  221.09      -1      -1      -1       0   16.17  974.09    0.00  615.21    0.00    0.00    0.00    0.00 1013.06  154.82  230.27    0.00    0.00    0.00    0.00    0.00    0.02    0.00    0.00
  -1.180       0       0       0       0    0.00    0.05   75.15  131.64    0.66  219.65      -1      -1      -1       0    0.00    0.00  898.89    0.00  772.39  852.76  695.57  961.31    0.00    0.00    0.00   16.72    1.11    0.01    0.00    0.01    0.00    0.00    0.00
  -1.170    1904       0       0       0    0.00    0.05   75.34  131.64    0.82  219.77      -1      -1      -1       0   16.26  973.92    0.00  615.17    0.00    0.00    0.00    0.00 1012.95  154.89  230.34    0.00    0.00    0.00    0.00    0.00    0.02    0.00    0.00
  -1.160       0       0       0       0    0.00    0.05   75.97  131.64    1.13  220.94      -1      -1      -1       0    0.00    0.00  898.85    0.00  773.25  851.05  696.89  960.53    0.00    0.00    0.00   14.25    1.52    0.00    0.01    0.00    0.00    0.00    0.00
  -1.150       0       0       0       0    0.00    0.04   76.26  131.64    1.86  222.04      -1      -1      -1       0   15.99  972.83    0.00  614.70    0.00    0.00    0.00    0.00 1012.99  155.02  230.36    0.00    0.00    0.00    0.00    0.00    0.00    0.00    0.00
  -1.140    1912       0       0       0    0.00    0.04   75.94  131.64    2.93  221.99      -1      -1      -1       0    0.00    0.00  897.92    0.00  773.64  849.86  698.42  959.58    0.00    0.00    0.00   12.06    2.05    0.01    0.01    0.01    0.00    0.00    0.00
  -1.130       0       0       0       0    0.00    0.04   75.47  131.64    4.28  221.98      -1      -1      -1       0   15.86  971.41    0.00  614.14    0.00    0.00    0.00    0.00 1013.07  155.11  230.54    0.00    0.00    0.00    0.00    0.00    0.00    0.00    0.00
  -1.120       0       0       0       0    0.00    0.04   75.22  131.64    5.76  222.95      -1      -1      -1       0    0.00    0.00  896.38    0.00  773.38  849.28  699.44  957.98    0.00    0.00    0.00   11.12    2.54    0.01    0.01    0.01    0.00    0.00    0.00
  -1.110    1931       0       0       0    0.00    0.03   76.04  131.64    7.06  225.14      -1      -1      -1       0   15.65  969.11    0.00  613.00    0.00    0.00    0.00    0.00 1012.69  155.25  230.67    0.00    0.00    0.00    0.00    0.00    0.01    0.00    0.00
  -1.100       0       0       0       0    0.00    0.03   77.11  131.58    8.39  227.47      -1      -1      -1       0    0.00    0.00  894.53    0.00  773.07  848.93  698.75  956.57    0.00    0.00    0.00   12.06    2.89    0.00    0.02    0.01    0.00    0.00    0.00
  -1.090       0       0       0       0    0.00    0.03   78.36  131.46    9.49  230.80      -1      -1      -1       0   15.74  967.01    0.00  612.21    0.00    0.00    0.00    0.00 1011.83  155.11  230.87    0.00    0.00    0.00    0.00    0.00    0.01    0.00    0.00
  -1.080    2212       0       0       0    0.00    0.03   79.22  131.43   10.75  235.21      -1      -1      -1       0    0.00    0.00  893.86    0.00  772.12  848.29  698.38  955.51    0.00    0.00    0.00   14.78    3.25    0.00    0.02    0.01    0.00    0.00    0.00
  -1.070       0       0       0       0    0.00    0.04   79.73  131.47   11.98  241.01      -1      -1      -1       0   15.88  964.33    0.00  611.38    0.00    0.00    0.00    0.00 1010.70  154.91  230.75    0.00    0.00    0.00    0.00    0.00    0.01    0.00    0.00
  -1.060    2603       0       0       0    0.00    0.04   80.89  131.60   13.41  246.84      -1      -1      -1       0    0.00    0.00  892.45    0.00  770.99  848.09  697.77  953.67    0.00    0.00    0.00   17.62    3.66    0.01    0.02    0.02    0.00    0.00    0.00
  -1.050       0       0       0       0    0.00    0.04   81.80  131.63   14.57  251.21      -1      -1      -1       0   16.21  961.12    0.00  609.25    0.00    0.00    0.00    0.00 1008.18  154.70  230.55    0.00    0.00    0.00    0.00    0.00    0.01    0.00    0.00
  -1.040    2993       0       0       0    0.00    0.04   83.48  131.64   15.73  254.25      -1      -1      -1       0    0.00    0.00  889.33    0.00  769.08  847.41  696.53  951.29    0.00    0.00    0.00   18.85    4.01    0.00    0.00    0.02    0.00    0.00    0.00
  -1.030       0       0       0       0    0.00    0.04   84.16  131.64   16.65  255.66      -1      -1      -1       0   16.19  956.34    0.00  605.93    0.00    0.00    0.00    0.00 1002.05  154.75  230.33    0.00    0.00    0.00    0.00    0.00    0.02    0.00    0.00
  -1.020    3104       0       0       0    0.00    0.04   84.27  131.64   17.56  256.01      -1      -1      -1       0    0.00    0.00  883.47    0.00  767.57  845.50  694.73  946.84    0.00    0.00    0.00   20.47    4.14    0.01    0.01    0.01    0.00    0.00    0.00
  -1.010       0       0       0       0    0.00    0.04   83.35  131.64   18.01  255.45      -1      -1      -1       0   16.30  949.79    0.00  600.69    0.00    0.00    0.00    0.00  994.47  154.88  230.44    0.00    0.00    0.00    0.00    0.00    0.01    0.00    0.00
  -1.000    3104       0       0       0    0.00    0.04   83.29  131.64   18.36  255.47      -1      -1      -1       0    0.00    0.00  875.37    0.00  765.09  842.73  693.67  940.07    0.00    0.00    0.00   20.48    4.12    0.01    0.00    0.01    0.00    0.00    0.00
  -0.990       0       0       0       0    0.00    0.04   83.73  131.64   18.72  256.13      -1      -1      -1       0   16.10  940.32    0.00  593.38    0.00    0.00    0.00    0.00  984.07  154.91  230.56    0.00    0.00    0.00    0.00    0.00    0.00    0.00    0.00
  -0.980    3196       0       0       0    0.00    0.04   84.03  131.64   19.15  256.29      -1      -1      -1       0    0.00    0.00  868.53    0.00  762.04  838.64  689.95  927.92    0.00    0.00    0.00   23.61    3.94    0.01    0.01    0.00    0.00    0.00    0.00
  -0.970       0       0       0       0    0.00    0.04   83.43  131.64   19.57  256.01      -1      -1      -1       0   16.10  930.81    0.00  584.76    0.00    0.00    0.00    0.00  975.07  154.97  230.67    0.00    0.00    0.00    0.00    0.00    0.00    0.00    0.00
  -0.960    3196       0       0       0    0.00    0.04   82.88  131.64   19.77  255.94      -1      -1      -1       0    0.00    0.00  861.03    0.00  758.23  834.57  683.59  915.12    0.00    0.00    0.00   24.60    3.80    0.02    0.01    0.00    0.00    0.00    0.00
  -0.950       0       0       0       0    0.00    0.04   83.20  131.64   19.99  257.05      -1      -1      -1       0   15.54  922.51    0.00  573.60    0.00    0.00    0.00    0.00  963.98  155.05  230.70    0.00    0.00    0.00    0.00    0.00    0.00    0.00    0.00
  -0.940    3196       0       0       0    0.00    0.03   83.71  131.64   19.97  257.17      -1      -1      -1       0    0.00    0.00  855.01    0.00  754.61  829.33  671.67  900.23    0.00    0.00    0.00   27.72    3.59    0.02    0.01    0.01    0.00    0.00    0.00
  -0.930    3196       0       0       0    0.00    0.04   83.77  131.58   19.99  256.72      -1      -1      -1       0   15.56  916.24    0.00  563.55    0.00    0.00    0.00    0.00  954.11  155.18  230.88    0.00    0.00    0.00    0.00    0.00    0.01    0.00    0.00
  -0.920       0       0       0       0    0.00    0.04   83.16  131.52   19.89  255.95      -1      -1      -1       0    0.00    0.00  849.16    0.00  750.42  822.51  660.35  888.83    0.00    0.00    0.00   28.43    3.47    0.00    0.02    0.01    0.00    0.00    0.00
  -0.910    3196       0       0       0    0.00    0.04   83.24  131.50   20.03  256.25      -1      -1      -1       0   15.65  910.63    0.00  552.73    0.00    0.00    0.00    0.00  942.71  155.04  231.10    0.00    0.00    0.00    0.00    0.00    0.01    0.00    0.00
  -0.900       0       0       0       0    0.00    0.04   82.87  131.55   19.89  256.64      -1      -1      -1       0    0.00    0.00  845.88    0.00  747.95  816.50  645.35  876.82    0.00    0.00    0.00   30.11    3.38    0.00    0.01    0.01    0.00    0.00    0.00
  -0.890    3266       0       0       0    0.00    0.04   83.17  131.62   19.97  256.90      -1      -1      -1       0   16.08  905.55    0.00  544.34    0.00    0.00    0.00    0.00  932.60  154.84  231.07    0.00    0.00    0.00    0.00    0.00    0.01    0.00    0.00
  -0.880       0       0       0       0    0.00    0.04   83.37  131.63   19.87  257.46      -1      -1      -1       0    0.00    0.00  842.26    0.00  745.27  811.68  633.33  865.84    0.00    0.00    0.00   29.55    3.36    0.00    0.00    0.01    0.00    0.00    0.00
  -0.870    3266       0       0       0    0.00    0.04   83.81  131.64   20.09  257.27      -1      -1      -1       0   16.28  897.56    0.00  533.92    0.00    0.00    0.00    0.00  921.54  154.73  230.72    0.00    0.00    0.00    0.00    0.00    0.01    0.00    0.00
  -0.860       0       0       0       0    0.00    0.04   83.57  131.64   20.08  256.74      -1      -1      -1       0    0.00    0.00  839.52    0.00  744.70  809.52  620.26  854.03    0.00    0.00    0.00   30.39    3.31    0.01    0.00    0.00    0.00    0.00    0.00
  -0.850    3228       0       0       0    0.00    0.04   83.60  131.64   19.88  256.12      -1      -1      -1       0   16.26  889.54    0.00  525.00    0.00    0.00    0.00    0.00  910.55  154.76  230.37    0.00    0.00    0.00    0.00    0.00    0.02    0.00    0.00
  -0.840       0       0       0       0    0.00    0.04   84.25  131.64   19.77  256.45      -1      -1      -1       0    0.00    0.00  835.55    0.00  744.05  807.22  611.60  844.07    0.00    0.00    0.00   29.69    3.26    0.00    0.00    0.00    0.00    0.00    0.00
  -0.830    3228       0       0       0    0.00    0.04   84.42  131.64   19.61  256.21      -1      -1      -1       0   16.23  882.73    0.00  515.97    0.00    0.00    0.00    0.00  898.94  154.88  230.37    0.00    0.00    0.00    0.00    0.00    0.02    0.00    0.00
  -0.820       0       0       0       0    0.00    0.04   83.68  131.64   19.73  255.98      -1      -1      -1       0    0.00    0.00  832.85    0.00  743.80  804.98  602.65  832.96    0.00    0.00    0.00   31.34    3.17    0.01    0.01    0.01    0.00    0.00    0.00
  -0.810    3213       0       0       0    0.00    0.04   82.75  131.64   19.62  256.25      -1      -1      -1       0   16.01  877.97    0.00  509.10    0.00    0.00    0.00    0.00  889.01  154.91  230.45    0.00    0.00    0.00    0.00    0.00    0.00    0.00    0.00
  -0.800    3213       0       0       0    0.00    0.04   83.14  131.64   19.57  257.46      -1      -1      -1       0    0.00    0.00  829.72    0.00  741.82  801.82  595.37  822.44    0.00    0.00    0.00   31.17    3.10    0.01    0.01    0.01    0.00    0.00    0.00
  -0.790       0       0       0       0    0.00    0.04   83.49  131.64   19.46  257.43      -1      -1      -1       0   15.94  875.65    0.00  502.63    0.00    0.00    0.00    0.00  881.55  154.97  230.56    0.00    0.00    0.00    0.00    0.00    0.00    0.00    0.00
  -0.780    3213       0       0       0    0.00    0.04   83.65  131.64   19.47  256.78      -1      -1      -1       0    0.00    0.00  826.75    0.00  736.87  798.48  587.91  813.61    0.00    0.00    0.00   33.08    3.03    0.03    0.01    0.01    0.00    0.00    0.00
  -0.770       0       0       0       0    0.00    0.04   82.62  131.64   19.52  256.13      -1      -1      -1       0   15.65  874.24    0.00  498.08    0.00    0.00    0.00    0.00  876.72  155.10  230.59    0.00    0.00    0.00    0.00    0.00    0.00    0.00    0.00
  -0.760    3213       0       0       0    0.00    0.04   83.01  131.64   19.64  257.10      -1      -1      -1       0    0.00    0.00  823.28    0.00  729.18  792.68  580.26  808.84    0.00    0.00    0.00   32.65    3.01    0.02    0.01    0.01    0.00    0.00    0.00
  -0.750       0       0       0       0    0.00    0.03   83.56  131.58   19.53  257.35      -1      -1      -1       0   15.52  872.59    0.00  494.00    0.00    0.00    0.00    0.00  872.92  155.07  230.85    0.00    0.00    0.00    0.00    0.00    0.01    0.00    0.00
  -0.740    3213       0       0       0    0.00    0.03   83.86  131.52   19.35  256.43      -1      -1      -1       0    0.00    0.00  817.04    0.00  718.09  784.55  575.36  806.12    0.00    0.00    0.00   33.65    3.00    0.00    0.02    0.01    0.00    0.00    0.00
  -0.730       0       0       0       0    0.00    0.03   82.83  131.50   19.29  254.91      -1      -1      -1       0   15.90  868.83    0.00  493.69    0.00    0.00    0.00    0.00  870.74  154.96  231.01    0.00    0.00    0.00    0.00    0.00    0.01    0.00    0.00
  -0.720    3200       0       0       0    0.00    0.03   82.19  131.55   19.37  255.01      -1      -1      -1       0    0.00    0.00  811.04    0.00  707.13  776.36  574.73  804.62    0.00    0.00    0.00   33.25    3.03    0.00    0.02    0.02    0.00    0.00    0.00
  -0.710       0       0       0       0    0.00    0.04   83.00  131.62   19.51  256.34      -1      -1      -1       0   16.10  862.34    0.00  495.09    0.00    0.00    0.00    0.00  868.64  154.71  230.87    0.00    0.00    0.00    0.00    0.00    0.01    0.00    0.00
  -0.700    3200       0       0       0    0.00    0.04   83.88  131.63   19.46  256.99      -1      -1      -1       0    0.00    0.00  801.39    0.00  696.87  767.24  576.86  803.33    0.00    0.00    0.00   33.34    3.00    0.00    0.00    0.02    0.00    0.00    0.00
  -0.690    3200       0       0       0    0.00    0.04   83.68  131.64   19.48  256.51      -1      -1      -1       0   16.30  854.88    0.00  494.44    0.00    0.00    0.00    0.00  867.34  154.70  230.49    0.00    0.00    0.00    0.00    0.00    0.01    0.00    0.00
  -0.680       0       0       0       0    0.00    0.04   82.46  131.64   19.29  255.58      -1      -1      -1       0    0.00    0.00  792.86    0.00  692.17  762.43  577.07  799.62    0.00    0.00    0.00   34.28    2.98    0.01    0.00    0.00    0.00    0.00    0.00
  -0.670    3200       0       0       0    0.00    0.04   82.84  131.64   19.21  255.99      -1      -1      -1       0   16.19  847.59    0.00  493.71    0.00    0.00    0.00    0.00  862.60  154.75  230.31    0.00    0.00    0.00    0.00    0.00    0.02    0.00    0.00
  -0.660       0       0       0       0    0.00    0.04   83.26  131.64   19.14  256.74      -1      -1      -1       0    0.00    0.00  782.01    0.00  689.18  759.64  576.43  795.46    0.00    0.00    0.00   33.60    2.99    0.00    0.00    0.00    0.00    0.00    0.00
  -0.650    3200       0       0       0    0.00    0.04   83.85  131.64   19.20  256.93      -1      -1      -1       0   16.19  841.49    0.00  493.65    0.00    0.00    0.00    0.00  855.54  154.88  230.44    0.00    0.00    0.00    0.00    0.00    0.02    0.00    0.00
  -0.640       0       0       0       0    0.00    0.04   82.47  131.64   19.04  256.33      -1      -1      -1       0    0.00    0.00  774.08    0.00  687.64  758.12  576.65  788.48    0.00    0.00    0.00   34.08    2.97    0.01    0.01    0.01    0.00    0.00    0.00
  -0.630    3200       0       0       0    0.00    0.04   82.16  131.64   19.00  256.02      -1      -1      -1       0   16.10  838.81    0.00  492.42    0.00    0.00    0.00    0.00  847.77  154.91  230.64    0.00    0.00    0.00    0.00    0.00    0.00    0.00    0.00
  -0.620       0       0       0       0    0.00    0.04   82.47  131.64   18.98  256.91      -1      -1      -1       0    0.00    0.00  767.18    0.00  686.74  757.26  575.63  782.20    0.00    0.00    0.00   32.83    2.97    0.01    0.01    0.01    0.00    0.00    0.00
  -0.610    3220       0       0       0    0.00    0.04   83.30  131.64   19.08  257.30      -1      -1      -1       0   15.81  837.51    0.00  488.73    0.00    0.00    0.00    0.00  843.01  155.03  230.87    0.00    0.00    0.00    0.00    0.00    0.00    0.00    0.00
  -0.600       0       0       0       0    0.00    0.04   83.50  131.64   18.98  256.74      -1      -1      -1       0    0.00    0.00  763.31    0.00  684.41  756.33  571.84  775.05    0.00    0.00    0.00   33.83    2.90    0.01    0.01    0.01    0.00    0.00    0.00
  -0.590    3220       0       0       0    0.00    0.04   82.58  131.64   18.88  255.63      -1      -1      -1       0   15.63  836.71    0.00  483.99    0.00    0.00    0.00    0.00  841.85  155.23  231.01    0.00    0.00    0.00    0.00    0.00    0.00    0.00    0.00
  -0.580       0       0       0       0    0.00    0.04   82.06  131.58   18.86  256.01      -1      -1      -1       0    0.00    0.00  760.71    0.00  680.20  752.16  566.53  773.26    0.00    0.00    0.00   32.96    2.93    0.00    0.01    0.01    0.00    0.00    0.00
  -0.570    3220       0       0       0    0.00    0.04   82.67  131.52   18.77  256.58      -1      -1      -1       0   15.61  835.55    0.00  479.49    0.00    0.00    0.00    0.00  842.47  155.17  231.31    0.00    0.00    0.00    0.00    0.00    0.01    0.00    0.00
  -0.560    3220       0       0       0    0.00    0.04   83.64  131.50   18.87  256.73      -1      -1      -1       0    0.00    0.00  757.61    0.00  671.23  746.40  561.89  773.28    0.00    0.00    0.00   33.60    2.91    0.00    0.02    0.02    0.00    0.00    0.00
  -0.550       0       0       0       0    0.00    0.04   83.36  131.55   18.81  255.63      -1      -1      -1       0   15.97  833.55    0.00  479.52    0.00    0.00    0.00    0.00  842.01  154.98  231.13    0.00    0.00    0.00    0.00    0.00    0.01    0.00    0.00
  -0.540    3220       0       0       0    0.00    0.04   82.41  131.62   18.87  255.35      -1      -1      -1       0    0.00    0.00  754.22    0.00  662.74  740.35  562.40  772.92    0.00    0.00    0.00   33.23    2.95    0.00    0.02    0.00    0.00    0.00    0.00
  -0.530       0       0       0       0    0.00    0.04   82.60  131.63   18.78  256.42      -1      -1      -1       0   16.10  828.96    0.00  480.91    0.00    0.00    0.00    0.00  841.47  154.71  230.99    0.00    0.00    0.00    0.00    0.00    0.01    0.00    0.00
  -0.520    3231       0       0       0    0.00    0.04   83.52  131.64   18.67  257.17      -1      -1      -1       0    0.00    0.00  746.61    0.00  652.94  733.94  563.94  772.07    0.00    0.00    0.00   33.47    2.93    0.01    0.01    0.02    0.00    0.00    0.00
  -0.510       0       0       0       0    0.00    0.04   83.88  131.64   18.62  256.71      -1      -1      -1       0   16.28  824.04    0.00  482.11    0.00    0.00    0.00    0.00  839.81  154.76  230.61    0.00    0.00    0.00    0.00    0.00    0.01    0.00    0.00
  -0.500    3231       0       0       0    0.00    0.04   82.87  131.64   18.63  255.30      -1      -1      -1       0    0.00    0.00  739.91    0.00  649.74  730.55  564.70  771.49    0.00    0.00    0.00   34.97    2.94    0.01    0.01    0.00    0.00    0.00    0.00
  -0.490       0       0       0       0    0.00    0.04   82.62  131.64   18.75  255.11      -1      -1      -1       0   16.21  818.98    0.00  482.23    0.00    0.00    0.00    0.00  837.15  154.88  230.60    0.00    0.00    0.00    0.00    0.00    0.01    0.00    0.00
  -0.480    3231       0       0       0    0.00    0.04   82.78  131.64   18.84  256.36      -1      -1      -1       0    0.00    0.00  732.09    0.00  648.49  729.94  564.77  768.32    0.00    0.00    0.00   34.62    2.95    0.00    0.00    0.00    0.00    0.00    0.00
  -0.470       0       0       0       0    0.00    0.04   83.34  131.64   18.84  257.00      -1      -1      -1       0   16.15  813.38    0.00  482.77    0.00    0.00    0.00    0.00  832.33  155.02  230.60    0.00    0.00    0.00    0.00    0.00    0.00    0.00    0.00
  -0.460    3231       0       0       0    0.00    0.04   82.80  131.64   18.74  256.35      -1      -1      -1       0    0.00    0.00  727.84    0.00  649.77  731.75  565.25  761.67    0.00    0.00    0.00   35.78    2.93    0.01    0.01    0.00    0.00    0.00    0.00
  -0.450    3229       0       0       0    0.00    0.04   82.76  131.64   18.56  255.37      -1      -1      -1       0   16.03  809.00    0.00  481.99    0.00    0.00    0.00    0.00  828.59  155.00  230.77    0.00    0.00    0.00    0.00    0.00    0.00    0.00    0.00
  -0.440       0       0       0       0    0.00    0.04   83.24  131.64   18.41  255.78      -1      -1      -1       0    0.00    0.00  724.98    0.00  650.03  732.12  564.55  754.30    0.00    0.00    0.00   33.25    2.90    0.01    0.01    0.01    0.00    0.00    0.00
  -0.430    3229       0       0       0    0.00    0.04   83.78  131.64   18.41  256.20      -1      -1      -1       0   15.68  804.76    0.00  480.17    0.00    0.00    0.00    0.00  823.27  155.05  230.90    0.00    0.00    0.00    0.00    0.00    0.01    0.00    0.00
  -0.420       0       0       0       0    0.00    0.04   82.97  131.64   18.28  255.82      -1      -1      -1       0    0.00    0.00  725.79    0.00  649.44  732.20  563.02  746.99    0.00    0.00    0.00   34.32    2.80    0.01    0.01    0.01    0.00    0.00    0.00
  -0.410    3221       0       0       0    0.00    0.03   82.42  131.64   18.48  255.08      -1      -1      -1       0   15.59  803.93    0.00  477.85    0.00    0.00    0.00    0.00  818.76  155.23  231.02    0.00    0.00    0.00    0.00    0.00    0.01    0.00    0.00
  -0.400       0       0       0       0    0.00    0.03   82.28  131.58   18.55  255.71      -1      -1      -1       0    0.00    0.00  726.77    0.00  649.31  732.53  560.67  741.80    0.00    0.00    0.00   33.29    2.81    0.01    0.01    0.01    0.00    0.00    0.00
  -0.390    3221       0       0       0    0.00    0.03   83.15  131.57   18.74  256.19      -1      -1      -1       0   15.68  804.27    0.00  474.20    0.00    0.00    0.00    0.00  814.99  155.33  231.40    0.00    0.00    0.00    0.00    0.00    0.01    0.00    0.00
  -0.380       0       0       0       0    0.00    0.03   83.43  131.57   18.65  255.66      -1      -1      -1       0    0.00    0.00  726.61    0.00  649.03  732.15  555.67  738.86    0.00    0.00    0.00   34.59    2.81    0.00    0.01    0.01    0.00    0.00    0.00
  -0.370    3221       0       0       0    0.00    0.03   82.69  131.62   18.44  254.55      -1      -1      -1       0   16.08  804.17    0.00  470.19    0.00    0.00    0.00    0.00  811.53  155.25  231.40    0.00    0.00    0.00    0.00    0.00    0.01    0.00    0.00
  -0.360       0       0       0       0    0.00    0.04   82.09  131.64   18.49  255.09      -1      -1      -1       0    0.00    0.00  726.36    0.00  647.29  730.81  553.27  739.03    0.00    0.00    0.00   34.01    2.89    0.00    0.00    0.01    0.00    0.00    0.00
  -0.350    3221       0       0       0    0.00    0.04   82.65  131.64   18.47  256.19      -1      -1      -1       0   16.06  803.25    0.00  468.19    0.00    0.00    0.00    0.00  809.19  154.94  231.23    0.00    0.00    0.00    0.00    0.00    0.01    0.00    0.00
  -0.340    3225       0       0       0    0.00    0.04   83.63  131.64   18.63  256.63      -1      -1      -1       0    0.00    0.00  726.64    0.00  645.41  728.73  552.25  739.05    0.00    0.00    0.00   33.79    2.89    0.01    0.00    0.00    0.00    0.00    0.00
  -0.330       0       0       0       0    0.00    0.04   83.55  131.64   18.48  255.44      -1      -1      -1       0   16.26  803.06    0.00  466.05    0.00    0.00    0.00    0.00  808.03  154.87  230.67    0.00    0.00    0.00    0.00    0.00    0.02    0.00    0.00
  -0.320    3225       0       0       0    0.00    0.04   82.23  131.64   18.43  254.34      -1      -1      -1       0    0.00    0.00  725.90    0.00  644.69  727.60  552.70  738.50    0.00    0.00    0.00   34.92    2.90    0.01    0.00    0.01    0.00    0.00    0.00
  -0.310       0       0       0       0    0.00    0.04   81.32  131.64   18.27  254.38      -1      -1      -1       0   16.19  800.63    0.00  465.22    0.00    0.00    0.00    0.00  805.97  154.90  230.53    0.00    0.00    0.00    0.00    0.00    0.02    0.00    0.00
  -0.300    3225       0       0       0    0.00    0.04   81.97  131.64   18.38  255.69      -1      -1      -1       0    0.00    0.00  724.13    0.00  645.21  728.04  552.11  738.39    0.00    0.00    0.00   34.28    2.95    0.00    0.01    0.00    0.00    0.00    0.00
  -0.290       0       0       0       0    0.00    0.04   82.98  131.64   18.46  256.83      -1      -1      -1       0   15.97  796.06    0.00  464.22    0.00    0.00    0.00    0.00  801.28  154.97  230.58    0.00    0.00    0.00    0.00    0.00    0.00    0.00    0.00
  -0.280    3276       0       0       0    0.00    0.04   83.84  131.64   18.61  256.46      -1      -1      -1       0    0.00    0.00  723.00    0.00  645.84  729.01  551.88  737.40    0.00    0.00    0.00   35.69    2.96    0.01    0.01    0.00    0.00    0.00    0.00
  -0.270       0       0       0       0    0.00    0.04   83.35  131.64   18.55  255.40      -1      -1      -1       0   15.99  790.16    0.00  463.43    0.00    0.00    0.00    0.00  797.22  155.04  230.77    0.00    0.00    0.00    0.00    0.00    0.00    0.00    0.00
  -0.260    3276       0       0       0    0.00    0.04   83.22  131.64   18.35  254.81      -1      -1      -1       0    0.00    0.00  722.97    0.00  646.38  730.02  550.31  734.82    0.00    0.00    0.00   33.63    2.98    0.02    0.01    0.01    0.00    0.00    0.00
  -0.250       0       0       0       0    0.00    0.04   83.32  131.64   18.30  255.31      -1      -1      -1       0   15.41  784.01    0.00  460.15    0.00    0.00    0.00    0.00  792.32  155.17  230.90    0.00    0.00    0.00    0.00    0.00    0.00    0.00    0.00
  -0.240    3276       0       0       0    0.00    0.04   83.22  131.64   18.18  255.11      -1      -1      -1       0    0.00    0.00  723.83    0.00  648.65  733.80  547.62  731.49    0.00    0.00    0.00   35.33    2.87    0.02    0.01    0.01    0.00    0.00    0.00
  -0.230       0       0       0       0    0.00    0.04   82.80  131.58   18.26  254.90      -1      -1      -1       0   15.56  778.90    0.00  456.52    0.00    0.00    0.00    0.00  788.73  155.15  231.02    0.00    0.00    0.00    0.00    0.00    0.01    0.00    0.00
  -0.220    3255       0       0       0    0.00    0.04   82.86  131.52   18.08  255.01      -1      -1      -1       0    0.00    0.00  724.80    0.00  652.36  737.91  544.42  727.60    0.00    0.00    0.00   34.19    2.84    0.00    0.02    0.01    0.00    0.00    0.00
  -0.210    3255       0       0       0    0.00    0.03   83.33  131.50   18.15  255.36      -1      -1      -1       0   15.65  773.04    0.00  453.27    0.00    0.00    0.00    0.00  783.43  154.98  231.05    0.00    0.00    0.00    0.00    0.00    0.00    0.00    0.00
  -0.200       0       0       0       0    0.00    0.04   82.93  131.55   18.02  254.96      -1      -1      -1       0    0.00    0.00  728.12    0.00  656.71  743.10  539.02  723.01    0.00    0.00    0.00   35.21    2.79    0.01    0.02    0.01    0.00    0.00    0.00
  -0.190    3238       0       0       0    0.00    0.04   82.66  131.62   18.17  254.38      -1      -1      -1       0   16.15  766.80    0.00  449.07    0.00    0.00    0.00    0.00  778.95  154.77  230.97    0.00    0.00    0.00    0.00    0.00    0.01    0.00    0.00
  -0.180       0       0       0       0    0.00    0.04   82.96  131.63   18.17  255.04      -1      -1      -1       0    0.00    0.00  733.03    0.00  659.22  746.30  534.01  718.16    0.00    0.00    0.00   34.10    2.82    0.00    0.01    0.01    0.00    0.00    0.00
  -0.170    3238       0       0       0    0.00    0.04   83.45  131.64   18.31  255.21      -1      -1      -1       0   16.26  760.32    0.00  443.83    0.00    0.00    0.00    0.00  774.29  154.71  230.86    0.00    0.00    0.00    0.00    0.00    0.01    0.00    0.00
  -0.160       0       0       0       0    0.00    0.04   82.95  131.64   18.26  254.92      -1      -1      -1       0    0.00    0.00  738.28    0.00  665.55  749.78  528.18  713.11    0.00    0.00    0.00   34.80    2.81    0.01    0.01    0.01    0.00    0.00    0.00
  -0.150    3227       0       0       0    0.00    0.04   82.54  131.64   18.06  254.21      -1      -1      -1       0   16.23  756.88    0.00  438.19    0.00    0.00    0.00    0.00  769.31  154.76  230.66    0.00    0.00    0.00    0.00    0.00    0.03    0.00    0.00
  -0.140       0       0       0       0    0.00    0.04   83.05  131.64   18.08  254.51      -1      -1      -1       0    0.00    0.00  742.11    0.00  670.92  752.02  524.60  709.33    0.00    0.00    0.00   33.54    2.88    0.01    0.00    0.01    0.00    0.00    0.00
  -0.130    3227       0       0       0    0.00    0.04   83.12  131.64   18.07  254.11      -1      -1      -1       0   16.19  756.24    0.00  434.13    0.00    0.00    0.00    0.00  764.23  154.82  230.61    0.00    0.00    0.00    0.00    0.00    0.02    0.00    0.00
  -0.120       0       0       0       0    0.00    0.04   82.68  131.64   18.18  253.68      -1      -1      -1       0    0.00    0.00  744.38    0.00  675.51  753.16  521.31  703.07    0.00    0.00    0.00   33.74    2.87    0.01    0.01    0.00    0.00    0.00    0.00
  -0.110    3227       0       0       0    0.00    0.04   82.11  131.64   18.21  254.22      -1      -1      -1       0   15.94  757.46    0.00  432.19    0.00    0.00    0.00    0.00  761.31  154.95  230.69    0.00    0.00    0.00    0.00    0.00    0.00    0.00    0.00
  -0.100       0       0       0       0    0.00    0.04   82.72  131.64   18.23  255.49      -1      -1      -1       0    0.00    0.00  743.67    0.00  675.70  752.86  518.53  698.35    0.00    0.00    0.00   33.40    2.85    0.02    0.01    0.01    0.00    0.00    0.00
  -0.090    3228       0       0       0    0.00    0.04   83.26  131.64   18.27  255.64      -1      -1      -1       0   15.77  758.02    0.00  432.56    0.00    0.00    0.00    0.00  761.51  155.10  230.79    0.00    0.00    0.00    0.00    0.00    0.00    0.00    0.00
  -0.080    3228       0       0       0    0.00    0.04   83.23  131.64   18.20  254.38      -1      -1      -1       0    0.00    0.00  742.82    0.00  674.77  752.05  514.50  694.81    0.00    0.00    0.00   34.10    2.77    0.01    0.01    0.01    0.00    0.00    0.00
  -0.070       0       0       0       0    0.00    0.04   81.73  131.64   18.16  253.10      -1      -1      -1       0   15.65  760.39    0.00  433.48    0.00    0.00    0.00    0.00  763.33  155.24  230.91    0.00    0.00    0.00    0.00    0.00    0.01    0.00    0.00
  -0.060    3228       0       0       0    0.00    0.03   81.23  131.64   18.19  253.58      -1      -1      -1       0    0.00    0.00  742.38    0.00  674.10  751.01  512.20  696.35    0.00    0.00    0.00   33.75    2.78    0.00    0.01    0.01    0.00    0.00    0.00
  -0.050       0       0       0       0    0.00    0.03   81.56  131.58   18.16  255.49      -1      -1      -1       0   15.61  763.69    0.00  434.42    0.00    0.00    0.00    0.00  763.74  155.22  231.11    0.00    0.00    0.00    0.00    0.00    0.01    0.00    0.00
  -0.040    3268       0       0       0    0.00    0.04   82.74  131.57   18.25  256.78      -1      -1      -1       0    0.00    0.00  741.34    0.00  673.42  750.26  512.62  697.74    0.00    0.00    0.00   35.30    2.81    0.00    0.02    0.01    0.00    0.00    0.00
  -0.030       0       0       0       0    0.00    0.05   82.29  131.57   18.31  253.21      -1      -1      -1       0   16.32  767.98    0.00  438.32    0.00    0.00    0.00    0.00  766.77  155.11  231.25    0.00    0.00    0.00    0.00    0.00    0.01    0.00    0.00
  -0.020    3268       0       0       0    0.00    0.11   82.41  131.62   18.31  254.27      -1      -1      -1       0    0.00    0.00  740.87    0.00  673.00  749.46  513.59  698.74    0.00    0.00    0.00   38.76    3.07    0.00    0.02    0.02    0.00    0.00    0.00
  -0.010       0       1       0       0    0.00    0.26   83.83  131.64   18.37  254.85      -1      -1      -1       0   16.48  772.65    0.00  444.48    0.00    0.00    0.00    0.00  772.42  154.91  231.19    0.00    0.00    0.00    0.00    0.00    0.01    0.00    0.00
   0.000    3461       9       0       0  384.56    0.47   85.71  131.64   18.16  257.76      -1      -1      -1       0    0.00    0.00  741.27    0.00  672.88  750.21  515.42  702.87    0.00    0.00    0.00   45.17    3.59    0.00    0.01    0.02    0.00    0.00    0.00
   0.010    3897       0       0       0    0.00    0.66   86.70  131.64   18.05  259.94      -1      -1      -1       0   16.53  778.49    0.00  451.65    0.00    0.00    0.00    0.00  780.01  154.86  230.83    0.00    0.00    0.00    0.00    0.00    0.01    0.00    0.00
   0.020       0       0       0       0    0.00    0.82   87.98  131.64   17.69  261.14      -1      -1      -1       0    0.00    0.00  741.86    0.00  674.30  750.36  520.82  709.26    0.00    0.00    0.00   49.20    4.39    0.01    0.00    0.01    0.00    0.00    0.00
   0.030    4256       0       0       0    0.00    0.93   88.53  131.64   17.38  264.35      -1      -1      -1       0   16.53  785.10    0.00  459.48    0.00    0.00    0.00    0.00  787.61  154.90  230.74    0.00    0.00    0.00    0.00    0.00    0.01    0.00    0.00
   0.040    4581       0       0       0    0.00    1.02   89.41  131.64   16.93  263.70      -1      -1      -1       0    0.00    0.00  742.71    0.00  676.29  751.59  529.73  717.22    0.00    0.00    0.00   51.90    5.18    0.01    0.00    0.00    0.00    0.00    0.00
   0.050    4807     152       0       0   31.63    1.10   89.24  131.64   16.85  265.96      -1      -1      -1       0   16.46  790.29    0.00  469.05    0.00    0.00    0.00    0.00  794.70  155.03  230.81    0.00    0.00    0.00    0.00    0.00    0.01    0.00    0.00
   0.060    5056       0       0       0    0.00    1.18   89.95  131.64   16.71  271.72      -1      -1      -1       0    0.00    0.00  744.32    0.00  679.69  754.55  539.64  723.69    0.00    0.00    0.00   52.70    5.84    0.01    0.01    0.00    0.00    0.00    0.00
   0.070    5221       0       0       0    0.00    1.27   91.06  131.64   16.94  280.78      -1      -1      -1       0   16.30  796.26    0.00  478.63    0.00    0.00    0.00    0.00  803.04  155.11  231.00    0.00    0.00    0.00    0.00    0.00    0.00    0.00    0.00
   0.080       0     237       0       0    0.00    1.36   91.31  131.64   17.21  292.28      -1      -1      -1       0    0.00    0.00  746.61    0.00  683.47  759.89  549.50  730.18    0.00    0.00    0.00   54.15    6.41    0.01    0.01    0.01    0.00    0.00    0.00
   0.090    5368       0       0       0    0.00    1.44   93.03  131.64   17.71  302.62      -1      -1      -1       0   15.99  802.54    0.00  488.09    0.00    0.00    0.00    0.00  811.54  155.14  231.04    0.00    0.00    0.00    0.00    0.00    0.01    0.00    0.00
   0.100    5496       0       0       0    0.00    1.51   93.23  131.64   18.21  311.04      -1      -1      -1       0    0.00    0.00  748.74    0.00  688.96  765.60  559.09  735.47    0.00    0.00    0.00   55.88    7.09    0.01    0.01    0.01    0.00    0.00    0.00
   0.110    5603     275       0       0   20.37    1.58   95.03  131.58   18.64  317.68      -1      -1      -1       0   15.81  809.95    0.00  496.59    0.00    0.00    0.00    0.00  821.21  155.31  231.14    0.00    0.00    0.00    0.00    0.00    0.01    0.00    0.00
   0.120    5696       0       0       0    0.00    1.64   94.96  131.52   19.21  323.07      -1      -1      -1       0    0.00    0.00  749.62    0.00  693.96  771.86  570.01  742.33    0.00    0.00    0.00   56.71    8.06    0.00    0.01    0.01    0.00    0.00    0.00
   0.130    5794     382       0       0   15.17    1.68   95.72  131.44   19.77  326.68      -1      -1      -1       0   16.06  816.29    0.00  507.22    0.00    0.00    0.00    0.00  829.35  155.24  231.52    0.00    0.00    0.00    0.00    0.00    0.01    0.00    0.00
   0.140    5874       0       0       0    0.00    1.71   95.00  131.48   20.17  329.05      -1      -1      -1       0    0.00    0.00  752.03    0.00  700.11  777.86  580.22  749.27    0.00    0.00    0.00   58.16    8.56    0.00    0.01    0.01    0.00    0.00    0.00
   0.150    5963     454       0       0   13.13    1.72   95.57  131.55   20.51  332.40      -1      -1      -1       0   16.28  822.19    0.00  517.15    0.00    0.00    0.00    0.00  837.86  155.17  231.44    0.00    0.00    0.00    0.00    0.00    0.01    0.00    0.00
   0.160    6033     525       0       0   11.49    1.75   95.49  131.62   20.76  335.18      -1      -1      -1       0    0.00    0.00  754.49    0.00  705.95  783.92  591.38  756.98    0.00    0.00    0.00   59.70    8.65    0.00    0.00    0.01    0.00    0.00    0.00
   0.170    6127     611       0       0   10.03    1.78   96.18  131.63   20.97  337.82      -1      -1      -1       0   16.53  829.14    0.00  528.30    0.00    0.00    0.00    0.00  845.70  154.87  231.24    0.00    0.00    0.00    0.00    0.00    0.01    0.00    0.00
   0.180    6179     756       0       0    8.17    1.81   95.96  131.64   21.32  340.91      -1      -1      -1       0    0.00    0.00  758.16    0.00  714.20  791.73  602.00  766.21    0.00    0.00    0.00   62.17    8.26    0.01    0.01    0.00    0.00    0.00    0.00
   0.190    6273     825       0       0    7.60    1.80   96.53  131.64   21.42  343.63      -1      -1      -1       0   16.46  838.91    0.00  538.62    0.00    0.00    0.00    0.00  853.92  155.24  230.76    0.00    0.00    0.00    0.00    0.00    0.02    0.00    0.00
   0.200    6310     832       0       0    7.58    1.84   96.31  131.64   21.73  343.99      -1      -1      -1       0    0.00    0.00  761.64    0.00  723.78  799.91  615.37  776.81    0.00    0.00    0.00   64.23    8.45    0.01    0.00    0.01    0.00    0.00    0.00
   0.210    6399     925       0       0    6.92    1.81   96.77  131.58   22.03  344.24      -1      -1      -1       0   16.41  849.92    0.00  552.30    0.00    0.00    0.00    0.00  862.09  155.45  230.72    0.00    0.00    0.00    0.00    0.00    0.01    0.00    0.00
   0.220    6439       0       0       0    0.00    1.82   96.37  131.57   22.29  343.98      -1      -1      -1       0    0.00    0.00  764.87    0.00  734.10  809.41  630.52  787.98    0.00    0.00    0.00   65.99    8.65    0.01    0.00    0.00    0.00    0.00    0.00
   0.230    6543       0       0       0    0.00    1.81   96.53  131.51   22.74  345.86      -1      -1      -1       0   16.28  861.28    0.00  566.95    0.00    0.00    0.00    0.00  870.77  155.62  230.71    0.00    0.00    0.00    0.00    0.00    0.00    0.00    0.00
   0.240    6641    1031       0       0    6.44    1.82   96.64  131.55   22.99  344.87      -1      -1      -1       0    0.00    0.00  768.92    0.00  744.83  818.36  646.59  799.09    0.00    0.00    0.00   66.55    8.96    0.01    0.00    0.00    0.00    0.00    0.00
   0.250    6642       0       0       0    0.00    1.82   96.79  131.51   23.70  345.11      -1      -1      -1       0   16.10  872.06    0.00  583.28    0.00    0.00    0.00    0.00  880.89  155.43  230.80    0.00    0.00    0.00    0.00    0.00    0.00    0.00    0.00
   0.260    6737    1230       0       0    5.48    1.83   97.35  131.55   23.76  344.68      -1      -1      -1       0    0.00    0.00  772.63    0.00  756.24  829.25  662.74  811.20    0.00    0.00    0.00   68.26    8.88    0.02    0.01    0.01    0.00    0.00    0.00
   0.270    6737       0       0       0    0.00    1.82   96.67  131.51   24.05  346.52      -1      -1      -1       0   15.81  884.14    0.00  599.98    0.00    0.00    0.00    0.00  891.86  155.44  230.91    0.00    0.00    0.00    0.00    0.00    0.00    0.00    0.00
   0.280    6780       0       0       0    0.00    1.82   96.70  131.61   23.87  348.76      -1      -1      -1       0    0.00    0.00  775.08    0.00  769.23  841.33  677.74  825.30    0.00    0.00    0.00   69.74    8.84    0.02    0.01    0.01    0.00    0.00    0.00
   0.290    6780    1410       0       0    4.81    1.82   95.61  131.58   23.65  350.62      -1      -1      -1       0   15.68  897.72    0.00  616.50    0.00    0.00    0.00    0.00  903.74  155.44  231.20    0.00    0.00    0.00    0.00    0.00    0.01    0.00    0.00
   0.300    6780    1551       0       0    4.37    1.82   95.75  131.57   23.35  351.90      -1      -1      -1       0    0.00    0.00  775.86    0.00  781.77  855.38  692.98  840.46    0.00    0.00    0.00   71.35    8.67    0.00    0.02    0.01    0.00    0.00    0.00
   0.310    6780       0       0       0    0.00    1.80   94.40  131.51   23.46  352.21      -1      -1      -1       0   15.94  910.51    0.00  634.40    0.00    0.00    0.00    0.00  915.51  155.22  231.44    0.00    0.00    0.00    0.00    0.00    0.01    0.00    0.00
   0.320    6780    1662       0       0    4.08    1.80   92.37  131.50   24.11  353.59      -1      -1      -1       0    0.00    0.00  776.50    0.00  793.18  869.16  706.68  856.21    0.00    0.00    0.00   71.81    8.63    0.00    0.02    0.01    0.00    0.00    0.00
   0.330    6763       0       0       0    0.00    1.80   89.40  131.55   24.27  352.96      -1      -1      -1       0   16.39  923.89    0.00  649.39    0.00    0.00    0.00    0.00  927.00  155.05  231.33    0.00    0.00    0.00    0.00    0.00    0.01    0.00    0.00
   0.340    6763    1776       0       0    3.81    1.79   85.38  131.56   24.38  352.48      -1      -1      -1       0    0.00    0.00  776.82    0.00  804.28  883.28  721.03  871.85    0.00    0.00    0.00   73.11    8.62    0.01    0.00    0.01    0.00    0.00    0.00
   0.350    6763       0       0       0    0.00    1.79   81.62  131.62   23.91  351.39      -1      -1      -1       0   16.44  935.88    0.00  664.08    0.00    0.00    0.00    0.00  939.30  154.89  231.04    0.00    0.00    0.00    0.00    0.00    0.01    0.00    0.00
   0.360    6763    1828       0       0    3.70    1.79   77.47  131.64   23.50  351.60      -1      -1      -1       0    0.00    0.00  777.16    0.00  817.78  895.62  735.65  888.04    0.00    0.00    0.00   76.04    8.56    0.01    0.01    0.00    0.00    0.00    0.00
   0.370    6789    1894       0       0    3.58    1.80   76.14  131.53   23.22  350.85      -1      -1      -1       0   16.41  950.41    0.00  676.77    0.00    0.00    0.00    0.00  950.37  154.91  230.71    0.00    0.00    0.00    0.00    0.00    0.02    0.00    0.00
   0.380    6789       0       0       0    0.00    1.80   76.65  131.50   23.34  350.01      -1      -1      -1       0    0.00    0.00  778.91    0.00  831.71  908.12  751.80  905.22    0.00    0.00    0.00   81.16    8.49    0.01    0.00    0.01    0.00    0.00    0.00
   0.390    6868    1953       0       0    3.52    1.80   78.82  131.44   23.98  348.01      -1      -1      -1       0   16.35  963.82    0.00  692.15    0.00    0.00    0.00    0.00  962.25  155.03  230.80    0.00    0.00    0.00    0.00    0.00    0.01    0.00    0.00
   0.400    6868    2020       0       0    3.40    1.79   81.96  131.53   24.17  345.24      -1      -1      -1       0    0.00    0.00  782.49    0.00  845.76  920.29  767.86  920.45    0.00    0.00    0.00   88.90    8.39    0.01    0.01    0.01    0.00    0.00    0.00
   0.410    6925       0       0       0    0.00    1.81   84.08  131.50   24.44  342.44      -1      -1      -1       0   16.21  977.52    0.00  708.12    0.00    0.00    0.00    0.00  973.59  155.17  230.91    0.00    0.00    0.00    0.00    0.00    0.00    0.00    0.00
   0.420    6977    2062       0       0    3.38    1.80   85.77  131.50   24.47  339.80      -1      -1      -1       0    0.00    0.00  788.51    0.00  857.21  932.88  782.86  934.13    0.00    0.00    0.00   98.88    8.26    0.02    0.00    0.01    0.00    0.00    0.00
   0.430    6977    2135       0       0    3.27    1.80   86.29  131.49   24.30  338.65      -1      -1      -1       0   16.01  989.70    0.00  722.95    0.00    0.00    0.00    0.00  986.79  155.32  231.11    0.00    0.00    0.00    0.00    0.00    0.00    0.00    0.00
   0.440    7041    2166       0       0    3.25    1.79   87.43  131.55   24.27  336.90      -1      -1      -1       0    0.00    0.00  794.93    0.00  868.61  944.59  796.28  945.32    0.00    0.00    0.00  108.82    8.11    0.01    0.01    0.01    0.00    0.00    0.00
   0.450    7041       0       0       0    0.00    1.81   88.17  131.62   24.51  335.17      -1      -1      -1       0   15.77 1001.63    0.00  735.42    0.00    0.00    0.00    0.00  998.91  155.41  231.16    0.00    0.00    0.00    0.00    0.00    0.01    0.00    0.00
   0.460    7150    2229       0       0    3.21    1.81   88.09  131.58   25.21  331.33      -1      -1      -1       0    0.00    0.00  801.92    0.00  879.94  954.85  808.71  957.50    0.00    0.00    0.00  116.47    8.32    0.01    0.01    0.01    0.00    0.00    0.00
   0.470    7150    2266       0       0    3.16    1.83   87.52  131.51   25.29  328.91      -1      -1      -1       0   15.86 1011.40    0.00  746.28    0.00    0.00    0.00    0.00 1009.83  155.38  231.43    0.00    0.00    0.00    0.00    0.00    0.01    0.00    0.00
   0.480    7150    2331       0       0    3.07    1.82   87.35  131.50   24.94  326.20      -1      -1      -1       0    0.00    0.00  808.65    0.00  889.89  963.75  820.64  968.48    0.00    0.00    0.00  122.10    8.49    0.00    0.02    0.01    0.00    0.00    0.00
   0.490    7158       0       0       0    0.00    1.82   87.46  131.55   24.97  326.17      -1      -1      -1       0   16.17 1019.35    0.00  757.25    0.00    0.00    0.00    0.00 1018.49  155.20  231.85    0.00    0.00    0.00    0.00    0.00    0.01    0.00    0.00
   0.500    7158    2368       0       0    3.02    1.81   87.33  131.62   25.42  328.27      -1      -1      -1       0    0.00    0.00  816.80    0.00  898.19  970.73  831.82  978.07    0.00    0.00    0.00  125.15    8.55    0.01    0.02    0.02    0.00    0.00    0.00
   0.510    7249    2438       0       0    2.97    1.81   87.04  131.63   26.05  329.61      -1      -1      -1       0   16.35 1025.14    0.00  767.02    0.00    0.00    0.00    0.00 1025.55  154.99  231.96    0.00    0.00    0.00    0.00    0.00    0.01    0.00    0.00
   0.520    7249    2458       0       0    2.95    1.81   86.74  131.64   25.94  331.57      -1      -1      -1       0    0.00    0.00  824.74    0.00  905.00  977.06  840.04  985.33    0.00    0.00    0.00  127.48    8.27    0.01    0.01    0.02    0.00    0.00    0.00
   0.530    7249    2508       0       0    2.89    1.80   86.05  131.64   25.55  331.89      -1      -1      -1       0   16.41 1030.59    0.00  774.33    0.00    0.00    0.00    0.00 1030.50  154.93  231.63    0.00    0.00    0.00    0.00    0.00    0.01    0.00    0.00
   0.540    7249    2512       0       0    2.89    1.81   84.80  131.64   25.70  334.24      -1      -1      -1       0    0.00    0.00  832.91    0.00  912.97  982.43  845.27  991.85    0.00    0.00    0.00  127.01    8.14    0.01    0.00    0.00    0.00    0.00    0.00
   0.550    7249       0       0       0    0.00    1.82   83.46  131.64   26.20  336.29      -1      -1      -1       0   16.37 1036.44    0.00  779.09    0.00    0.00    0.00    0.00 1034.26  155.03  231.20    0.00    0.00    0.00    0.00    0.00    0.01    0.00    0.00
   0.560    7256    2553       0       0    2.84    1.83   82.34  131.64   26.73  337.93      -1      -1      -1       0    0.00    0.00  839.73    0.00  920.88  987.02  852.47  997.31    0.00    0.00    0.00  127.36    8.14    0.01    0.00    0.01    0.00    0.00    0.00
   0.570    7256    2564       0       0    2.83    1.83   81.58  131.58   26.74  338.83      -1      -1      -1       0   16.32 1041.41    0.00  785.11    0.00    0.00    0.00    0.00 1037.80  155.12  231.01    0.00    0.00    0.00    0.00    0.00    0.01    0.00    0.00
   0.580    7256    2594       0       0    2.80    1.85   80.90  131.57   26.44  338.90      -1      -1      -1       0    0.00    0.00  845.88    0.00  927.21  989.46  858.56 1002.41    0.00    0.00    0.00  126.85    8.14    0.01    0.01    0.00    0.00    0.00    0.00
   0.590    7262    2598       0       0    2.80    1.85   80.67  131.51   26.66  338.75      -1      -1      -1       0   16.21 1045.82    0.00  789.96    0.00    0.00    0.00    0.00 1041.51  155.19  231.05    0.00    0.00    0.00    0.00    0.00    0.00    0.00    0.00
   0.600    7262    2630       0       0    2.76    1.84   80.61  131.55   26.70  338.39      -1      -1      -1       0    0.00    0.00  852.08    0.00  932.76  993.12  864.37 1006.33    0.00    0.00    0.00  128.03    8.14    0.01    0.01    0.01    0.00    0.00    0.00
   0.610    7283    2630       0       0    2.77    1.85   80.04  131.56   27.10  336.19      -1      -1      -1       0   15.92 1048.15    0.00  795.29    0.00    0.00    0.00    0.00 1046.11  155.16  231.14    0.00    0.00    0.00    0.00    0.00    0.00    0.00    0.00
   0.620    7292       0       0       0    0.00    1.85   79.22  131.62   27.27  333.53      -1      -1      -1       0    0.00    0.00  857.25    0.00  937.39  996.59  867.65 1008.58    0.00    0.00    0.00  130.03    8.17    0.01    0.01    0.01    0.00    0.00    0.00
   0.630    7292    2652       0       0    2.75    1.84   78.04  131.64   27.38  330.11      -1      -1      -1       0   15.79 1050.85    0.00  800.48    0.00    0.00    0.00    0.00 1050.03  155.37  231.34    0.00    0.00    0.00    0.00    0.00    0.00    0.00    0.00
   0.640    7317    2652       0       0    2.76    1.84   77.42  131.58   27.54  328.29      -1      -1      -1       0    0.00    0.00  864.93    0.00  941.68  999.82  871.72 1012.52    0.00    0.00    0.00  132.42    8.27    0.00    0.01    0.01    0.00    0.00    0.00
   0.650    7317    2665       0       0    2.75    1.84   76.91  131.57   26.97  328.48      -1      -1      -1       0   15.86 1052.75    0.00  806.64    0.00    0.00    0.00    0.00 1053.53  155.37  231.83    0.00    0.00    0.00    0.00    0.00    0.01    0.00    0.00
   0.660    7334    2665       0       0    2.75    1.83   76.98  131.57   26.76  329.50      -1      -1      -1       0    0.00    0.00  871.10    0.00  944.81 1002.51  874.54 1015.55    0.00    0.00    0.00  135.37    8.35    0.00    0.01    0.01    0.00    0.00    0.00
   0.670    7340    2693       0       0    2.73    1.82   76.73  131.62   26.84  331.37      -1      -1      -1       0   16.21 1055.47    0.00  812.06    0.00    0.00    0.00    0.00 1055.46  155.31  231.69    0.00    0.00    0.00    0.00    0.00    0.01    0.00    0.00
   0.680    7340    2693       0       0    2.73    1.82   76.19  131.64   27.57  332.49      -1      -1      -1       0    0.00    0.00  877.93    0.00  948.55 1004.14  877.72 1017.85    0.00    0.00    0.00  136.89    8.61    0.01    0.01    0.01    0.00    0.00    0.00
   0.690    7394    2703       0       0    2.74    1.82   74.56  131.64   27.94  333.42      -1      -1      -1       0   16.41 1056.40    0.00  816.63    0.00    0.00    0.00    0.00 1057.90  154.96  231.56    0.00    0.00    0.00    0.00    0.00    0.01    0.00    0.00
   0.700    7394    2703       0       0    2.74    1.81   73.60  131.64   27.60  333.33      -1      -1      -1       0    0.00    0.00  884.13    0.00  952.63 1005.46  880.27 1018.91    0.00    0.00    0.00  137.14    8.70    0.01    0.01    0.00    0.00    0.00    0.00
   0.710    7394    2721       0       0    2.72    1.81   72.87  131.64   27.03  332.98      -1      -1      -1       0   16.44 1058.48    0.00  819.98    0.00    0.00    0.00    0.00 1058.78  154.87  231.01    0.00    0.00    0.00    0.00    0.00    0.01    0.00    0.00
   0.720    7394       0       0       0    0.00    1.81   73.41  131.64   26.89  331.43      -1      -1      -1       0    0.00    0.00  890.34    0.00  958.69 1007.40  884.57 1020.94    0.00    0.00    0.00  136.82    8.75    0.00    0.00    0.01    0.00    0.00    0.00
   0.730    7382    2721       0       0    2.71    1.82   74.35  131.64   27.20  329.59      -1      -1      -1       0   16.37 1060.88    0.00  825.16    0.00    0.00    0.00    0.00 1060.79  154.91  231.05    0.00    0.00    0.00    0.00    0.00    0.01    0.00    0.00
   0.740    7382    2741       0       0    2.69    1.81   75.72  131.64   27.56  326.53      -1      -1      -1       0    0.00    0.00  896.42    0.00  963.87 1008.95  889.54 1022.91    0.00    0.00    0.00  135.62    8.53    0.01    0.00    0.01    0.00    0.00    0.00
   0.750    7401    2741       0       0    2.70    1.82   77.13  131.64   27.96  325.12      -1      -1      -1       0   16.28 1062.68    0.00  830.47    0.00    0.00    0.00    0.00 1062.72  154.91  231.14    0.00    0.00    0.00    0.00    0.00    0.01    0.00    0.00
   0.760    7401    2748       0       0    2.69    1.82   78.10  131.64   27.98  323.47      -1      -1      -1       0    0.00    0.00  902.48    0.00  968.83 1009.65  894.55 1025.51    0.00    0.00    0.00  135.85    8.43    0.01    0.01    0.00    0.00    0.00    0.00
   0.770    7417    2748       0       0    2.70    1.83   79.22  131.64   28.16  322.57      -1      -1      -1       0   16.15 1064.42    0.00  836.18    0.00    0.00    0.00    0.00 1065.31  154.92  231.34    0.00    0.00    0.00    0.00    0.00    0.00    0.00    0.00
   0.780    7417    2772       0       0    2.68    1.82   79.37  131.64   27.54  323.16      -1      -1      -1       0    0.00    0.00  907.61    0.00  972.20 1011.91  898.80 1026.42    0.00    0.00    0.00  136.29    8.37    0.02    0.00    0.01    0.00    0.00    0.00
   0.790    7428    2772       0       0    2.68    1.83   79.54  131.64   27.23  324.60      -1      -1      -1       0   15.79 1066.48    0.00  841.08    0.00    0.00    0.00    0.00 1068.02  154.97  231.48    0.00    0.00    0.00    0.00    0.00    0.00    0.00    0.00
   0.800    7444    2792       0       0    2.67    1.83   78.99  131.64   27.06  327.07      -1      -1      -1       0    0.00    0.00  913.01    0.00  975.67 1013.85  901.10 1028.03    0.00    0.00    0.00  137.32    8.38    0.02    0.01    0.01    0.00    0.00    0.00
   0.810    7444    2792       0       0    2.67    1.83   78.70  131.64   27.67  329.47      -1      -1      -1       0   15.72 1069.04    0.00  845.45    0.00    0.00    0.00    0.00 1071.33  155.10  231.69    0.00    0.00    0.00    0.00    0.00    0.01    0.00    0.00
   0.820    7456    2826       0       0    2.64    1.82   78.39  131.58   28.00  331.21      -1      -1      -1       0    0.00    0.00  917.36    0.00  978.84 1016.48  903.31 1031.23    0.00    0.00    0.00  137.84    8.66    0.00    0.02    0.01    0.00    0.00    0.00
   0.830    7456    2826       0       0    2.64    1.82   78.03  131.57   27.81  333.75      -1      -1      -1       0   15.92 1071.32    0.00  849.11    0.00    0.00    0.00    0.00 1072.98  155.13  232.00    0.00    0.00    0.00    0.00    0.00    0.01    0.00    0.00
   0.840    7456    2835       0       0    2.63    1.81   77.61  131.63   27.41  333.73      -1      -1      -1       0    0.00    0.00  923.36    0.00  982.42 1018.30  906.01 1034.90    0.00    0.00    0.00  137.58    8.83    0.00    0.02    0.02    0.00    0.00    0.00
   0.850    7456    2835       0       0    2.63    1.80   77.05  131.69   27.56  334.05      -1      -1      -1       0   16.39 1073.19    0.00  852.97    0.00    0.00    0.00    0.00 1074.88  155.25  231.82    0.00    0.00    0.00    0.00    0.00    0.01    0.00    0.00
   0.860    7456       0       0       0    0.00    1.80   77.24  131.71   27.58  335.43      -1      -1      -1       0    0.00    0.00  928.14    0.00  985.12 1020.09  908.34 1038.52    0.00    0.00    0.00  139.21    8.91    0.01    0.00    0.02    0.00    0.00    0.00
   0.870    7459    2850       0       0    2.62    1.81   77.32  131.66   27.67  338.53      -1      -1      -1       0   16.44 1074.01    0.00  856.27    0.00    0.00    0.00    0.00 1075.59  155.17  231.51    0.00    0.00    0.00    0.00    0.00    0.01    0.00    0.00
   0.880    7468    2850       0       0    2.62    1.80   77.27  131.64   27.68  343.36      -1      -1      -1       0    0.00    0.00  933.44    0.00  990.88 1021.71  909.80 1040.88    0.00    0.00    0.00  140.21    8.79    0.01    0.01    0.00    0.00    0.00    0.00
   0.890    7468    2875       0       0    2.60    1.81   77.26  131.70   28.30  347.49      -1      -1      -1       0   16.44 1075.90    0.00  858.16    0.00    0.00    0.00    0.00 1076.56  155.15  231.00    0.00    0.00    0.00    0.00    0.00    0.02    0.00    0.00
   0.900    7494    2878       0       0    2.60    1.82   77.16  131.71   28.57  351.92      -1      -1      -1       0    0.00    0.00  937.26    0.00  996.18 1022.85  913.72 1042.53    0.00    0.00    0.00  141.04    8.95    0.01    0.00    0.00    0.00    0.00    0.00
   0.910    7502    2893       0       0    2.59    1.81   76.72  131.72   28.42  356.27      -1      -1      -1       0   16.37 1078.25    0.00  862.35    0.00    0.00    0.00    0.00 1077.79  154.98  231.04    0.00    0.00    0.00    0.00    0.00    0.02    0.00    0.00
   0.920    7502    2893       0       0    2.59    1.81   75.99  131.66   27.96  358.33      -1      -1      -1       0    0.00    0.00  941.34    0.00 1001.54 1024.30  918.39 1043.78    0.00    0.00    0.00  140.21    9.22    0.01    0.01    0.00    0.00    0.00    0.00
   0.930    7511    2936       0       0    2.56    1.81   75.68  131.64   28.05  359.82      -1      -1      -1       0   16.28 1080.44    0.00  866.71    0.00    0.00    0.00    0.00 1078.23  155.04  231.14    0.00    0.00    0.00    0.00    0.00    0.00    0.00    0.00
   0.940    7511    2951       0       0    2.55    1.78   75.86  131.64   27.95  360.19      -1      -1      -1       0    0.00    0.00  944.72    0.00 1005.02 1027.07  923.26 1045.26    0.00    0.00    0.00  140.19    9.22    0.02    0.01    0.01    0.00    0.00    0.00
   0.950    7511    2953       0       0    2.54    1.77   75.51  131.64   27.93  359.96      -1      -1      -1       0   16.06 1081.80    0.00  871.13    0.00    0.00    0.00    0.00 1080.82  155.06  231.43    0.00    0.00    0.00    0.00    0.00    0.00    0.00    0.00
   0.960    7511    2953       0       0    2.54    1.77   74.16  131.64   27.86  358.12      -1      -1      -1       0    0.00    0.00  948.46    0.00 1008.14 1030.17  926.52 1045.81    0.00    0.00    0.00  140.58    8.95    0.01    0.01    0.01    0.00    0.00    0.00
   0.970    7511    2976       0       0    2.52    1.75   72.30  131.70   28.18  356.36      -1      -1      -1       0   15.77 1082.51    0.00  874.68    0.00    0.00    0.00    0.00 1083.68  155.18  231.59    0.00    0.00    0.00    0.00    0.00    0.01    0.00    0.00
   0.980    7527    2976       0       0    2.53    1.74   71.29  131.71   28.43  353.33      -1      -1      -1       0    0.00    0.00  951.69    0.00 1011.27 1033.59  929.05 1047.56    0.00    0.00    0.00  140.09    8.64    0.01    0.01    0.01    0.00    0.00    0.00
   0.990    7527    2985       0       0    2.52    1.75   72.43  131.66   28.60  351.76      -1      -1      -1       0   15.81 1082.93    0.00  878.98    0.00    0.00    0.00    0.00 1087.02  155.15  231.81    0.00    0.00    0.00    0.00    0.00    0.01    0.00    0.00
   1.000    7524    2985       0       0    2.52    1.74   74.37  131.65   28.40  350.56      -1      -1      -1       0    0.00    0.00  954.88    0.00 1015.22 1036.25  932.01 1049.83    0.00    0.00    0.00  140.82    8.61    0.00    0.02    0.01    0.00    0.00    0.00
   1.010    7524    3007       0       0    2.50    1.74   75.63  131.64   28.68  353.82      -1      -1      -1       0   16.12 1083.60    0.00  882.81    0.00    0.00    0.00    0.00 1088.71  155.14  231.68    0.00    0.00    0.00    0.00    0.00    0.01    0.00    0.00
   1.020    7525    3007       0       0    2.50    1.74   75.88  131.76   28.21  358.53      -1      -1      -1       0    0.00    0.00  959.32    0.00 1018.43 1037.91  934.00 1051.98    0.00    0.00    0.00  141.32    8.67    0.01    0.02    0.02    0.00    0.00    0.00
   1.030    7536    3025       0       0    2.49    1.74   75.81  131.78   28.01  364.09      -1      -1      -1       0   16.39 1084.27    0.00  886.23    0.00    0.00    0.00    0.00 1089.27  154.97  231.48    0.00    0.00    0.00    0.00    0.00    0.01    0.00    0.00
   1.040    7542    3025       0       0    2.49    1.74   76.35  131.85   27.87  368.72      -1      -1      -1       0    0.00    0.00  963.55    0.00 1020.77 1038.78  936.80 1053.76    0.00    0.00    0.00  143.35    8.73    0.00    0.00    0.02    0.00    0.00    0.00
   1.050    7542    3050       0       0    2.47    1.74   77.26  131.86   28.30  371.98      -1      -1      -1       0   16.48 1086.79    0.00  888.13    0.00    0.00    0.00    0.00 1089.72  154.93  231.16    0.00    0.00    0.00    0.00    0.00    0.01    0.00    0.00
   1.060    7573    3050       0       0    2.48    1.74   78.78  131.87   28.74  373.94      -1      -1      -1       0    0.00    0.00  967.53    0.00 1025.03 1039.28  937.75 1055.00    0.00    0.00    0.00  143.39    8.74    0.01    0.00    0.00    0.00    0.00    0.00
   1.070    7580    3089       0       0    2.45    1.74   79.26  131.87   29.29  374.75      -1      -1      -1       0   16.46 1089.68    0.00  890.10    0.00    0.00    0.00    0.00 1090.07  154.92  231.09    0.00    0.00    0.00    0.00    0.00    0.01    0.00    0.00
   1.080    7580    3089       0       0    2.45    1.74   78.53  131.87   29.62  375.11      -1      -1      -1       0    0.00    0.00  970.08    0.00 1029.50 1039.56  940.76 1056.51    0.00    0.00    0.00  143.86    8.73    0.01    0.00    0.00    0.00    0.00    0.00
   1.090    7602    3125       0       0    2.43    1.74   76.64  131.87   29.58  375.85      -1      -1      -1       0   16.32 1092.57    0.00  892.67    0.00    0.00    0.00    0.00 1091.24  155.03  231.15    0.00    0.00    0.00    0.00    0.00    0.01    0.00    0.00
   1.100    7602    3125       0       0    2.43    1.73   74.87  131.87   28.78  374.57      -1      -1      -1       0    0.00    0.00  973.19    0.00 1033.50 1039.79  944.70 1058.86    0.00    0.00    0.00  143.59    8.93    0.00    0.01    0.00    0.00    0.00    0.00
   1.110    7602    3147       0       0    2.42    1.73   73.06  131.87   28.18  373.93      -1      -1      -1       0   16.26 1094.17    0.00  896.73    0.00    0.00    0.00    0.00 1092.99  155.12  231.26    0.00    0.00    0.00    0.00    0.00    0.00    0.00    0.00
   1.120    7602    3157       0       0    2.41    1.72   72.19  131.81   28.31  372.48      -1      -1      -1       0    0.00    0.00  975.67    0.00 1036.10 1040.72  948.34 1059.63    0.00    0.00    0.00  144.17    8.96    0.02    0.01    0.01    0.00    0.00    0.00
   1.130    7602    3157       0       0    2.41    1.72   72.84  131.80   28.38  372.43      -1      -1      -1       0   15.92 1095.07    0.00  901.21    0.00    0.00    0.00    0.00 1095.47  155.14  231.46    0.00    0.00    0.00    0.00    0.00    0.00    0.00    0.00
   1.140    7610    3194       0       0    2.38    1.73   73.75  131.79   28.53  371.13      -1      -1      -1       0    0.00    0.00  978.14    0.00 1037.87 1041.85  951.21 1060.25    0.00    0.00    0.00  144.32    8.98    0.02    0.01    0.01    0.00    0.00    0.00
   1.150    7629    3194       0       0    2.39    1.73   73.95  131.85   28.61  370.48      -1      -1      -1       0   15.83 1096.03    0.00  905.62    0.00    0.00    0.00    0.00 1097.22  155.37  231.60    0.00    0.00    0.00    0.00    0.00    0.00    0.00    0.00
   1.160    7629    3215       0       0    2.37    1.72   74.48  131.87   29.06  357.83      -1      -1      -1       0    0.00    0.00  980.93    0.00 1040.09 1043.61  952.97 1061.88    0.00    0.00    0.00  145.41    8.77    0.00    0.01    0.01    0.00    0.00    0.00
   1.170    7645    3215       0       0    2.38    1.72   75.27  131.87   29.26  336.51      -1      -1      -1       0   15.90 1097.30    0.00  910.10    0.00    0.00    0.00    0.00 1098.96  155.37  231.89    0.00    0.00    0.00    0.00    0.00    0.01    0.00    0.00
   1.180    7645    3225       0       0    2.37    1.72   75.88  131.87   29.63  314.00      -1      -1      -1       0    0.00    0.00  984.23    0.00 1043.14 1044.64  954.34 1063.24    0.00    0.00    0.00  144.63    8.69    0.00    0.01    0.01    0.00    0.00    0.00
   1.190    7645    3225       0       0    2.37    1.70   74.84  131.92   29.69  302.53      -1      -1      -1       0   16.28 1098.64    0.00  913.68    0.00    0.00    0.00    0.00 1099.66  155.31  231.79    0.00    0.00    0.00    0.00    0.00    0.01    0.00    0.00
   1.200    7645    3237       0       0    2.36    1.68   73.86  131.94   29.86  299.99      -1      -1      -1       0    0.00    0.00  988.15    0.00 1046.00 1046.55  955.87 1064.73    0.00    0.00    0.00  144.50    8.63    0.01    0.01    0.01    0.00    0.00    0.00
   1.210    7645    3237       0       0    2.36    1.66   73.52  131.94   29.26  300.49      -1      -1      -1       0   16.41 1099.61    0.00  916.64    0.00    0.00    0.00    0.00 1101.05  154.96  231.59    0.00    0.00    0.00    0.00    0.00    0.00    0.00    0.00
   1.220    7645    3237       0       0    2.36    1.66   72.63  131.94   28.66  307.75      -1      -1      -1       0    0.00    0.00  991.40    0.00 1048.08 1048.94  957.34 1065.30    0.00    0.00    0.00  143.35    8.61    0.01    0.00    0.00    0.00    0.00    0.00
   1.230    7651    3226       0       0    2.37    1.60   71.66  131.94   28.65  329.67      -1      -1      -1       0   16.41 1101.43    0.00  919.30    0.00    0.00    0.00    0.00 1102.37  154.82  231.19    0.00    0.00    0.00    0.00    0.00    0.02    0.00    0.00
   1.240    7651    3182       0       0    2.40    1.57   71.48  131.94   28.67  362.38      -1      -1      -1       0    0.00    0.00  994.18    0.00 1051.77 1050.70  958.85 1066.16    0.00    0.00    0.00  145.36    8.60    0.01    0.00    0.01    0.00    0.00    0.00
   1.250    7638    3182       0       0    2.40    1.54   71.86  131.94   28.73  384.50      -1      -1      -1       0   16.41 1102.43    0.00  923.13    0.00    0.00    0.00    0.00 1104.26  154.84  231.18    0.00    0.00    0.00    0.00    0.00    0.02    0.00    0.00
   1.260    7637    2934       0       0    2.60    1.45   71.95  131.94   27.74  391.17      -1      -1      -1       0    0.00    0.00  996.74    0.00 1055.17 1051.98  961.70 1066.90    0.00    0.00    0.00  145.33    8.81    0.01    0.00    0.00    0.00    0.00    0.00
   1.270    7631    2934       0       0    2.60    1.37   71.30  132.00   27.59  385.70      -1      -1      -1       0   16.35 1104.35    0.00  927.13    0.00    0.00    0.00    0.00 1105.35  154.95  231.27    0.00    0.00    0.00    0.00    0.00    0.01    0.00    0.00
   1.280    7631    3019       0       0    2.53    1.36   71.97  132.01   27.75  384.50      -1      -1      -1       0    0.00    0.00  999.16    0.00 1057.49 1051.54  964.37 1067.67    0.00    0.00    0.00  146.11    8.84    0.01    0.01    0.00    0.00    0.00    0.00
   1.290    7594    3084       0       0    2.46    1.36   72.92  132.07   28.88  385.17      -1      -1      -1       0   16.12 1106.29    0.00  930.49    0.00    0.00    0.00    0.00 1107.75  155.04  231.46    0.00    0.00    0.00    0.00    0.00    0.00    0.00    0.00
   1.300    7568    3183       0       0    2.38    1.35   74.23  132.09   29.19  385.17      -1      -1      -1       0    0.00    0.00 1000.61    0.00 1058.64 1052.51  966.82 1068.12    0.00    0.00    0.00  144.15    8.82    0.02    0.01    0.01    0.00    0.00    0.00
   1.310    7565    3183       0       0    2.38    1.35   75.01  132.09   29.58  385.99      -1      -1      -1       0   15.81 1107.96    0.00  933.77    0.00    0.00    0.00    0.00 1109.80  155.12  231.60    0.00    0.00    0.00    0.00    0.00    0.00    0.00    0.00
   1.320    7543    3180       0       0    2.37    1.34   75.27  132.09   29.04  385.22      -1      -1      -1       0    0.00    0.00 1002.73    0.00 1060.68 1053.32  968.30 1070.02    0.00    0.00    0.00  144.25    8.66    0.02    0.01    0.01    0.00    0.00    0.00
   1.330    7514    3145       0       0    2.39    1.32   75.04  132.09   28.61  384.38      -1      -1      -1       0   15.72 1108.68    0.00  936.45    0.00    0.00    0.00    0.00 1111.14  155.36  231.72    0.00    0.00    0.00    0.00    0.00    0.01    0.00    0.00
   1.340    7514    3145       0       0    2.39    1.29   74.79  131.98   28.26  381.57      -1      -1      -1       0    0.00    0.00 1003.90    0.00 1062.67 1055.03  969.98 1071.84    0.00    0.00    0.00  143.43    8.60    0.01    0.02    0.01    0.00    0.00    0.00
   1.350    7505    3145       0       0    2.39    1.29   75.54  131.95   28.15  380.06      -1      -1      -1       0   16.08 1109.16    0.00  939.44    0.00    0.00    0.00    0.00 1112.27  155.31  232.10    0.00    0.00    0.00    0.00    0.00    0.01    0.00    0.00
   1.360    7505    3182       0       0    2.36    1.28   76.57  131.94   28.25  377.73      -1      -1      -1       0    0.00    0.00 1006.36    0.00 1063.48 1056.55  971.07 1074.39    0.00    0.00    0.00  142.70    8.59    0.00    0.02    0.01    0.00    0.00    0.00
   1.370    7505    3203       0       0    2.34    1.27   77.31  132.05   28.61  378.12      -1      -1      -1       0   16.28 1109.40    0.00  941.48    0.00    0.00    0.00    0.00 1112.76  155.19  231.93    0.00    0.00    0.00    0.00    0.00    0.01    0.00    0.00
   1.380    7505    3203       0       0    2.34    1.27   77.92  132.14   29.01  376.76      -1      -1      -1       0    0.00    0.00 1008.88    0.00 1064.49 1058.87  972.52 1076.16    0.00    0.00    0.00  141.73    8.65    0.00    0.00    0.01    0.00    0.00    0.00
   1.390    7509    3216       0       0    2.33    1.27   78.39  132.16   29.31  376.59      -1      -1      -1       0   16.46 1109.63    0.00  943.38    0.00    0.00    0.00    0.00 1113.54  154.87  231.71    0.00    0.00    0.00    0.00    0.00    0.02    0.00    0.00
   1.400    7514    3216       0       0    2.34    1.26   78.55  132.16   28.87  373.95      -1      -1      -1       0    0.00    0.00 1011.23    0.00 1067.10 1060.09  973.03 1077.47    0.00    0.00    0.00  141.23    8.69    0.01    0.00    0.01    0.00    0.00    0.00
   1.410    7514    3245       0       0    2.32    1.26   78.55  132.17   28.26  370.53      -1      -1      -1       0   16.46 1110.99    0.00  944.17    0.00    0.00    0.00    0.00 1113.79  154.96  231.05    0.00    0.00    0.00    0.00    0.00    0.02    0.00    0.00
   1.420    7517    3245       0       0    2.32    1.26   78.39  132.17   28.05  365.79      -1      -1      -1       0    0.00    0.00 1012.21    0.00 1070.08 1061.25  975.67 1078.09    0.00    0.00    0.00  141.17    8.70    0.01    0.00    0.00    0.00    0.00    0.00
   1.430    7517    3260       0       0    2.31    1.25   79.10  132.22   28.16  363.63      -1      -1      -1       0   16.46 1112.66    0.00  946.51    0.00    0.00    0.00    0.00 1114.90  155.15  231.06    0.00    0.00    0.00    0.00    0.00    0.02    0.00    0.00
   1.440    7522    3260       0       0    2.31    1.26   80.25  132.18   28.34  361.79      -1      -1      -1       0    0.00    0.00 1012.42    0.00 1073.45 1061.73  978.56 1078.93    0.00    0.00    0.00  142.01    8.69    0.01    0.00    0.00    0.00    0.00    0.00
   1.450    7522    3286       0       0    2.29    1.26   81.51  132.17   28.32  360.36      -1      -1      -1       0   16.26 1114.61    0.00  948.94    0.00    0.00    0.00    0.00 1115.17  155.26  231.06    0.00    0.00    0.00    0.00    0.00    0.00    0.00    0.00
   1.460    7522    3286       0       0    2.29    1.26   82.21  132.17   28.36  358.87      -1      -1      -1       0    0.00    0.00 1014.01    0.00 1076.52 1062.95  981.91 1079.67    0.00    0.00    0.00  142.15    8.67    0.01    0.01    0.00    0.00    0.00    0.00
   1.470    7549    3324       0       0    2.27    1.26   83.00  132.17   28.72  359.31      -1      -1      -1       0   16.06 1115.79    0.00  951.69    0.00    0.00    0.00    0.00 1117.70  155.28  231.23    0.00    0.00    0.00    0.00    0.00    0.01    0.00    0.00
   1.480    7549    3348       0       0    2.25    1.26   83.23  132.17   28.21  359.74      -1      -1      -1       0    0.00    0.00 1016.79    0.00 1078.26 1065.10  984.96 1080.43    0.00    0.00    0.00  142.38    8.63    0.01    0.01    0.01    0.00    0.00    0.00
   1.490    7549    3348       0       0    2.25    1.26   83.16  132.17   27.68  360.18      -1      -1      -1       0   15.81 1116.41    0.00  954.08    0.00    0.00    0.00    0.00 1120.51  155.35  231.28    0.00    0.00    0.00    0.00    0.00    0.00    0.00    0.00
   1.500    7555    3369       0       0    2.24    1.25   82.53  132.17   27.73  358.82      -1      -1      -1       0    0.00    0.00 1019.05    0.00 1079.67 1068.02  986.70 1082.54    0.00    0.00    0.00  142.11    8.53    0.01    0.01    0.01    0.00    0.00    0.00
   1.510    7555    3369       0       0    2.24    1.24   82.27  132.17   28.08  358.81      -1      -1      -1       0   15.79 1116.32    0.00  956.01    0.00    0.00    0.00    0.00 1123.38  155.31  231.55    0.00    0.00    0.00    0.00    0.00    0.01    0.00    0.00
   1.520    7563    3385       0       0    2.23    1.24   82.24  132.17   28.17  357.02      -1      -1      -1       0    0.00    0.00 1020.38    0.00 1080.30 1070.84  988.10 1084.46    0.00    0.00    0.00  143.35    8.53    0.01    0.02    0.01    0.00    0.00    0.00
   1.530    7577    3385       0       0    2.24    1.24   82.23  132.22   28.18  355.76      -1      -1      -1       0   16.10 1117.04    0.00  957.77    0.00    0.00    0.00    0.00 1124.97  155.18  231.71    0.00    0.00    0.00    0.00    0.00    0.01    0.00    0.00
   1.540    7577    3418       0       0    2.22    1.23   82.32  132.30   28.61  353.99      -1      -1      -1       0    0.00    0.00 1025.08    0.00 1081.16 1071.99  989.18 1087.07    0.00    0.00    0.00  144.24    8.56    0.00    0.02    0.02    0.00    0.00    0.00
   1.550    7583    3418       0       0    2.22    1.24   82.51  132.31   28.99  352.74      -1      -1      -1       0   16.41 1117.74    0.00  959.41    0.00    0.00    0.00    0.00 1126.31  154.93  231.66    0.00    0.00    0.00    0.00    0.00    0.01    0.00    0.00
   1.560    7583    3436       0       0    2.21    1.24   82.43  132.32   29.17  351.45      -1      -1      -1       0    0.00    0.00 1027.63    0.00 1081.60 1072.78  990.59 1088.43    0.00    0.00    0.00  143.62    8.53    0.00    0.01    0.02    0.00    0.00    0.00
   1.570    7580    3460       0       0    2.19    1.24   82.05  132.32   28.87  350.00      -1      -1      -1       0   16.48 1118.48    0.00  960.54    0.00    0.00    0.00    0.00 1126.44  154.92  231.30    0.00    0.00    0.00    0.00    0.00    0.01    0.00    0.00
   1.580    7580    3460       0       0    2.19    1.24   82.08  132.32   28.80  349.96      -1      -1      -1       0    0.00    0.00 1030.88    0.00 1084.42 1073.17  991.82 1088.07    0.00    0.00    0.00  143.59    8.50    0.01    0.00    0.00    0.00    0.00    0.00
   1.590    7580    3474       0       0    2.18    1.24   82.45  132.32   27.99  350.92      -1      -1      -1       0   16.46 1118.89    0.00  962.00    0.00    0.00    0.00    0.00 1127.64  155.03  231.03    0.00    0.00    0.00    0.00    0.00    0.01    0.00    0.00
   1.600    7590    3474       0       0    2.18    1.24   82.74  132.32   27.81  354.40      -1      -1      -1       0    0.00    0.00 1032.50    0.00 1086.87 1073.40  994.76 1088.34    0.00    0.00    0.00  144.37    8.50    0.01    0.00    0.00    0.00    0.00    0.00
   1.610    7603    3525       0       0    2.16    1.24   82.74  132.32   27.97  356.73      -1      -1      -1       0   16.39 1119.61    0.00  965.22    0.00    0.00    0.00    0.00 1128.82  155.17  231.14    0.00    0.00    0.00    0.00    0.00    0.01    0.00    0.00
   1.620    7603    3532       0       0    2.15    1.24   82.68  132.32   28.75  361.20      -1      -1      -1       0    0.00    0.00 1033.92    0.00 1089.73 1073.65  997.39 1088.60    0.00    0.00    0.00  146.33    8.55    0.01    0.01    0.00    0.00    0.00    0.00
   1.630    7621    3532       0       0    2.16    1.23   82.86  132.38   29.14  363.29      -1      -1      -1       0   16.28 1120.74    0.00  967.95    0.00    0.00    0.00    0.00 1129.32  155.21  231.43    0.00    0.00    0.00    0.00    0.00    0.00    0.00    0.00
   1.640    7624    3558       0       0    2.14    1.23   82.81  132.39   29.34  365.92      -1      -1      -1       0    0.00    0.00 1034.98    0.00 1090.79 1074.97  999.41 1088.73    0.00    0.00    0.00  146.50    8.57    0.00    0.01    0.01    0.00    0.00    0.00
   1.650    7624    3558       0       0    2.14    1.23   82.83  132.45   29.49  367.39      -1      -1      -1       0   15.92 1120.20    0.00  970.95    0.00    0.00    0.00    0.00 1130.80  155.27  231.59    0.00    0.00    0.00    0.00    0.00    0.00    0.00    0.00
   1.660    7649    3586       0       0    2.13    1.22   83.22  132.41   29.66  367.76      -1      -1      -1       0    0.00    0.00 1037.28    0.00 1092.02 1076.64 1001.24 1088.79    0.00    0.00    0.00  146.21    8.60    0.01    0.01    0.01    0.00    0.00    0.00
   1.670    7649    3611       0       0    2.12    1.22   83.68  132.40   29.39  367.37      -1      -1      -1       0   15.72 1119.90    0.00  972.54    0.00    0.00    0.00    0.00 1133.17  155.46  231.63    0.00    0.00    0.00    0.00    0.00    0.00    0.00    0.00
   1.680    7649    3611       0       0    2.12    1.22   84.34  132.34   28.99  366.30      -1      -1      -1       0    0.00    0.00 1037.95    0.00 1092.48 1078.59 1002.46 1090.20    0.00    0.00    0.00  146.53    8.60    0.01    0.01    0.01    0.00    0.00    0.00
   1.690    7669    3633       0       0    2.11    1.22   84.80  132.27   29.21  365.70      -1      -1      -1       0   15.99 1119.98    0.00  974.36    0.00    0.00    0.00    0.00 1134.84  155.56  231.81    0.00    0.00    0.00    0.00    0.00    0.01    0.00    0.00
   1.700    7669    3633       0       0    2.11    1.21   84.66  132.30   29.41  364.91      -1      -1      -1       0    0.00    0.00 1039.89    0.00 1093.72 1079.31 1003.07 1091.72    0.00    0.00    0.00  147.72    8.63    0.00    0.01    0.01    0.00    0.00    0.00
   1.710    7673    3666       0       0    2.09    1.21   83.87  132.37   29.36  364.71      -1      -1      -1       0   16.26 1120.96    0.00  975.50    0.00    0.00    0.00    0.00 1135.20  155.47  231.77    0.00    0.00    0.00    0.00    0.00    0.01    0.00    0.00
   1.720    7680    3668       0       0    2.09    1.21   83.35  132.44   29.15  362.22      -1      -1      -1       0    0.00    0.00 1042.21    0.00 1096.32 1079.84 1003.88 1093.20    0.00    0.00    0.00  149.39    8.61    0.00    0.01    0.01    0.00    0.00    0.00
   1.730    7680    3668       0       0    2.09    1.21   83.32  132.46   29.31  360.63      -1      -1      -1       0   16.46 1121.00    0.00  976.54    0.00    0.00    0.00    0.00 1135.60  155.17  231.59    0.00    0.00    0.00    0.00    0.00    0.01    0.00    0.00
   1.740    7687    3698       0       0    2.08    1.21   83.44  132.52   29.43  358.29      -1      -1      -1       0    0.00    0.00 1044.42    0.00 1097.08 1081.45 1005.52 1093.80    0.00    0.00    0.00  150.33    8.67    0.00    0.00    0.01    0.00    0.00    0.00
   1.750    7695    3698       0       0    2.08    1.21   83.02  132.65   29.58  358.35      -1      -1      -1       0   16.50 1122.88    0.00  978.32    0.00    0.00    0.00    0.00 1136.20  155.09  231.28    0.00    0.00    0.00    0.00    0.00    0.01    0.00    0.00
   1.760    7695    3728       0       0    2.06    1.21   82.49  132.73   29.70  360.47      -1      -1      -1       0    0.00    0.00 1045.77    0.00 1099.55 1082.78 1006.46 1094.22    0.00    0.00    0.00  150.50    8.89    0.01    0.00    0.00    0.00    0.00    0.00
   1.770    7718    3728       0       0    2.07    1.21   82.32  132.75   29.87  361.98      -1      -1      -1       0   16.44 1124.97    0.00  981.59    0.00    0.00    0.00    0.00 1137.30  155.19  231.29    0.00    0.00    0.00    0.00    0.00    0.01    0.00    0.00
   1.780    7718    3728       0       0    2.07    1.21   82.32  132.70   30.33  363.81      -1      -1      -1       0    0.00    0.00 1046.03    0.00 1102.45 1083.36 1009.23 1094.43    0.00    0.00    0.00  149.95    9.01    0.01    0.00    0.01    0.00    0.00    0.00
   1.790    7718    3770       0       0    2.05    1.21   82.31  132.69   30.19  364.59      -1      -1      -1       0   16.37 1127.11    0.00  985.30    0.00    0.00    0.00    0.00 1137.72  155.32  231.38    0.00    0.00    0.00    0.00    0.00    0.01    0.00    0.00
   1.800    7732    3787       0       0    2.04    1.21   82.57  132.63   30.34  364.95      -1      -1      -1       0    0.00    0.00 1046.81    0.00 1104.43 1083.80 1011.77 1094.55    0.00    0.00    0.00  148.45    9.03    0.00    0.01    0.01    0.00    0.00    0.00
   1.810    7732    3787       0       0    2.04    1.21   82.61  132.62   29.92  365.20      -1      -1      -1       0   16.21 1128.40    0.00  988.95    0.00    0.00    0.00    0.00 1139.75  155.30  231.49    0.00    0.00    0.00    0.00    0.00    0.00    0.00    0.00
   1.820    7732    3808       0       0    2.03    1.20   82.65  132.61   29.52  364.13      -1      -1      -1       0    0.00    0.00 1047.59    0.00 1105.40 1085.30 1013.73 1095.07    0.00    0.00    0.00  149.44    8.81    0.02    0.01    0.01    0.00    0.00    0.00
   1.830    7735    3808       0       0    2.03    1.20   82.56  132.67   29.55  362.73      -1      -1      -1       0   15.94 1129.09    0.00  991.77    0.00    0.00    0.00    0.00 1142.04  155.30  231.60    0.00    0.00    0.00    0.00    0.00    0.00    0.00    0.00
   1.840    7735    3813       0       0    2.03    1.20   82.80  132.74   29.43  359.94      -1      -1      -1       0    0.00    0.00 1048.40    0.00 1106.44 1086.59 1015.09 1096.55    0.00    0.00    0.00  150.21    8.72    0.02    0.00    0.01    0.00    0.00    0.00
   1.850    7741    3847       0       0    2.01    1.19   82.89  132.75   29.50  358.28      -1      -1      -1       0   15.77 1129.94    0.00  993.52    0.00    0.00    0.00    0.00 1143.35  155.63  231.81    0.00    0.00    0.00    0.00    0.00    0.01    0.00    0.00
   1.860    7744    3847       0       0    2.01    1.19   82.98  132.65   29.55  355.10      -1      -1      -1       0    0.00    0.00 1048.88    0.00 1107.29 1088.05 1016.20 1098.75    0.00    0.00    0.00  152.11    8.71    0.01    0.01    0.01    0.00    0.00    0.00
   1.870    7744    3875       0       0    2.00    1.19   83.13  132.62   29.43  354.47      -1      -1      -1       0   16.06 1130.25    0.00  996.23    0.00    0.00    0.00    0.00 1144.07  155.72  232.29    0.00    0.00    0.00    0.00    0.00    0.01    0.00    0.00
   1.880    7746    3885       0       0    1.99    1.19   83.59  132.62   29.48  352.53      -1      -1      -1       0    0.00    0.00 1050.61    0.00 1108.58 1088.60 1017.59 1101.29    0.00    0.00    0.00  151.60    8.71    0.00    0.01    0.01    0.00    0.00    0.00
   1.890    7757    3885       0       0    2.00    1.19   84.06  132.67   29.50  352.21      -1      -1      -1       0   16.37 1130.60    0.00  998.48    0.00    0.00    0.00    0.00 1144.04  155.62  232.24    0.00    0.00    0.00    0.00    0.00    0.01    0.00    0.00
   1.900    7757    3914       0       0    1.98    1.20   83.79  132.68   29.81  351.32      -1      -1      -1       0    0.00    0.00 1052.85    0.00 1109.45 1089.00 1019.44 1103.13    0.00    0.00    0.00  153.30    8.74    0.01    0.01    0.01    0.00    0.00    0.00
   1.910    7758    3929       0       0    1.97    1.20   82.72  132.74   30.03  348.99      -1      -1      -1       0   16.50 1130.90    0.00 1000.82    0.00    0.00    0.00    0.00 1143.99  155.26  232.05    0.00    0.00    0.00    0.00    0.00    0.02    0.00    0.00
   1.920    7765    3929       0       0    1.98    1.20   80.86  132.87   30.24  347.27      -1      -1      -1       0    0.00    0.00 1054.99    0.00 1111.69 1089.21 1020.09 1104.01    0.00    0.00    0.00  154.32    8.76    0.01    0.01    0.00    0.00    0.00    0.00
   1.930    7765    3971       0       0    1.96    1.19   79.65  132.96   30.58  346.03      -1      -1      -1       0   16.50 1132.09    0.00 1002.19    0.00    0.00    0.00    0.00 1144.12  155.29  231.48    0.00    0.00    0.00    0.00    0.00    0.00    0.00    0.00
   1.940    7791    3971       0       0    1.96    1.19   79.35  132.98   30.65  344.59      -1      -1      -1       0    0.00    0.00 1056.77    0.00 1114.11 1090.34 1021.94 1104.55    0.00    0.00    0.00  156.01    8.77    0.01    0.00    0.01    0.00    0.00    0.00
   1.950    7791    3971       0       0    1.96    1.19   79.56  132.99   30.97  343.58      -1      -1      -1       0   16.44 1133.29    0.00 1005.63    0.00    0.00    0.00    0.00 1145.04  155.46  231.52    0.00    0.00    0.00    0.00    0.00    0.02    0.00    0.00
   1.960    7791    3996       0       0    1.95    1.19   79.46  132.99   30.93  341.22      -1      -1      -1       0    0.00    0.00 1057.55    0.00 1115.94 1090.69 1024.24 1104.84    0.00    0.00    0.00  154.73    8.84    0.01    0.00    0.00    0.00    0.00    0.00
   1.970    7792    4007       0       0    1.94    1.18   79.40  132.99   31.12  340.63      -1      -1      -1       0   16.32 1134.22    0.00 1009.30    0.00    0.00    0.00    0.00 1145.24  155.51  231.61    0.00    0.00    0.00    0.00    0.00    0.01    0.00    0.00
   1.980    7792    4007       0       0    1.94    1.18   79.58  132.99   30.86  340.97      -1      -1      -1       0    0.00    0.00 1058.07    0.00 1117.24 1092.58 1026.88 1105.51    0.00    0.00    0.00  154.28    8.82    0.01    0.01    0.01    0.00    0.00    0.00
   1.990    7792    4053       0       0    1.92    1.18   80.04  132.99   30.54  342.19      -1      -1      -1       0   16.10 1134.20    0.00 1012.52    0.00    0.00    0.00    0.00 1145.48  155.46  231.64    0.00    0.00    0.00    0.00    0.00    0.00    0.00    0.00
   2.000    7792    4053       0       0    1.92    1.18   80.65  132.99   30.59  342.17      -1      -1      -1       0    0.00    0.00 1058.78    0.00 1117.87 1094.38 1028.76 1105.82    0.00    0.00    0.00  152.53    8.83    0.02    0.00    0.01    0.00    0.00    0.00
   2.010    7790    4053       0       0    1.92    1.18   81.02  132.99   30.23  340.22      -1      -1      -1       0   15.86 1134.44    0.00 1014.35    0.00    0.00    0.00    0.00 1147.10  155.33  231.73    0.00    0.00    0.00    0.00    0.00    0.00    0.00    0.00
   2.020    7790    4066       0       0    1.92    1.18   80.92  132.99   29.97  338.11      -1      -1      -1       0    0.00    0.00 1059.93    0.00 1119.16 1095.57 1029.22 1107.42    0.00    0.00    0.00  153.46    8.76    0.02    0.01    0.00    0.00    0.00    0.00
   2.030    7802    4095       0       0    1.91    1.18   80.51  132.93   30.07  336.28      -1      -1      -1       0   15.77 1134.67    0.00 1015.36    0.00    0.00    0.00    0.00 1147.96  155.36  231.66    0.00    0.00    0.00    0.00    0.00    0.01    0.00    0.00
   2.040    7802    4095       0       0    1.91    1.18   80.02  132.92   29.80  334.85      -1      -1      -1       0    0.00    0.00 1060.30    0.00 1120.44 1095.71 1030.14 1109.38    0.00    0.00    0.00  153.44    8.78    0.00    0.02    0.02    0.00    0.00    0.00
   2.050    7809    4108       0       0    1.90    1.18   79.73  132.97   29.64  333.69      -1      -1      -1       0   16.10 1134.76    0.00 1016.37    0.00    0.00    0.00    0.00 1148.51  155.31  231.65    0.00    0.00    0.00    0.00    0.00    0.01    0.00    0.00
   2.060    7809    4121       0       0    1.89    1.18   79.56  133.04   29.45  331.29      -1      -1      -1       0    0.00    0.00 1061.97    0.00 1121.86 1095.98 1030.41 1110.99    0.00    0.00    0.00  154.09    8.79    0.00    0.02    0.02    0.00    0.00    0.00
   2.070    7809    4121       0       0    1.89    1.17   79.72  133.11   29.68  330.20      -1      -1      -1       0   16.41 1136.22    0.00 1017.23    0.00    0.00    0.00    0.00 1149.11  155.18  231.47    0.00    0.00    0.00    0.00    0.00    0.00    0.00    0.00
   2.080    7827    4143       0       0    1.89    1.18   80.11  133.13   30.00  327.82      -1      -1      -1       0    0.00    0.00 1063.71    0.00 1122.40 1096.24 1030.65 1111.26    0.00    0.00    0.00  153.27    8.80    0.00    0.01    0.02    0.00    0.00    0.00
   2.090    7830    4183       0       0    1.87    1.18   80.44  133.19   30.11  326.09      -1      -1      -1       0   16.53 1138.04    0.00 1018.51    0.00    0.00    0.00    0.00 1150.12  155.15  231.42    0.00    0.00    0.00    0.00    0.00    0.01    0.00    0.00
   2.100    7830    4183       0       0    1.87    1.18   81.07  133.21   29.80  325.17      -1      -1      -1       0    0.00    0.00 1065.29    0.00 1125.04 1096.37 1030.90 1111.18    0.00    0.00    0.00  154.37    8.83    0.01    0.00    0.00    0.00    0.00    0.00
   2.110    7838    4183       0       0    1.87    1.17   81.52  133.21   29.40  323.65      -1      -1      -1       0   16.48 1140.95    0.00 1020.28    0.00    0.00    0.00    0.00 1150.45  155.20  231.41    0.00    0.00    0.00    0.00    0.00    0.01    0.00    0.00
   2.120    7854    4212       0       0    1.86    1.18   81.69  133.21   29.32  323.10      -1      -1      -1       0    0.00    0.00 1065.96    0.00 1127.93 1096.50 1033.10 1111.32    0.00    0.00    0.00  155.17    8.86    0.00    0.00    0.01    0.00    0.00    0.00
   2.130    7854    4212       0       0    1.86    1.18   81.32  133.21   29.75  322.16      -1      -1      -1       0   16.41 1142.80    0.00 1023.15    0.00    0.00    0.00    0.00 1150.71  155.33  231.50    0.00    0.00    0.00    0.00    0.00    0.01    0.00    0.00
   2.140    7867    4212       0       0    1.87    1.16   81.16  133.21   30.08  321.11      -1      -1      -1       0    0.00    0.00 1066.41    0.00 1130.38 1097.65 1035.39 1111.49    0.00    0.00    0.00  156.68    8.88    0.01    0.01    0.00    0.00    0.00    0.00
   2.150    7867    4248       0       0    1.85    1.16   80.73  133.21   30.41  320.52      -1      -1      -1       0   16.30 1144.65    0.00 1025.88    0.00    0.00    0.00    0.00 1150.83  155.41  231.61    0.00    0.00    0.00    0.00    0.00    0.00    0.00    0.00
   2.160    7867    4248       0       0    1.85    1.17   80.17  133.27   30.59  319.24      -1      -1      -1       0    0.00    0.00 1067.08    0.00 1132.81 1099.26 1038.55 1111.59    0.00    0.00    0.00  156.27    8.84    0.01    0.01    0.01    0.00    0.00    0.00
   2.170    7869    4248       0       0    1.85    1.17   79.96  133.28   30.64  317.95      -1      -1      -1       0   16.01 1144.94    0.00 1028.79    0.00    0.00    0.00    0.00 1152.26  155.44  231.72    0.00    0.00    0.00    0.00    0.00    0.00    0.00    0.00
   2.180    7869    4271       0       0    1.84    1.16   80.40  133.29   30.81  317.47      -1      -1      -1       0    0.00    0.00 1068.21    0.00 1135.13 1101.16 1040.08 1112.87    0.00    0.00    0.00  155.84    8.82    0.01    0.00    0.01    0.00    0.00    0.00
   2.190    7869    4302       0       0    1.83    1.16   81.12  133.29   31.22  317.50      -1      -1      -1       0   15.77 1145.37    0.00 1029.92    0.00    0.00    0.00    0.00 1153.92  155.72  231.75    0.00    0.00    0.00    0.00    0.00    0.01    0.00    0.00
   2.200    7871    4315       0       0    1.82    1.16   81.66  133.29   31.63  317.19      -1      -1      -1       0    0.00    0.00 1069.02    0.00 1136.53 1102.31 1040.12 1114.33    0.00    0.00    0.00  154.03    8.84    0.00    0.01    0.01    0.00    0.00    0.00
   2.210    7871    4315       0       0    1.82    1.16   81.82  133.29   31.56  316.95      -1      -1      -1       0   15.92 1145.59    0.00 1031.18    0.00    0.00    0.00    0.00 1155.89  155.74  232.02    0.00    0.00    0.00    0.00    0.00    0.01    0.00    0.00
   2.220    7871    4318       0       0    1.82    1.16   81.67  133.23   31.31  315.59      -1      -1      -1       0    0.00    0.00 1070.76    0.00 1137.28 1103.37 1040.91 1116.22    0.00    0.00    0.00  154.69    8.88    0.00    0.02    0.01    0.00    0.00    0.00
   2.230    7892    4367       0       0    1.81    1.16   81.44  133.27   31.33  315.09      -1      -1      -1       0   16.26 1145.78    0.00 1031.66    0.00    0.00    0.00    0.00 1156.17  155.57  232.00    0.00    0.00    0.00    0.00    0.00    0.01    0.00    0.00
   2.240    7892    4372       0       0    1.81    1.16   81.26  133.34   31.50  314.48      -1      -1      -1       0    0.00    0.00 1073.07    0.00 1138.61 1103.81 1041.84 1117.34    0.00    0.00    0.00  154.86    8.92    0.00    0.02    0.01    0.00    0.00    0.00
   2.250    7892    4372       0       0    1.81    1.16   81.01  133.47   31.46  313.52      -1      -1      -1       0   16.48 1145.95    0.00 1032.46    0.00    0.00    0.00    0.00 1156.62  155.14  231.90    0.00    0.00    0.00    0.00    0.00    0.01    0.00    0.00
   2.260    7906    4406       0       0    1.79    1.17   81.02  133.56   31.36  312.95      -1      -1      -1       0    0.00    0.00 1075.68    0.00 1139.02 1104.56 1041.17 1117.04    0.00    0.00    0.00  157.31    8.94    0.01    0.00    0.01    0.00    0.00    0.00
   2.270    7906    4406       0       0    1.79    1.17   81.41  133.58   30.50  310.70      -1      -1      -1       0   16.50 1147.60    0.00 1032.72    0.00    0.00    0.00    0.00 1156.84  155.03  231.45    0.00    0.00    0.00    0.00    0.00    0.02    0.00    0.00
   2.280    7906    4398       0       0    1.80    1.17   81.70  133.58   30.16  310.14      -1      -1      -1       0    0.00    0.00 1078.01    0.00 1140.72 1105.25 1041.39 1117.01    0.00    0.00    0.00  156.82    8.95    0.00    0.00    0.01    0.00    0.00    0.00
   2.290    7906    4398       0       0    1.80    1.16   81.97  133.53   30.25  308.70      -1      -1      -1       0   16.44 1149.31    0.00 1035.18    0.00    0.00    0.00    0.00 1157.03  155.00  231.42    0.00    0.00    0.00    0.00    0.00    0.01    0.00    0.00
   2.300    7891    4454       0       0    1.77    1.17   81.94  133.52   30.49  308.67      -1      -1      -1       0    0.00    0.00 1079.00    0.00 1142.50 1106.44 1043.40 1118.07    0.00    0.00    0.00  157.41    8.94    0.01    0.01    0.00    0.00    0.00    0.00
   2.310    7891    4454       0       0    1.77    1.17   81.54  133.51   30.38  309.63      -1      -1      -1       0   16.39 1150.88    0.00 1038.43    0.00    0.00    0.00    0.00 1157.20  155.16  231.41    0.00    0.00    0.00    0.00    0.00    0.00    0.00    0.00
   2.320    7892    4454       0       0    1.77    1.16   80.82  133.51   30.27  312.14      -1      -1      -1       0    0.00    0.00 1079.67    0.00 1144.99 1106.81 1045.19 1118.28    0.00    0.00    0.00  157.56    9.13    0.01    0.01    0.00    0.00    0.00    0.00
   2.330    7892    4468       0       0    1.77    1.16   80.03  133.51   30.21  314.87      -1      -1      -1       0   16.26 1151.54    0.00 1041.37    0.00    0.00    0.00    0.00 1157.95  155.09  231.59    0.00    0.00    0.00    0.00    0.00    0.00    0.00    0.00
   2.340    7897    4494       0       0    1.76    1.16   79.90  133.51   30.33  317.02      -1      -1      -1       0    0.00    0.00 1080.90    0.00 1146.30 1108.48 1046.31 1118.47    0.00    0.00    0.00  158.71    9.20    0.02    0.01    0.01    0.00    0.00    0.00
   2.350    7910    4510       0       0    1.75    1.16   79.99  133.57   30.44  317.88      -1      -1      -1       0   15.88 1151.53    0.00 1042.60    0.00    0.00    0.00    0.00 1159.04  155.35  231.63    0.00    0.00    0.00    0.00    0.00    0.00    0.00    0.00
   2.360    7910    4510       0       0    1.75    1.16   80.31  133.64   30.29  318.74      -1      -1      -1       0    0.00    0.00 1081.73    0.00 1147.96 1110.24 1048.55 1120.11    0.00    0.00    0.00  159.26    9.22    0.04    0.01    0.01    0.00    0.00    0.00
   2.370    7915    4510       0       0    1.75    1.15   79.90  133.65   30.08  318.80      -1      -1      -1       0   15.72 1151.21    0.00 1043.89    0.00    0.00    0.00    0.00 1160.75  155.64  231.81    0.00    0.00    0.00    0.00    0.00    0.01    0.00    0.00
   2.380    7915    4556       0       0    1.74    1.14   78.57  133.66   30.15  318.49      -1      -1      -1       0    0.00    0.00 1082.14    0.00 1149.00 1112.28 1049.23 1121.65    0.00    0.00    0.00  159.39    9.04    0.02    0.01    0.00    0.00    0.00    0.00
   2.390    7915    4556       0       0    1.74    1.15   77.20  133.66   30.20  317.27      -1      -1      -1       0   16.01 1151.26    0.00 1044.85    0.00    0.00    0.00    0.00 1162.21  155.77  232.38    0.00    0.00    0.00    0.00    0.00    0.00    0.00    0.00
   2.400    7919    4556       0       0    1.74    1.15   76.43  133.72   30.41  316.97      -1      -1      -1       0    0.00    0.00 1083.74    0.00 1149.54 1113.48 1050.71 1123.19    0.00    0.00    0.00  158.51    8.95    0.00    0.01    0.01    0.00    0.00    0.00
   2.410    7923    4562       0       0    1.74    1.14   76.41  133.79   30.16  315.76      -1      -1      -1       0   16.35 1151.76    0.00 1045.75    0.00    0.00    0.00    0.00 1161.95  155.58  232.44    0.00    0.00    0.00    0.00    0.00    0.01    0.00    0.00
   2.420    7923    4591       0       0    1.73    1.14   76.66  133.86   30.40  315.30      -1      -1      -1       0    0.00    0.00 1085.94    0.00 1149.86 1113.68 1051.14 1124.26    0.00    0.00    0.00  158.16    8.90    0.00    0.01    0.01    0.00    0.00    0.00
   2.430    7923    4623       0       0    1.71    1.14   76.91  133.88   30.46  312.59      -1      -1      -1       0   16.48 1151.80    0.00 1047.47    0.00    0.00    0.00    0.00 1162.34  155.20  232.19    0.00    0.00    0.00    0.00    0.00    0.01    0.00    0.00
   2.440    7923    4623       0       0    1.71    1.14   77.27  133.89   30.77  310.94      -1      -1      -1       0    0.00    0.00 1087.61    0.00 1151.38 1113.97 1051.52 1124.78    0.00    0.00    0.00  158.53    8.91    0.01    0.00    0.01    0.00    0.00    0.00
   2.450    7923    4623       0       0    1.71    1.13   77.39  133.89   30.60  310.52      -1      -1      -1       0   16.53 1151.86    0.00 1047.99    0.00    0.00    0.00    0.00 1163.10  155.15  231.52    0.00    0.00    0.00    0.00    0.00    0.02    0.00    0.00
   2.460    7935    4623       0       0    1.72    1.13   77.81  133.89   30.49  309.93      -1      -1      -1       0    0.00    0.00 1088.38    0.00 1153.10 1114.66 1053.03 1125.09    0.00    0.00    0.00  159.48    8.99    0.01    0.01    0.00    0.00    0.00    0.00
   2.470    7941    4657       0       0    1.71    1.13   77.88  133.89   30.06  308.81      -1      -1      -1       0   16.44 1152.83    0.00 1050.69    0.00    0.00    0.00    0.00 1163.34  155.20  231.52    0.00    0.00    0.00    0.00    0.00    0.02    0.00    0.00
   2.480    7941    4657       0       0    1.71    1.12   78.09  133.89   30.05  307.07      -1      -1      -1       0    0.00    0.00 1088.02    0.00 1153.52 1114.90 1054.76 1125.32    0.00    0.00    0.00  160.43    9.04    0.01    0.00    0.00    0.00    0.00    0.00
   2.490    7952    4657       0       0    1.71    1.12   78.47  133.89   30.22  305.99      -1      -1      -1       0   16.30 1154.40    0.00 1053.14    0.00    0.00    0.00    0.00 1163.56  155.33  231.79    0.00    0.00    0.00    0.00    0.00    0.01    0.00    0.00
   2.500    7953    4685       0       0    1.70    1.11   78.96  133.89   30.43  305.23      -1      -1      -1       0    0.00    0.00 1088.43    0.00 1155.15 1116.04 1056.76 1125.53    0.00    0.00    0.00  159.82    9.03    0.02    0.01    0.01    0.00    0.00    0.00
   2.510    7953    4715       0       0    1.69    1.11   79.60  133.89   30.70  305.04      -1      -1      -1       0   16.10 1154.02    0.00 1055.97    0.00    0.00    0.00    0.00 1164.98  155.36  231.85    0.00    0.00    0.00    0.00    0.00    0.00    0.00    0.00
   2.520    7953    4725       0       0    1.68    1.11   79.72  133.94   30.62  303.54      -1      -1      -1       0    0.00    0.00 1089.05    0.00 1155.01 1117.87 1058.41 1125.68    0.00    0.00    0.00  158.75    8.99    0.00    0.01    0.01    0.00    0.00    0.00
   2.530    7967    4725       0       0    1.69    1.12   79.92  133.96   30.71  302.51      -1      -1      -1       0   15.88 1154.45    0.00 1057.48    0.00    0.00    0.00    0.00 1166.21  155.42  231.87    0.00    0.00    0.00    0.00    0.00    0.00    0.00    0.00
   2.540    7967    4725       0       0    1.69    1.12   79.64  134.02   30.77  301.45      -1      -1      -1       0    0.00    0.00 1090.15    0.00 1155.39 1119.37 1060.04 1127.33    0.00    0.00    0.00  157.83    8.95    0.02    0.01    0.01    0.00    0.00    0.00
   2.550    7977    4742       0       0    1.68    1.11   79.25  134.03   30.85  300.85      -1      -1      -1       0   15.74 1155.07    0.00 1058.35    0.00    0.00    0.00    0.00 1167.65  155.43  231.96    0.00    0.00    0.00    0.00    0.00    0.01    0.00    0.00
   2.560    7980    4760       0       0    1.68    1.11   78.76  134.04   30.82  300.22      -1      -1      -1       0    0.00    0.00 1090.51    0.00 1156.66 1120.03 1059.80 1128.59    0.00    0.00    0.00  157.54    8.93    0.00    0.02    0.01    0.00    0.00    0.00
   2.570    7980    4796       0       0    1.66    1.11   78.86  134.04   30.53  301.68      -1      -1      -1       0   16.10 1155.20    0.00 1059.72    0.00    0.00    0.00    0.00 1168.18  155.44  231.98    0.00    0.00    0.00    0.00    0.00    0.01    0.00    0.00
   2.580    7988    4796       0       0    1.67    1.11   79.09  134.04   30.41  304.97      -1      -1      -1       0    0.00    0.00 1092.50    0.00 1158.86 1120.92 1060.52 1130.53    0.00    0.00    0.00  159.23    8.96    0.00    0.02    0.02    0.00    0.00    0.00
   2.590    7995    4791       0       0    1.67    1.10   79.08  134.09   30.51  309.84      -1      -1      -1       0   16.39 1155.35    0.00 1060.17    0.00    0.00    0.00    0.00 1168.12  155.33  231.81    0.00    0.00    0.00    0.00    0.00    0.01    0.00    0.00
   2.600    7995    4791       0       0    1.67    1.10   78.36  134.16   30.72  314.30      -1      -1      -1       0    0.00    0.00 1093.88    0.00 1159.56 1121.23 1061.34 1131.62    0.00    0.00    0.00  160.70    9.02    0.00    0.01    0.02    0.00    0.00    0.00
   2.610    7996    4816       0       0    1.66    1.10   77.69  134.24   30.93  317.52      -1      -1      -1       0   16.50 1155.41    0.00 1060.99    0.00    0.00    0.00    0.00 1167.94  155.19  231.51    0.00    0.00    0.00    0.00    0.00    0.01    0.00    0.00
   2.620    8010    4851       0       0    1.65    1.10   76.98  134.26   31.09  319.63      -1      -1      -1       0    0.00    0.00 1095.00    0.00 1161.94 1121.13 1062.10 1130.89    0.00    0.00    0.00  161.98    9.05    0.01    0.00    0.00    0.00    0.00    0.00
   2.630    8010    4851       0       0    1.65    1.10   76.18  134.26   31.25  320.15      -1      -1      -1       0   16.48 1155.91    0.00 1062.14    0.00    0.00    0.00    0.00 1168.63  155.15  231.44    0.00    0.00    0.00    0.00    0.00    0.01    0.00    0.00
   2.640    8018    4848       0       0    1.65    1.10   75.43  134.26   31.31  321.09      -1      -1      -1       0    0.00    0.00 1095.05    0.00 1163.46 1121.80 1063.87 1131.35    0.00    0.00    0.00  161.84    9.08    0.00    0.00    0.01    0.00    0.00    0.00
   2.650    8020    4848       0       0    1.65    1.10   75.31  134.26   31.18  320.68      -1      -1      -1       0   16.39 1156.02    0.00 1063.43    0.00    0.00    0.00    0.00 1168.83  155.31  231.42    0.00    0.00    0.00    0.00    0.00    0.01    0.00    0.00
   2.660    8020    4891       0       0    1.64    1.10   75.67  134.26   31.23  320.26      -1      -1      -1       0    0.00    0.00 1094.66    0.00 1164.69 1121.97 1065.35 1131.47    0.00    0.00    0.00  161.61    9.07    0.01    0.01    0.00    0.00    0.00    0.00
   2.670    8028    4902       0       0    1.64    1.10   76.18  134.26   31.31  317.88      -1      -1      -1       0   16.30 1156.14    0.00 1065.27    0.00    0.00    0.00    0.00 1168.51  155.41  231.50    0.00    0.00    0.00    0.00    0.00    0.00    0.00    0.00
   2.680    8043    4908       0       0    1.64    1.10   76.80  134.26   31.29  315.99      -1      -1      -1       0    0.00    0.00 1094.82    0.00 1165.23 1123.04 1066.90 1131.66    0.00    0.00    0.00  162.08    9.10    0.02    0.01    0.01    0.00    0.00    0.00
   2.690    8043    4908       0       0    1.64    1.10   77.11  134.26   30.88  313.57      -1      -1      -1       0   15.92 1156.26    0.00 1066.35    0.00    0.00    0.00    0.00 1169.25  155.44  231.69    0.00    0.00    0.00    0.00    0.00    0.00    0.00    0.00
   2.700    8059    4908       0       0    1.64    1.10   77.41  134.26   30.60  313.77      -1      -1      -1       0    0.00    0.00 1094.85    0.00 1164.93 1124.30 1067.96 1131.67    0.00    0.00    0.00  164.02    9.09    0.01    0.01    0.01    0.00    0.00    0.00
   2.710    8065    4927       0       0    1.64    1.10   77.39  134.32   30.53  312.69      -1      -1      -1       0   15.77 1156.42    0.00 1066.48    0.00    0.00    0.00    0.00 1169.93  155.55  231.92    0.00    0.00    0.00    0.00    0.00    0.00    0.00    0.00
   2.720    8065    4961       0       0    1.63    1.08   77.52  134.28   30.79  312.10      -1      -1      -1       0    0.00    0.00 1095.73    0.00 1166.58 1125.21 1068.93 1132.16    0.00    0.00    0.00  164.45    9.11    0.00    0.01    0.01    0.00    0.00    0.00
   2.730    8070    4978       0       0    1.62    1.08   77.42  134.21   30.98  311.30      -1      -1      -1       0   15.88 1156.52    0.00 1066.72    0.00    0.00    0.00    0.00 1170.59  155.86  232.15    0.00    0.00    0.00    0.00    0.00    0.01    0.00    0.00
   2.740    8072    4978       0       0    1.62    1.08   77.55  134.19   30.89  312.07      -1      -1      -1       0    0.00    0.00 1096.76    0.00 1166.95 1125.64 1069.64 1131.99    0.00    0.00    0.00  164.48    9.10    0.00    0.02    0.01    0.00    0.00    0.00
   2.750    8072    4978       0       0    1.62    1.08   77.88  134.30   30.81  312.43      -1      -1      -1       0   16.12 1157.39    0.00 1067.43    0.00    0.00    0.00    0.00 1170.01  155.83  232.03    0.00    0.00    0.00    0.00    0.00    0.01    0.00    0.00
   2.760    8084    4979       0       0    1.62    1.08   78.29  134.44   30.84  312.68      -1      -1      -1       0    0.00    0.00 1098.02    0.00 1168.26 1125.52 1071.03 1132.36    0.00    0.00    0.00  164.17    9.07    0.01    0.02    0.02    0.00    0.00    0.00
   2.770    8098    5008       0       0    1.62    1.08   78.94  134.53   31.19  312.74      -1      -1      -1       0   16.44 1158.07    0.00 1067.65    0.00    0.00    0.00    0.00 1170.21  155.71  231.82    0.00    0.00    0.00    0.00    0.00    0.01    0.00    0.00
   2.780    8098    5052       0       0    1.60    1.08   79.33  134.55   31.53  311.62      -1      -1      -1       0    0.00    0.00 1098.93    0.00 1168.87 1125.83 1072.35 1132.50    0.00    0.00    0.00  164.48    9.09    0.01    0.00    0.01    0.00    0.00    0.00
   2.790    8109    5052       0       0    1.61    1.08   79.40  134.56   31.48  312.48      -1      -1      -1       0   16.44 1158.40    0.00 1067.88    0.00    0.00    0.00    0.00 1170.40  155.51  231.51    0.00    0.00    0.00    0.00    0.00    0.01    0.00    0.00
   2.800    8109    5052       0       0    1.61    1.08   79.41  134.50   31.62  315.29      -1      -1      -1       0    0.00    0.00 1098.92    0.00 1170.64 1125.69 1073.79 1132.40    0.00    0.00    0.00  164.75    9.10    0.01    0.00    0.01    0.00    0.00    0.00
   2.810    8109    5052       0       0    1.61    1.09   79.61  134.49   31.83  320.20      -1      -1      -1       0   16.44 1159.75    0.00 1070.87    0.00    0.00    0.00    0.00 1170.50  155.74  231.61    0.00    0.00    0.00    0.00    0.00    0.01    0.00    0.00
   2.820    8125    5052       0       0    1.61    1.10   80.09  134.49   32.12  324.19      -1      -1      -1       0    0.00    0.00 1098.86    0.00 1172.01 1126.37 1076.59 1132.45    0.00    0.00    0.00  164.37    9.13    0.00    0.00    0.01    0.00    0.00    0.00
   2.830    8150    5052       0       0    1.61    1.09   79.94  134.54   31.81  326.64      -1      -1      -1       0   16.23 1160.99    0.00 1073.31    0.00    0.00    0.00    0.00 1170.48  155.86  231.72    0.00    0.00    0.00    0.00    0.00    0.00    0.00    0.00
   2.840    8150    5115       0       0    1.59    1.09   79.91  134.56   31.37  327.09      -1      -1      -1       0    0.00    0.00 1099.03    0.00 1173.54 1126.52 1079.69 1132.67    0.00    0.00    0.00  165.18    9.14    0.01    0.01    0.00    0.00    0.00    0.00
   2.850    8150    5126       0       0    1.59    1.07   79.87  134.62   31.69  326.40      -1      -1      -1       0   16.26 1161.95    0.00 1076.65    0.00    0.00    0.00    0.00 1170.78  155.88  231.84    0.00    0.00    0.00    0.00    0.00    0.00    0.00    0.00
   2.860    8168    5133       0       0    1.59    1.07   80.15  134.69   31.86  324.93      -1      -1      -1       0    0.00    0.00 1099.06    0.00 1174.12 1127.67 1081.32 1133.17    0.00    0.00    0.00  167.68    9.15    0.02    0.01    0.00    0.00    0.00    0.00
   2.870    8168    5133       0       0    1.59    1.07   80.19  134.71   32.83  323.26      -1      -1      -1       0   15.83 1161.49    0.00 1077.81    0.00    0.00    0.00    0.00 1171.47  155.89  231.87    0.00    0.00    0.00    0.00    0.00    0.00    0.00    0.00
   2.880    8168    5129       0       0    1.59    1.07   80.78  134.71   32.79  322.36      -1      -1      -1       0    0.00    0.00 1099.08    0.00 1174.09 1128.40 1082.72 1133.30    0.00    0.00    0.00  168.82    9.19    0.02    0.01    0.01    0.00    0.00    0.00
   2.890    8185    5129       0       0    1.60    1.08   81.31  134.66   32.64  321.16      -1      -1      -1       0   15.74 1161.79    0.00 1078.71    0.00    0.00    0.00    0.00 1172.11  155.89  231.96    0.00    0.00    0.00    0.00    0.00    0.00    0.00    0.00
   2.900    8185    5158       0       0    1.59    1.08   81.55  134.64   31.69  320.37      -1      -1      -1       0    0.00    0.00 1100.05    0.00 1174.66 1129.65 1083.78 1134.89    0.00    0.00    0.00  168.91    9.19    0.01    0.01    0.01    0.00    0.00    0.00
   2.910    8185    5192       0       0    1.58    1.08   81.57  134.58   31.16  318.88      -1      -1      -1       0   15.99 1161.95    0.00 1079.12    0.00    0.00    0.00    0.00 1172.38  155.78  232.33    0.00    0.00    0.00    0.00    0.00    0.01    0.00    0.00
   2.920    8193    5192       0       0    1.58    1.08   81.48  134.62   30.96  318.67      -1      -1      -1       0    0.00    0.00 1101.60    0.00 1174.88 1129.44 1084.27 1136.13    0.00    0.00    0.00  168.08    9.21    0.00    0.01    0.02    0.00    0.00    0.00
   2.930    8193    5226       0       0    1.57    1.08   81.81  134.69   31.37  317.97      -1      -1      -1       0   16.23 1162.04    0.00 1080.28    0.00    0.00    0.00    0.00 1172.15  155.75  232.25    0.00    0.00    0.00    0.00    0.00    0.01    0.00    0.00
   2.940    8180    5226       0       0    1.57    1.08   82.29  134.82   31.02  318.28      -1      -1      -1       0    0.00    0.00 1103.46    0.00 1175.49 1129.18 1085.03 1137.60    0.00    0.00    0.00  167.94    9.26    0.00    0.00    0.01    0.00    0.00    0.00
   2.950    8180    5215       0       0    1.57    1.08   82.34  134.91   30.27  319.17      -1      -1      -1       0   16.48 1162.96    0.00 1081.49    0.00    0.00    0.00    0.00 1172.33  155.63  232.06    0.00    0.00    0.00    0.00    0.00    0.01    0.00    0.00
   2.960    8183    5215       0       0    1.57    1.08   82.38  134.93   29.32  319.07      -1      -1      -1       0    0.00    0.00 1104.59    0.00 1177.12 1129.48 1085.28 1137.17    0.00    0.00    0.00  169.87    9.29    0.01    0.00    0.00    0.00    0.00    0.00
   2.970    8183    5234       0       0    1.56    1.08   82.23  134.93   29.76  318.39      -1      -1      -1       0   16.46 1164.16    0.00 1081.97    0.00    0.00    0.00    0.00 1172.50  155.66  231.66    0.00    0.00    0.00    0.00    0.00    0.02    0.00    0.00
   2.980    8190    5249       0       0    1.56    1.08   82.23  134.94   30.55  318.39      -1      -1      -1       0    0.00    0.00 1105.64    0.00 1179.14 1129.70 1086.38 1137.18    0.00    0.00    0.00  170.22    9.30    0.01    0.00    0.01    0.00    0.00    0.00
   2.990    8193    5294       0       0    1.55    1.08   82.39  134.94   30.99  317.90      -1      -1      -1       0   16.41 1165.48    0.00 1082.12    0.00    0.00    0.00    0.00 1172.57  155.66  231.73    0.00    0.00    0.00    0.00    0.00    0.02    0.00    0.00
   3.000    8193    5294       0       0    1.55    1.06   82.01  134.88   30.29  315.83      -1      -1      -1       0    0.00    0.00 1105.17    0.00 1180.77 1129.70 1087.55 1137.38    0.00    0.00    0.00  169.98    9.25    0.01    0.00    0.01    0.00    0.00    0.00
   3.010    8198    5323       0       0    1.54    1.04   81.82  134.87   30.01  313.85      -1      -1      -1       0   16.28 1165.98    0.00 1083.39    0.00    0.00    0.00    0.00 1172.61  155.78  231.84    0.00    0.00    0.00    0.00    0.00    0.00    0.00    0.00
   3.020    8211    5323       0       0    1.54    1.04   81.83  134.92   30.41  312.71      -1      -1      -1       0    0.00    0.00 1105.46    0.00 1181.95 1130.52 1089.36 1137.88    0.00    0.00    0.00  168.48    9.24    0.01    0.01    0.01    0.00    0.00    0.00
   3.030    8211    5307       0       0    1.55    1.05   82.19  134.99   30.80  312.43      -1      -1      -1       0   16.19 1166.35    0.00 1084.23    0.00    0.00    0.00    0.00 1173.84  156.03  231.87    0.00    0.00    0.00    0.00    0.00    0.00    0.00    0.00
   3.040    8218    5307       0       0    1.55    1.03   82.58  135.00   30.61  311.38      -1      -1      -1       0    0.00    0.00 1106.09    0.00 1182.06 1131.39 1090.40 1137.93    0.00    0.00    0.00  167.52    9.25    0.02    0.02    0.01    0.00    0.00    0.00
   3.050    8240    5316       0       0    1.55    1.03   82.51  135.01   30.22  310.31      -1      -1      -1       0   15.81 1166.27    0.00 1084.68    0.00    0.00    0.00    0.00 1175.20  156.10  231.87    0.00    0.00    0.00    0.00    0.00    0.00    0.00    0.00
   3.060    8240    5334       0       0    1.54    1.03   82.36  135.01   31.78  309.07      -1      -1      -1       0    0.00    0.00 1106.27    0.00 1182.32 1132.18 1090.52 1139.46    0.00    0.00    0.00  168.97    9.31    0.02    0.02    0.01    0.00    0.00    0.00
   3.070    8240    5364       0       0    1.54    1.03   82.23  135.01   32.45  309.08      -1      -1      -1       0   15.90 1166.17    0.00 1084.29    0.00    0.00    0.00    0.00 1177.07  156.00  232.14    0.00    0.00    0.00    0.00    0.00    0.01    0.00    0.00
   3.080    8250    5393       0       0    1.53    1.03   82.13  135.01   32.34  307.79      -1      -1      -1       0    0.00    0.00 1106.40    0.00 1182.84 1132.51 1090.14 1140.67    0.00    0.00    0.00  171.10    9.32    0.00    0.02    0.01    0.00    0.00    0.00
   3.090    8250    5402       0       0    1.53    1.03   82.27  135.01   31.45  306.82      -1      -1      -1       0   16.06 1166.31    0.00 1084.47    0.00    0.00    0.00    0.00 1178.17  155.81  232.20    0.00    0.00    0.00    0.00    0.00    0.01    0.00    0.00
   3.100    8250    5419       0       0    1.52    1.03   82.53  135.06   31.84  305.60      -1      -1      -1       0    0.00    0.00 1107.04    0.00 1183.45 1132.41 1090.57 1141.22    0.00    0.00    0.00  172.36    9.33    0.00    0.02    0.02    0.00    0.00    0.00
   3.110    8255    5435       0       0    1.52    1.04   82.69  135.13   32.32  305.30      -1      -1      -1       0   16.39 1166.82    0.00 1084.67    0.00    0.00    0.00    0.00 1178.31  155.65  232.04    0.00    0.00    0.00    0.00    0.00    0.01    0.00    0.00
   3.120    8255    5435       0       0    1.52    1.05   82.73  135.15   32.37  303.76      -1      -1      -1       0    0.00    0.00 1108.06    0.00 1183.68 1132.61 1090.82 1141.57    0.00    0.00    0.00  172.93    9.33    0.00    0.00    0.02    0.00    0.00    0.00
   3.130    8246    5426       0       0    1.52    1.05   82.55  135.10   31.87  302.24      -1      -1      -1       0   16.48 1166.91    0.00 1085.21    0.00    0.00    0.00    0.00 1178.11  155.55  231.66    0.00    0.00    0.00    0.00    0.00    0.01    0.00    0.00
   3.140    8246    5426       0       0    1.52    1.06   82.60  135.09   31.65  302.51      -1      -1      -1       0    0.00    0.00 1108.85    0.00 1186.16 1132.70 1090.90 1141.04    0.00    0.00    0.00  173.60    9.36    0.01    0.01    0.00    0.00    0.00    0.00
   3.150    8250    5448       0       0    1.51    1.07   82.81  135.14   31.55  302.90      -1      -1      -1       0   16.46 1167.16    0.00 1085.77    0.00    0.00    0.00    0.00 1178.57  155.64  231.47    0.00    0.00    0.00    0.00    0.00    0.02    0.00    0.00
   3.160    8250    5451       0       0    1.51    1.07   82.79  135.15   31.40  302.84      -1      -1      -1       0    0.00    0.00 1108.76    0.00 1188.43 1132.76 1092.34 1141.30    0.00    0.00    0.00  174.16    9.43    0.01    0.00    0.00    0.00    0.00    0.00
   3.170    8250    5476       0       0    1.51    1.07   82.08  135.16   31.24  304.28      -1      -1      -1       0   16.37 1167.33    0.00 1087.66    0.00    0.00    0.00    0.00 1178.69  155.72  231.51    0.00    0.00    0.00    0.00    0.00    0.02    0.00    0.00
   3.180    8253    5481       0       0    1.51    1.07   81.28  135.16   31.59  306.75      -1      -1      -1       0    0.00    0.00 1108.42    0.00 1190.29 1132.81 1093.92 1141.42    0.00    0.00    0.00  174.75    9.46    0.01    0.01    0.00    0.00    0.00    0.00
   3.190    8253    5540       0       0    1.49    1.07   80.76  135.21   31.97  309.48      -1      -1      -1       0   16.32 1167.00    0.00 1089.71    0.00    0.00    0.00    0.00 1178.79  155.90  231.61    0.00    0.00    0.00    0.00    0.00    0.01    0.00    0.00
   3.200    8260    5540       0       0    1.49    1.06   80.63  135.23   31.84  309.67      -1      -1      -1       0    0.00    0.00 1108.49    0.00 1191.11 1134.26 1095.43 1142.10    0.00    0.00    0.00  173.60    9.45    0.01    0.01    0.01    0.00    0.00    0.00
   3.210    8286    5540       0       0    1.50    1.05   80.96  135.23   30.95  309.56      -1      -1      -1       0   15.92 1166.92    0.00 1090.49    0.00    0.00    0.00    0.00 1179.77  155.89  231.64    0.00    0.00    0.00    0.00    0.00    0.00    0.00    0.00
   3.220    8286    5562       0       0    1.49    1.05   80.78  135.23   31.68  308.72      -1      -1      -1       0    0.00    0.00 1108.55    0.00 1191.65 1135.46 1096.50 1142.21    0.00    0.00    0.00  174.29    9.40    0.01    0.01    0.01    0.00    0.00    0.00
   3.230    8286    5577       0       0    1.49    1.03   80.41  135.29   32.50  308.67      -1      -1      -1       0   15.88 1166.84    0.00 1091.06    0.00    0.00    0.00    0.00 1181.23  156.06  231.64    0.00    0.00    0.00    0.00    0.00    0.00    0.00    0.00
   3.240    8290    5577       0       0    1.49    1.02   79.41  135.30   32.94  307.36      -1      -1      -1       0    0.00    0.00 1108.49    0.00 1191.92 1137.34 1096.56 1143.86    0.00    0.00    0.00  174.65    9.41    0.01    0.00    0.01    0.00    0.00    0.00
   3.250    8290    5556       0       0    1.49    1.01   79.22  135.20   31.95  305.41      -1      -1      -1       0   15.79 1166.86    0.00 1091.33    0.00    0.00    0.00    0.00 1183.07  156.16  231.99    0.00    0.00    0.00    0.00    0.00    0.01    0.00    0.00
   3.260    8274    5556       0       0    1.49    1.02   79.76  135.11   31.98  304.44      -1      -1      -1       0    0.00    0.00 1109.78    0.00 1192.53 1137.95 1096.48 1145.11    0.00    0.00    0.00  174.81    9.43    0.00    0.02    0.01    0.00    0.00    0.00
   3.270    8274    5573       0       0    1.48    1.02   80.35  135.15   32.18  304.52      -1      -1      -1       0   16.19 1166.87    0.00 1092.01    0.00    0.00    0.00    0.00 1182.83  156.07  232.17    0.00    0.00    0.00    0.00    0.00    0.01    0.00    0.00
   3.280    8276    5576       0       0    1.48    1.03   80.79  135.32   32.75  303.73      -1      -1      -1       0    0.00    0.00 1111.35    0.00 1194.06 1138.45 1096.69 1146.14    0.00    0.00    0.00  175.37    9.44    0.00    0.02    0.02    0.00    0.00    0.00
   3.290    8276    5576       0       0    1.48    1.02   81.03  135.37   32.10  302.40      -1      -1      -1       0   16.32 1167.30    0.00 1092.31    0.00    0.00    0.00    0.00 1182.44  155.77  232.21    0.00    0.00    0.00    0.00    0.00    0.01    0.00    0.00
   3.300    8276    5604       0       0    1.48    1.03   81.51  135.38   31.84  302.87      -1      -1      -1       0    0.00    0.00 1112.76    0.00 1194.49 1138.22 1097.18 1145.62    0.00    0.00    0.00  175.91    9.43    0.00    0.00    0.02    0.00    0.00    0.00
   3.310    8279    5613       0       0    1.47    1.03   82.27  135.38   31.72  303.97      -1      -1      -1       0   16.48 1168.71    0.00 1093.46    0.00    0.00    0.00    0.00 1182.42  155.69  231.78    0.00    0.00    0.00    0.00    0.00    0.01    0.00    0.00
   3.320    8279    5613       0       0    1.47    1.03   82.40  135.44   32.33  304.08      -1      -1      -1       0    0.00    0.00 1113.80    0.00 1196.23 1138.82 1097.32 1145.45    0.00    0.00    0.00  176.76    9.45    0.01    0.01    0.01    0.00    0.00    0.00
   3.330    8279    5656       0       0    1.46    1.01   81.88  135.46   32.39  302.81      -1      -1      -1       0   16.39 1169.51    0.00 1095.78    0.00    0.00    0.00    0.00 1182.66  155.73  231.77    0.00    0.00    0.00    0.00    0.00    0.01    0.00    0.00
   3.340    8302    5678       0       0    1.46    1.03   80.55  135.46   32.30  303.14      -1      -1      -1       0    0.00    0.00 1113.12    0.00 1198.02 1139.45 1098.37 1145.31    0.00    0.00    0.00  177.36    9.46    0.01    0.00    0.00    0.00    0.00    0.00
   3.350    8302    5701       0       0    1.46    1.03   79.70  135.46   31.74  304.04      -1      -1      -1       0   16.37 1169.61    0.00 1098.27    0.00    0.00    0.00    0.00 1182.57  155.80  231.93    0.00    0.00    0.00    0.00    0.00    0.01    0.00    0.00
   3.360    8302    5701       0       0    1.46    1.01   79.49  135.46   31.36  305.72      -1      -1      -1       0    0.00    0.00 1112.75    0.00 1199.62 1139.69 1100.01 1145.35    0.00    0.00    0.00  176.80    9.47    0.01    0.01    0.00    0.00    0.00    0.00
   3.370    8318    5701       0       0    1.46    0.99   79.93  135.46   30.55  307.43      -1      -1      -1       0   16.08 1169.62    0.00 1099.69    0.00    0.00    0.00    0.00 1182.97  155.70  232.24    0.00    0.00    0.00    0.00    0.00    0.00    0.00    0.00
   3.380    8318    5718       0       0    1.45    1.00   80.29  135.40   31.11  309.97      -1      -1      -1       0    0.00    0.00 1112.81    0.00 1200.75 1140.84 1101.45 1145.20    0.00    0.00    0.00  177.57    9.44    0.02    0.01    0.01    0.00    0.00    0.00
   3.390    8299    5743       0       0    1.45    0.99   80.77  135.39   31.47  313.04      -1      -1      -1       0   15.97 1169.29    0.00 1100.47    0.00    0.00    0.00    0.00 1183.55  155.68  232.40    0.00    0.00    0.00    0.00    0.00    0.00    0.00    0.00
   3.400    8299    5743       0       0    1.45    0.96   80.99  135.44   31.99  314.61      -1      -1      -1       0    0.00    0.00 1113.04    0.00 1200.40 1141.24 1102.07 1146.01    0.00    0.00    0.00  177.11    9.40    0.02    0.01    0.01    0.00    0.00    0.00
   3.410    8307    5758       0       0    1.44    0.97   81.43  135.51   31.40  311.77      -1      -1      -1       0   15.72 1168.84    0.00 1100.91    0.00    0.00    0.00    0.00 1183.75  156.01  232.44    0.00    0.00    0.00    0.00    0.00    0.00    0.00    0.00
   3.420    8307    5758       0       0    1.44    0.97   81.45  135.47   31.38  310.73      -1      -1      -1       0    0.00    0.00 1112.89    0.00 1200.37 1141.60 1102.93 1146.84    0.00    0.00    0.00  176.54    9.38    0.01    0.02    0.01    0.00    0.00    0.00
   3.430    8308    5741       0       0    1.45    0.97   81.48  135.46   31.46  309.82      -1      -1      -1       0   16.01 1168.82    0.00 1101.15    0.00    0.00    0.00    0.00 1183.97  156.03  232.80    0.00    0.00    0.00    0.00    0.00    0.01    0.00    0.00
   3.440    8320    5741       0       0    1.45    0.96   81.91  135.51   31.42  313.00      -1      -1      -1       0    0.00    0.00 1112.84    0.00 1200.52 1141.53 1103.68 1147.82    0.00    0.00    0.00  175.48    9.42    0.00    0.02    0.01    0.00    0.00    0.00
   3.450    8320    5756       0       0    1.45    0.97   81.69  135.64   31.75  313.31      -1      -1      -1       0   16.21 1169.57    0.00 1101.74    0.00    0.00    0.00    0.00 1184.17  155.98  232.71    0.00    0.00    0.00    0.00    0.00    0.01    0.00    0.00
   3.460    8320    5766       0       0    1.44    0.97   81.09  135.67   31.75  315.01      -1      -1      -1       0    0.00    0.00 1113.76    0.00 1200.55 1141.44 1104.45 1148.18    0.00    0.00    0.00  174.82    9.45    0.00    0.01    0.01    0.00    0.00    0.00
   3.470    8340    5775       0       0    1.44    0.98   79.94  135.68   31.57  315.59      -1      -1      -1       0   16.39 1169.56    0.00 1102.35    0.00    0.00    0.00    0.00 1184.29  155.63  232.52    0.00    0.00    0.00    0.00    0.00    0.02    0.00    0.00
   3.480    8340    5775       0       0    1.44    0.97   79.42  135.68   31.26  316.23      -1      -1      -1       0    0.00    0.00 1114.83    0.00 1200.51 1141.11 1104.75 1148.07    0.00    0.00    0.00  175.51    9.48    0.01    0.00    0.01    0.00    0.00    0.00
   3.490    8340    5801       0       0    1.44    0.98   79.65  135.74   31.88  316.55      -1      -1      -1       0   16.44 1171.00    0.00 1103.49    0.00    0.00    0.00    0.00 1184.40  155.72  231.86    0.00    0.00    0.00    0.00    0.00    0.02    0.00    0.00
   3.500    8340    5812       0       0    1.43    0.98   79.80  135.75   32.62  315.98      -1      -1      -1       0    0.00    0.00 1115.18    0.00 1201.44 1141.53 1106.32 1148.31    0.00    0.00    0.00  176.39    9.47    0.01    0.00    0.01    0.00    0.00    0.00
   3.510    8337    5818       0       0    1.43    0.99   80.07  135.76   32.87  314.70      -1      -1      -1       0   16.39 1172.68    0.00 1106.55    0.00    0.00    0.00    0.00 1184.60  155.85  231.79    0.00    0.00    0.00    0.00    0.00    0.02    0.00    0.00
   3.520    8315    5818       0       0    1.43    0.98   80.07  135.70   31.80  312.92      -1      -1      -1       0    0.00    0.00 1115.64    0.00 1202.97 1141.52 1108.04 1148.41    0.00    0.00    0.00  177.53    9.49    0.01    0.01    0.00    0.00    0.00    0.00
   3.530    8315    5842       0       0    1.42    1.00   80.00  135.68   31.27  313.12      -1      -1      -1       0   16.23 1173.75    0.00 1109.64    0.00    0.00    0.00    0.00 1184.67  155.88  231.94    0.00    0.00    0.00    0.00    0.00    0.00    0.00    0.00
   3.540    8324    5857       0       0    1.42    1.00   80.25  135.68   31.22  312.85      -1      -1      -1       0    0.00    0.00 1116.50    0.00 1204.36 1142.42 1110.05 1148.93    0.00    0.00    0.00  178.27    9.50    0.01    0.00    0.00    0.00    0.00    0.00
   3.550    8324    5857       0       0    1.42    1.00   80.11  135.68   32.03  312.46      -1      -1      -1       0   16.06 1173.34    0.00 1110.87    0.00    0.00    0.00    0.00 1185.62  155.95  232.24    0.00    0.00    0.00    0.00    0.00    0.01    0.00    0.00
   3.560    8327    5877       0       0    1.42    0.97   79.50  135.74   32.05  311.07      -1      -1      -1       0    0.00    0.00 1116.76    0.00 1204.49 1143.24 1111.25 1149.08    0.00    0.00    0.00  179.11    9.48    0.02    0.01    0.01    0.00    0.00    0.00
   3.570    8344    5880       0       0    1.42    0.99   78.40  135.75   32.32  310.23      -1      -1      -1       0   15.77 1172.91    0.00 1111.73    0.00    0.00    0.00    0.00 1186.73  155.96  232.40    0.00    0.00    0.00    0.00    0.00    0.01    0.00    0.00
   3.580    8344    5895       0       0    1.42    0.99   77.31  135.81   32.40  310.35      -1      -1      -1       0    0.00    0.00 1116.98    0.00 1204.38 1144.58 1111.89 1150.65    0.00    0.00    0.00  179.32    9.47    0.02    0.01    0.01    0.00    0.00    0.00
   3.590    8344    5895       0       0    1.42    0.97   76.43  135.77   33.05  311.18      -1      -1      -1       0   15.72 1172.74    0.00 1111.08    0.00    0.00    0.00    0.00 1188.04  155.97  232.52    0.00    0.00    0.00    0.00    0.00    0.01    0.00    0.00
   3.600    8345    5910       0       0    1.41    0.98   76.05  135.76   32.35  311.23      -1      -1      -1       0    0.00    0.00 1117.08    0.00 1204.66 1144.56 1111.81 1151.90    0.00    0.00    0.00  179.31    9.46    0.00    0.01    0.01    0.00    0.00    0.00
   3.610    8345    5929       0       0    1.41    0.98   76.27  135.76   32.51  310.11      -1      -1      -1       0   16.03 1172.76    0.00 1111.66    0.00    0.00    0.00    0.00 1188.97  155.80  232.38    0.00    0.00    0.00    0.00    0.00    0.01    0.00    0.00
   3.620    8345    5935       0       0    1.41    0.98   76.66  135.81   32.43  309.50      -1      -1      -1       0    0.00    0.00 1118.50    0.00 1204.72 1144.37 1112.08 1152.01    0.00    0.00    0.00  178.13    9.46    0.00    0.01    0.01    0.00    0.00    0.00
   3.630    8361    5939       0       0    1.41    0.96   76.52  135.89   32.74  309.03      -1      -1      -1       0   16.30 1172.61    0.00 1112.06    0.00    0.00    0.00    0.00 1188.91  155.70  232.26    0.00    0.00    0.00    0.00    0.00    0.01    0.00    0.00
   3.640    8361    5951       0       0    1.40    0.98   76.23  135.90   32.56  308.10      -1      -1      -1       0    0.00    0.00 1119.70    0.00 1205.24 1144.33 1112.24 1152.28    0.00    0.00    0.00  177.58    9.46    0.00    0.01    0.01    0.00    0.00    0.00
   3.650    8342    5972       0       0    1.40    0.98   76.48  135.91   32.59  306.73      -1      -1      -1       0   16.39 1174.26    0.00 1113.53    0.00    0.00    0.00    0.00 1188.90  155.68  231.97    0.00    0.00    0.00    0.00    0.00    0.01    0.00    0.00
   3.660    8342    5972       0       0    1.40    0.98   76.93  135.96   32.44  307.20      -1      -1      -1       0    0.00    0.00 1120.68    0.00 1206.37 1144.42 1112.33 1152.54    0.00    0.00    0.00  177.37    9.48    0.01    0.00    0.00    0.00    0.00    0.00
   3.670    8343    5972       0       0    1.40    0.96   77.40  135.98   31.89  306.99      -1      -1      -1       0   16.32 1175.61    0.00 1114.79    0.00    0.00    0.00    0.00 1189.52  155.73  231.90    0.00    0.00    0.00    0.00    0.00    0.02    0.00    0.00
   3.680    8343    5995       0       0    1.39    0.97   77.68  135.98   32.08  305.32      -1      -1      -1       0    0.00    0.00 1120.21    0.00 1208.05 1144.38 1114.22 1152.40    0.00    0.00    0.00  178.43    9.53    0.01    0.00    0.01    0.00    0.00    0.00
   3.690    8343    6000       0       0    1.39    0.97   77.98  135.93   32.27  303.77      -1      -1      -1       0   16.30 1177.69    0.00 1117.35    0.00    0.00    0.00    0.00 1189.64  155.79  231.97    0.00    0.00    0.00    0.00    0.00    0.02    0.00    0.00
   3.700    8364    6000       0       0    1.39    0.96   78.31  135.91   32.12  302.89      -1      -1      -1       0    0.00    0.00 1119.91    0.00 1208.61 1146.15 1116.09 1152.49    0.00    0.00    0.00  179.29    9.53    0.01    0.00    0.00    0.00    0.00    0.00
   3.710    8364    6016       0       0    1.39    0.94   78.56  135.91   30.82  303.16      -1      -1      -1       0   16.12 1177.17    0.00 1117.37    0.00    0.00    0.00    0.00 1189.78  155.98  232.16    0.00    0.00    0.00    0.00    0.00    0.00    0.00    0.00
   3.720    8364    6027       0       0    1.39    0.94   78.81  135.97   31.03  301.77      -1      -1      -1       0    0.00    0.00 1119.99    0.00 1209.06 1147.39 1118.65 1152.59    0.00    0.00    0.00  178.91    9.52    0.02    0.01    0.01    0.00    0.00    0.00
   3.730    8371    6028       0       0    1.39    0.93   78.75  135.98   31.29  301.26      -1      -1      -1       0   16.01 1176.55    0.00 1118.59    0.00    0.00    0.00    0.00 1191.30  156.02  232.38    0.00    0.00    0.00    0.00    0.00    0.00    0.00    0.00
   3.740    8371    6028       0       0    1.39    0.91   78.83  135.98   32.29  299.35      -1      -1      -1       0    0.00    0.00 1120.05    0.00 1208.97 1150.21 1119.53 1152.65    0.00    0.00    0.00  178.56    9.47    0.01    0.01    0.00    0.00    0.00    0.00
   3.750    8356    6056       0       0    1.38    0.91   79.21  135.98   32.10  299.19      -1      -1      -1       0   15.74 1176.11    0.00 1118.45    0.00    0.00    0.00    0.00 1192.94  156.26  232.35    0.00    0.00    0.00    0.00    0.00    0.00    0.00    0.00
   3.760    8356    6070       0       0    1.38    0.93   79.50  135.98   32.25  298.99      -1      -1      -1       0    0.00    0.00 1120.83    0.00 1209.30 1151.02 1119.77 1153.75    0.00    0.00    0.00  177.94    9.43    0.00    0.02    0.01    0.00    0.00    0.00
   3.770    8358    6070       0       0    1.38    0.93   79.80  135.98   31.55  299.11      -1      -1      -1       0   15.90 1175.82    0.00 1117.80    0.00    0.00    0.00    0.00 1194.02  156.21  232.43    0.00    0.00    0.00    0.00    0.00    0.01    0.00    0.00
   3.780    8358    6075       0       0    1.38    0.92   79.64  135.93   30.62  298.00      -1      -1      -1       0    0.00    0.00 1122.22    0.00 1209.55 1151.30 1119.54 1154.00    0.00    0.00    0.00  177.99    9.43    0.00    0.00    0.01    0.00    0.00    0.00
   3.790    8358    6102       0       0    1.37    0.92   79.74  135.97   30.65  296.42      -1      -1      -1       0   16.06 1175.55    0.00 1117.89    0.00    0.00    0.00    0.00 1193.66  156.25  232.36    0.00    0.00    0.00    0.00    0.00    0.01    0.00    0.00
   3.800    8381    6105       0       0    1.37    0.93   80.05  136.03   31.41  295.87      -1      -1      -1       0    0.00    0.00 1124.35    0.00 1210.75 1151.80 1120.01 1154.73    0.00    0.00    0.00  178.72    9.47    0.00    0.02    0.02    0.00    0.00    0.00
   3.810    8381    6105       0       0    1.37    0.92   80.32  136.11   32.91  294.76      -1      -1      -1       0   16.39 1175.96    0.00 1118.89    0.00    0.00    0.00    0.00 1193.64  155.98  232.26    0.00    0.00    0.00    0.00    0.00    0.01    0.00    0.00
   3.820    8381    6122       0       0    1.37    0.92   80.68  136.12   33.21  294.97      -1      -1      -1       0    0.00    0.00 1125.50    0.00 1211.09 1152.12 1120.57 1154.13    0.00    0.00    0.00  179.68    9.52    0.01    0.00    0.02    0.00    0.00    0.00
   3.830    8384    6123       0       0    1.37    0.93   80.74  136.13   33.20  293.88      -1      -1      -1       0   16.39 1177.69    0.00 1119.40    0.00    0.00    0.00    0.00 1193.56  155.86  232.06    0.00    0.00    0.00    0.00    0.00    0.01    0.00    0.00
   3.840    8384    6138       0       0    1.37    0.93   80.72  136.13   32.31  293.61      -1      -1      -1       0    0.00    0.00 1127.06    0.00 1212.80 1152.34 1120.77 1154.42    0.00    0.00    0.00  180.12    9.55    0.01    0.00    0.00    0.00    0.00    0.00
   3.850    8377    6138       0       0    1.36    0.92   80.81  136.13   31.00  293.55      -1      -1      -1       0   16.35 1178.90    0.00 1121.28    0.00    0.00    0.00    0.00 1193.68  155.83  232.09    0.00    0.00    0.00    0.00    0.00    0.01    0.00    0.00
   3.860    8377    6156       0       0    1.36    0.92   80.45  136.13   30.05  293.85      -1      -1      -1       0    0.00    0.00 1127.15    0.00 1214.56 1152.55 1122.31 1154.56    0.00    0.00    0.00  180.04    9.52    0.01    0.00    0.00    0.00    0.00    0.00
   3.870    8377    6165       0       0    1.36    0.93   80.78  136.13   30.29  294.09      -1      -1      -1       0   16.30 1180.83    0.00 1124.32    0.00    0.00    0.00    0.00 1193.66  155.94  232.19    0.00    0.00    0.00    0.00    0.00    0.01    0.00    0.00
   3.880    8377    6165       0       0    1.36    0.92   80.92  136.13   30.69  292.37      -1      -1      -1       0    0.00    0.00 1127.03    0.00 1216.16 1154.06 1123.46 1154.94    0.00    0.00    0.00  179.62    9.52    0.00    0.01    0.01    0.00    0.00    0.00
   3.890    8379    6165       0       0    1.36    0.90   81.48  136.19   30.33  291.78      -1      -1      -1       0   16.12 1180.11    0.00 1125.76    0.00    0.00    0.00    0.00 1194.61  156.19  232.30    0.00    0.00    0.00    0.00    0.00    0.00    0.00    0.00
   3.900    8398    6193       0       0    1.36    0.90   81.97  136.20   30.18  290.98      -1      -1      -1       0    0.00    0.00 1127.19    0.00 1216.83 1155.80 1124.44 1155.44    0.00    0.00    0.00  180.89    9.51    0.01    0.01    0.01    0.00    0.00    0.00
   3.910    8398    6245       0       0    1.34    0.90   82.59  136.21   30.34  291.91      -1      -1      -1       0   15.97 1179.63    0.00 1127.10    0.00    0.00    0.00    0.00 1195.71  156.36  232.33    0.00    0.00    0.00    0.00    0.00    0.00    0.00    0.00
   3.920    8398    6245       0       0    1.34    0.88   82.90  136.21   30.98  292.64      -1      -1      -1       0    0.00    0.00 1128.57    0.00 1216.48 1157.53 1124.08 1156.73    0.00    0.00    0.00  180.88    9.53    0.01    0.01    0.01    0.00    0.00    0.00
   3.930    8401    6267       0       0    1.34    0.88   82.92  136.21   31.21  295.09      -1      -1      -1       0   15.68 1179.39    0.00 1126.38    0.00    0.00    0.00    0.00 1197.04  156.74  232.59    0.00    0.00    0.00    0.00    0.00    0.00    0.00    0.00
   3.940    8401    6279       0       0    1.34    0.89   82.79  136.21   32.52  298.45      -1      -1      -1       0    0.00    0.00 1128.88    0.00 1217.32 1157.32 1124.89 1157.09    0.00    0.00    0.00  181.80    9.52    0.01    0.01    0.01    0.00    0.00    0.00
   3.950    8384    6283       0       0    1.33    0.89   82.82  136.21   32.61  301.24      -1      -1      -1       0   15.90 1179.48    0.00 1125.96    0.00    0.00    0.00    0.00 1197.97  156.72  233.18    0.00    0.00    0.00    0.00    0.00    0.00    0.00    0.00
   3.960    8384    6283       0       0    1.33    0.87   82.44  136.26   32.34  303.40      -1      -1      -1       0    0.00    0.00 1130.12    0.00 1217.55 1156.78 1125.17 1157.42    0.00    0.00    0.00  180.98    9.53    0.00    0.01    0.00    0.00    0.00    0.00
   3.970    8391    6300       0       0    1.33    0.88   82.44  136.34   31.54  303.29      -1      -1      -1       0   16.17 1179.33    0.00 1126.29    0.00    0.00    0.00    0.00 1197.98  156.61  233.16    0.00    0.00    0.00    0.00    0.00    0.01    0.00    0.00
   3.980    8391    6317       0       0    1.33    0.88   82.25  136.35   31.96  304.40      -1      -1      -1       0    0.00    0.00 1131.59    0.00 1217.76 1156.58 1126.74 1157.35    0.00    0.00    0.00  180.31    9.52    0.00    0.01    0.01    0.00    0.00    0.00
   3.990    8392    6317       0       0    1.33    0.87   82.26  136.36   32.11  305.00      -1      -1      -1       0   16.39 1179.62    0.00 1126.84    0.00    0.00    0.00    0.00 1197.91  156.18  232.80    0.00    0.00    0.00    0.00    0.00    0.01    0.00    0.00
   4.000    8416    6323       0       0    1.33    0.88   82.11  136.36   31.27  305.96      -1      -1      -1       0    0.00    0.00 1131.69    0.00 1218.40 1156.34 1127.20 1157.27    0.00    0.00    0.00  179.17    9.52    0.01    0.01    0.01    0.00    0.00    0.00
   4.010    8416    6323       0       0    1.33    0.90   82.13  136.36   31.58  305.71      -1      -1      -1       0   16.37 1181.16    0.00 1127.69    0.00    0.00    0.00    0.00 1198.09  156.02  232.02    0.00    0.00    0.00    0.00    0.00    0.02    0.00    0.00
   4.020    8416    6305       0       0    1.33    0.90   82.27  136.36   32.03  305.33      -1      -1      -1       0    0.00    0.00 1132.00    0.00 1220.17 1156.14 1129.23 1156.92    0.00    0.00    0.00  179.99    9.54    0.01    0.01    0.00    0.00    0.00    0.00
   4.030    8416    6305       0       0    1.33    0.89   82.17  136.36   32.48  304.58      -1      -1      -1       0   16.32 1181.51    0.00 1129.36    0.00    0.00    0.00    0.00 1198.12  156.15  232.09    0.00    0.00    0.00    0.00    0.00    0.02    0.00    0.00
   4.040    8416    6323       0       0    1.33    0.89   81.89  136.30   32.16  304.07      -1      -1      -1       0    0.00    0.00 1131.80    0.00 1221.10 1156.27 1129.38 1156.51    0.00    0.00    0.00  181.83    9.54    0.01    0.00    0.00    0.00    0.00    0.00
   4.050    8403    6323       0       0    1.33    0.89   81.56  136.29   31.29  304.42      -1      -1      -1       0   16.23 1182.37    0.00 1132.10    0.00    0.00    0.00    0.00 1198.15  156.29  232.36    0.00    0.00    0.00    0.00    0.00    0.00    0.00    0.00
   4.060    8403    6323       0       0    1.33    0.88   81.35  136.28   31.08  305.97      -1      -1      -1       0    0.00    0.00 1131.56    0.00 1222.54 1157.52 1130.36 1156.71    0.00    0.00    0.00  182.68    9.54    0.01    0.01    0.00    0.00    0.00    0.00
   4.070    8405    6344       0       0    1.32    0.88   81.46  136.34   30.17  307.50      -1      -1      -1       0   16.06 1181.44    0.00 1132.08    0.00    0.00    0.00    0.00 1199.13  156.67  232.52    0.00    0.00    0.00    0.00    0.00    0.01    0.00    0.00
   4.080    8405    6358       0       0    1.32    0.88   81.61  136.36   30.89  309.50      -1      -1      -1       0    0.00    0.00 1131.55    0.00 1223.01 1158.03 1131.44 1156.58    0.00    0.00    0.00  182.18    9.50    0.02    0.01    0.01    0.00    0.00    0.00
   4.090    8405    6371       0       0    1.32    0.87   81.26  136.36   31.55  310.65      -1      -1      -1       0   15.81 1180.90    0.00 1132.81    0.00    0.00    0.00    0.00 1200.68  156.76  232.56    0.00    0.00    0.00    0.00    0.00    0.00    0.00    0.00
   4.100    8417    6410       0       0    1.31    0.85   81.05  136.36   32.19  312.07      -1      -1      -1       0    0.00    0.00 1132.88    0.00 1222.55 1158.37 1130.98 1157.35    0.00    0.00    0.00  181.79    9.51    0.02    0.01    0.01    0.00    0.00    0.00
   4.110    8417    6428       0       0    1.31    0.84   80.57  136.36   33.06  311.46      -1      -1      -1       0   15.68 1180.85    0.00 1132.59    0.00    0.00    0.00    0.00 1202.09  156.89  232.65    0.00    0.00    0.00    0.00    0.00    0.01    0.00    0.00
   4.120    8416    6428       0       0    1.31    0.84   80.26  136.36   33.37  311.62      -1      -1      -1       0    0.00    0.00 1133.06    0.00 1222.90 1157.89 1131.30 1158.58    0.00    0.00    0.00  181.76    9.53    0.00    0.02    0.01    0.00    0.00    0.00
   4.130    8416    6428       0       0    1.31    0.82   79.82  136.36   33.49  311.02      -1      -1      -1       0   16.01 1181.16    0.00 1132.70    0.00    0.00    0.00    0.00 1203.13  156.59  233.11    0.00    0.00    0.00    0.00    0.00    0.01    0.00    0.00
   4.140    8416    6448       0       0    1.31    0.82   79.52  136.30   31.92  311.03      -1      -1      -1       0    0.00    0.00 1134.95    0.00 1223.82 1157.79 1133.29 1158.98    0.00    0.00    0.00  182.79    9.57    0.00    0.02    0.02    0.00    0.00    0.00
   4.150    8403    6470       0       0    1.30    0.82   79.61  136.34   31.55  310.38      -1      -1      -1       0   16.17 1180.92    0.00 1132.82    0.00    0.00    0.00    0.00 1202.30  156.35  233.06    0.00    0.00    0.00    0.00    0.00    0.01    0.00    0.00
   4.160    8403    6470       0       0    1.30    0.82   79.21  136.41   31.62  311.52      -1      -1      -1       0    0.00    0.00 1137.44    0.00 1224.52 1157.34 1135.10 1159.44    0.00    0.00    0.00  183.05    9.56    0.00    0.01    0.02    0.00    0.00    0.00
   4.170    8407    6445       0       0    1.30    0.82   78.94  136.48   31.83  311.32      -1      -1      -1       0   16.37 1181.27    0.00 1133.82    0.00    0.00    0.00    0.00 1202.62  156.34  232.78    0.00    0.00    0.00    0.00    0.00    0.01    0.00    0.00
   4.180    8407    6445       0       0    1.30    0.82   78.68  136.50   32.18  310.78      -1      -1      -1       0    0.00    0.00 1139.22    0.00 1225.72 1157.26 1135.83 1158.95    0.00    0.00    0.00  183.05    9.57    0.01    0.00    0.01    0.00    0.00    0.00
   4.190    8407    6445       0       0    1.30    0.85   78.59  136.51   32.70  309.83      -1      -1      -1       0   16.35 1182.58    0.00 1135.37    0.00    0.00    0.00    0.00 1202.72  156.57  232.28    0.00    0.00    0.00    0.00    0.00    0.02    0.00    0.00
   4.200    8425    6445       0       0    1.31    0.82   78.50  136.51   32.94  309.60      -1      -1      -1       0    0.00    0.00 1140.08    0.00 1227.48 1157.61 1139.38 1159.64    0.00    0.00    0.00  182.40    9.60    0.01    0.00    0.00    0.00    0.00    0.00
   4.210    8425    6465       0       0    1.30    0.82   78.18  136.51   33.06  309.38      -1      -1      -1       0   16.30 1183.37    0.00 1138.13    0.00    0.00    0.00    0.00 1203.71  156.68  232.32    0.00    0.00    0.00    0.00    0.00    0.02    0.00    0.00
   4.220    8425    6489       0       0    1.30    0.83   78.10  136.51   32.49  309.64      -1      -1      -1       0    0.00    0.00 1140.15    0.00 1228.98 1158.00 1141.59 1159.86    0.00    0.00    0.00  181.97    9.62    0.01    0.01    0.00    0.00    0.00    0.00
   4.230    8428    6529       0       0    1.29    0.82   77.66  136.56   32.05  309.39      -1      -1      -1       0   16.19 1183.81    0.00 1140.79    0.00    0.00    0.00    0.00 1203.83  156.54  232.42    0.00    0.00    0.00    0.00    0.00    0.01    0.00    0.00
   4.240    8428    6537       0       0    1.29    0.81   77.36  136.52   31.00  309.48      -1      -1      -1       0    0.00    0.00 1140.34    0.00 1230.08 1159.94 1143.19 1161.14    0.00    0.00    0.00  181.61    9.63    0.01    0.01    0.00    0.00    0.00    0.00
   4.250    8415    6557       0       0    1.28    0.82   76.89  136.51   30.94  309.02      -1      -1      -1       0   15.99 1183.41    0.00 1142.33    0.00    0.00    0.00    0.00 1204.99  156.50  232.53    0.00    0.00    0.00    0.00    0.00    0.01    0.00    0.00
   4.260    8415    6557       0       0    1.28    0.82   76.36  136.51   31.28  309.40      -1      -1      -1       0    0.00    0.00 1140.46    0.00 1230.60 1162.29 1144.40 1161.93    0.00    0.00    0.00  181.45    9.56    0.00    0.01    0.01    0.00    0.00    0.00
   4.270    8415    6557       0       0    1.28    0.82   75.90  136.51   31.37  310.14      -1      -1      -1       0   15.81 1183.14    0.00 1141.50    0.00    0.00    0.00    0.00 1205.69  156.83  232.56    0.00    0.00    0.00    0.00    0.00    0.00    0.00    0.00
   4.280    8409    6557       0       0    1.28    0.82   75.56  136.51   31.69  309.84      -1      -1      -1       0    0.00    0.00 1141.05    0.00 1230.48 1162.75 1143.62 1163.32    0.00    0.00    0.00  181.35    9.56    0.00    0.01    0.01    0.00    0.00    0.00
   4.290    8409    6552       0       0    1.28    0.82   75.60  136.45   32.03  310.25      -1      -1      -1       0   15.68 1183.25    0.00 1140.95    0.00    0.00    0.00    0.00 1206.51  156.91  232.83    0.00    0.00    0.00    0.00    0.00    0.01    0.00    0.00
   4.300    8427    6546       0       0    1.29    0.79   75.65  136.44   32.61  309.05      -1      -1      -1       0    0.00    0.00 1141.25    0.00 1230.61 1163.25 1143.49 1165.11    0.00    0.00    0.00  182.11    9.55    0.01    0.02    0.02    0.00    0.00    0.00
   4.310    8427    6546       0       0    1.29    0.80   75.46  136.43   31.50  308.43      -1      -1      -1       0   16.10 1183.23    0.00 1141.51    0.00    0.00    0.00    0.00 1205.91  156.77  232.89    0.00    0.00    0.00    0.00    0.00    0.01    0.00    0.00
   4.320    8422    6568       0       0    1.28    0.80   75.64  136.49   31.03  307.95      -1      -1      -1       0    0.00    0.00 1142.70    0.00 1230.77 1162.55 1143.79 1165.29    0.00    0.00    0.00  182.03    9.57    0.00    0.02    0.00    0.00    0.00    0.00
   4.330    8422    6568       0       0    1.28    0.80   75.43  136.56   30.75  307.67      -1      -1      -1       0   16.32 1184.01    0.00 1142.11    0.00    0.00    0.00    0.00 1206.09  156.39  232.74    0.00    0.00    0.00    0.00    0.00    0.01    0.00    0.00
   4.340    8422    6612       0       0    1.27    0.79   75.50  136.46   31.63  306.79      -1      -1      -1       0    0.00    0.00 1143.79    0.00 1230.90 1161.72 1144.51 1164.55    0.00    0.00    0.00  182.21    9.56    0.00    0.00    0.02    0.00    0.00    0.00
   4.350    8407    6635       0       0    1.27    0.80   75.65  136.44   31.95  304.62      -1      -1      -1       0   16.30 1186.26    0.00 1142.06    0.00    0.00    0.00    0.00 1205.85  156.47  232.35    0.00    0.00    0.00    0.00    0.00    0.01    0.00    0.00
   4.360    8407    6635       0       0    1.27    0.82   76.11  136.43   32.24  304.73      -1      -1      -1       0    0.00    0.00 1144.75    0.00 1231.87 1161.61 1144.53 1164.79    0.00    0.00    0.00  181.80    9.56    0.01    0.00    0.01    0.00    0.00    0.00
   4.370    8409    6635       0       0    1.27    0.81   76.84  136.54   32.56  304.43      -1      -1      -1       0   16.41 1187.62    0.00 1143.28    0.00    0.00    0.00    0.00 1206.33  156.65  232.26    0.00    0.00    0.00    0.00    0.00    0.00    0.00    0.00
   4.380    8409    6640       0       0    1.27    0.81   77.06  136.57   32.66  303.87      -1      -1      -1       0    0.00    0.00 1144.39    0.00 1232.14 1162.73 1145.71 1164.85    0.00    0.00    0.00  181.63    9.59    0.01    0.00    0.00    0.00    0.00    0.00
   4.390    8409    6640       0       0    1.27    0.82   77.20  136.58   31.93  303.08      -1      -1      -1       0   16.21 1188.79    0.00 1145.88    0.00    0.00    0.00    0.00 1206.30  156.70  232.49    0.00    0.00    0.00    0.00    0.00    0.00    0.00    0.00
   4.400    8420    6629       0       0    1.27    0.80   76.69  136.58   30.82  300.94      -1      -1      -1       0    0.00    0.00 1143.97    0.00 1232.71 1163.07 1146.85 1164.80    0.00    0.00    0.00  181.13    9.55    0.01    0.01    0.00    0.00    0.00    0.00
   4.410    8420    6629       0       0    1.27    0.78   76.34  136.58   29.79  300.40      -1      -1      -1       0   16.15 1187.80    0.00 1146.63    0.00    0.00    0.00    0.00 1207.11  156.66  232.72    0.00    0.00    0.00    0.00    0.00    0.01    0.00    0.00
   4.420    8420    6665       0       0    1.26    0.78   75.34  136.58   30.21  299.13      -1      -1      -1       0    0.00    0.00 1144.23    0.00 1233.07 1164.66 1147.76 1165.15    0.00    0.00    0.00  180.35    9.52    0.01    0.01    0.01    0.00    0.00    0.00
   4.430    8423    6681       0       0    1.26    0.78   74.32  136.64   30.69  298.98      -1      -1      -1       0   15.86 1187.66    0.00 1146.40    0.00    0.00    0.00    0.00 1207.32  156.76  232.87    0.00    0.00    0.00    0.00    0.00    0.00    0.00    0.00
   4.440    8423    6681       0       0    1.26    0.77   73.51  136.60   31.47  297.32      -1      -1      -1       0    0.00    0.00 1144.77    0.00 1232.37 1166.50 1148.17 1166.57    0.00    0.00    0.00  180.55    9.47    0.01    0.01    0.01    0.00    0.00    0.00
   4.450    8408    6718       0       0    1.25    0.76   73.86  136.59   31.80  296.42      -1      -1      -1       0   15.63 1187.78    0.00 1145.93    0.00    0.00    0.00    0.00 1208.62  157.23  232.82    0.00    0.00    0.00    0.00    0.00    0.00    0.00    0.00
   4.460    8408    6718       0       0    1.25    0.76   74.36  136.53   32.14  296.68      -1      -1      -1       0    0.00    0.00 1144.77    0.00 1232.47 1166.74 1148.06 1168.27    0.00    0.00    0.00  181.12    9.52    0.01    0.01    0.01    0.00    0.00    0.00
   4.470    8411    6706       0       0    1.25    0.75   74.88  136.57   32.17  296.91      -1      -1      -1       0   15.81 1188.26    0.00 1145.81    0.00    0.00    0.00    0.00 1209.37  157.24  233.15    0.00    0.00    0.00    0.00    0.00    0.01    0.00    0.00
   4.480    8411    6706       0       0    1.25    0.75   74.95  136.63   32.86  295.83      -1      -1      -1       0    0.00    0.00 1146.25    0.00 1232.99 1166.28 1148.30 1169.28    0.00    0.00    0.00  181.78    9.54    0.00    0.01    0.01    0.00    0.00    0.00
   4.490    8411    6706       0       0    1.25    0.74   75.22  136.71   32.55  295.88      -1      -1      -1       0   16.01 1188.15    0.00 1145.80    0.00    0.00    0.00    0.00 1209.78  157.01  233.32    0.00    0.00    0.00    0.00    0.00    0.01    0.00    0.00
   4.500    8434    6702       0       0    1.26    0.74   75.65  136.78   32.15  296.06      -1      -1      -1       0    0.00    0.00 1147.91    0.00 1233.89 1165.74 1148.41 1168.47    0.00    0.00    0.00  181.82    9.58    0.00    0.01    0.01    0.00    0.00    0.00
   4.510    8434    6702       0       0    1.26    0.73   75.75  136.80   30.42  299.34      -1      -1      -1       0   16.35 1188.55    0.00 1146.54    0.00    0.00    0.00    0.00 1209.82  156.62  233.28    0.00    0.00    0.00    0.00    0.00    0.01    0.00    0.00
   4.520    8434    6772       0       0    1.25    0.73   75.81  136.81   30.25  302.44      -1      -1      -1       0    0.00    0.00 1148.98    0.00 1234.05 1165.95 1149.37 1167.91    0.00    0.00    0.00  182.35    9.56    0.00    0.00    0.01    0.00    0.00    0.00
   4.530    8436    6772       0       0    1.25    0.72   75.50  136.81   30.35  307.42      -1      -1      -1       0   16.37 1190.28    0.00 1147.92    0.00    0.00    0.00    0.00 1210.55  156.69  232.83    0.00    0.00    0.00    0.00    0.00    0.02    0.00    0.00
   4.540    8436    6774       0       0    1.25    0.72   75.65  136.81   31.25  310.29      -1      -1      -1       0    0.00    0.00 1149.53    0.00 1235.98 1165.85 1150.52 1167.63    0.00    0.00    0.00  183.14    9.61    0.01    0.00    0.00    0.00    0.00    0.00
   4.550    8424    6774       0       0    1.24    0.73   76.02  136.81   31.97  312.95      -1      -1      -1       0   16.30 1192.49    0.00 1150.71    0.00    0.00    0.00    0.00 1211.20  156.60  232.63    0.00    0.00    0.00    0.00    0.00    0.02    0.00    0.00
   4.560    8424    6769       0       0    1.24    0.73   76.24  136.81   32.41  315.40      -1      -1      -1       0    0.00    0.00 1149.23    0.00 1237.75 1166.57 1152.38 1167.51    0.00    0.00    0.00  183.27    9.62    0.01    0.01    0.00    0.00    0.00    0.00
   4.570    8441    6762       0       0    1.25    0.73   76.55  136.75   32.01  317.80      -1      -1      -1       0   16.30 1193.13    0.00 1151.68    0.00    0.00    0.00    0.00 1211.48  156.57  232.76    0.00    0.00    0.00    0.00    0.00    0.01    0.00    0.00
   4.580    8441    6762       0       0    1.25    0.73   76.37  136.74   31.75  318.88      -1      -1      -1       0    0.00    0.00 1149.05    0.00 1239.84 1167.73 1152.98 1167.65    0.00    0.00    0.00  182.65    9.63    0.01    0.01    0.00    0.00    0.00    0.00
   4.590    8441    6802       0       0    1.24    0.74   76.13  136.73   31.92  320.29      -1      -1      -1       0   16.10 1192.10    0.00 1151.36    0.00    0.00    0.00    0.00 1211.82  156.57  232.88    0.00    0.00    0.00    0.00    0.00    0.00    0.00    0.00
   4.600    8441    6811       0       0    1.24    0.69   75.78  136.79   32.33  319.35      -1      -1      -1       0    0.00    0.00 1149.11    0.00 1239.71 1169.62 1153.92 1168.84    0.00    0.00    0.00  182.43    9.59    0.02    0.01    0.01    0.00    0.00    0.00
   4.610    8437    6840       0       0    1.23    0.69   75.49  136.75   32.19  318.95      -1      -1      -1       0   15.79 1191.91    0.00 1151.15    0.00    0.00    0.00    0.00 1212.64  156.90  232.99    0.00    0.00    0.00    0.00    0.00    0.01    0.00    0.00
   4.620    8420    6840       0       0    1.23    0.68   75.49  136.74   31.29  318.04      -1      -1      -1       0    0.00    0.00 1149.58    0.00 1239.89 1170.23 1153.78 1171.13    0.00    0.00    0.00  182.90    9.58    0.02    0.01    0.01    0.00    0.00    0.00
   4.630    8420    6800       0       0    1.24    0.67   75.39  136.73   31.06  317.00      -1      -1      -1       0   15.61 1191.46    0.00 1150.73    0.00    0.00    0.00    0.00 1213.32  157.33  233.11    0.00    0.00    0.00    0.00    0.00    0.01    0.00    0.00
   4.640    8424    6800       0       0    1.24    0.65   75.75  136.73   30.41  315.44      -1      -1      -1       0    0.00    0.00 1149.59    0.00 1240.32 1170.02 1153.44 1171.83    0.00    0.00    0.00  183.28    9.61    0.00    0.01    0.01    0.00    0.00    0.00
   4.650    8424    6836       0       0    1.23    0.67   76.14  136.73   30.76  312.94      -1      -1      -1       0   15.94 1191.26    0.00 1150.60    0.00    0.00    0.00    0.00 1213.62  157.32  233.66    0.00    0.00    0.00    0.00    0.00    0.01    0.00    0.00
   4.660    8424    6841       0       0    1.23    0.67   76.36  136.79   30.63  311.83      -1      -1      -1       0    0.00    0.00 1150.96    0.00 1240.44 1169.32 1153.39 1172.67    0.00    0.00    0.00  183.31    9.64    0.00    0.01    0.01    0.00    0.00    0.00
   4.670    8431    6873       0       0    1.23    0.67   76.81  136.86   30.95  311.07      -1      -1      -1       0   16.26 1191.65    0.00 1150.97    0.00    0.00    0.00    0.00 1213.54  157.15  233.71    0.00    0.00    0.00    0.00    0.00    0.01    0.00    0.00
   4.680    8431    6905       0       0    1.22    0.66   77.24  136.88   31.76  310.07      -1      -1      -1       0    0.00    0.00 1152.06    0.00 1240.56 1168.50 1153.56 1171.60    0.00    0.00    0.00  183.18    9.65    0.00    0.00    0.01    0.00    0.00    0.00
   4.690    8431    6905       0       0    1.22    0.66   77.84  136.83   32.41  309.82      -1      -1      -1       0   16.32 1193.42    0.00 1151.42    0.00    0.00    0.00    0.00 1213.72  156.77  233.46    0.00    0.00    0.00    0.00    0.00    0.01    0.00    0.00
   4.700    8435    6875       0       0    1.23    0.66   77.95  136.87   32.69  307.81      -1      -1      -1       0    0.00    0.00 1153.00    0.00 1241.29 1168.07 1153.48 1170.80    0.00    0.00    0.00  182.63    9.62    0.01    0.00    0.01    0.00    0.00    0.00
   4.710    8435    6875       0       0    1.23    0.66   77.98  136.88   32.46  306.99      -1      -1      -1       0   16.37 1195.07    0.00 1151.47    0.00    0.00    0.00    0.00 1213.65  156.84  232.79    0.00    0.00    0.00    0.00    0.00    0.02    0.00    0.00
   4.720    8420    6875       0       0    1.22    0.66   77.86  136.88   31.68  306.45      -1      -1      -1       0    0.00    0.00 1153.41    0.00 1241.92 1167.88 1154.78 1169.55    0.00    0.00    0.00  181.70    9.63    0.01    0.00    0.00    0.00    0.00    0.00
   4.730    8420    6875       0       0    1.22    0.66   77.70  136.83   31.73  308.27      -1      -1      -1       0   16.26 1196.22    0.00 1152.08    0.00    0.00    0.00    0.00 1213.71  156.92  232.71    0.00    0.00    0.00    0.00    0.00    0.02    0.00    0.00
   4.740    8420    6932       0       0    1.21    0.65   77.49  136.81   30.96  307.75      -1      -1      -1       0    0.00    0.00 1153.23    0.00 1242.64 1168.56 1156.37 1169.54    0.00    0.00    0.00  181.15    9.64    0.01    0.01    0.00    0.00    0.00    0.00
   4.750    8416    6949       0       0    1.21    0.65   77.44  136.81   30.63  307.45      -1      -1      -1       0   16.10 1195.36    0.00 1152.66    0.00    0.00    0.00    0.00 1213.73  156.99  232.78    0.00    0.00    0.00    0.00    0.00    0.00    0.00    0.00
   4.760    8416    6949       0       0    1.21    0.65   77.30  136.87   29.99  305.27      -1      -1      -1       0    0.00    0.00 1153.25    0.00 1243.36 1169.98 1158.23 1169.13    0.00    0.00    0.00  181.34    9.63    0.01    0.01    0.01    0.00    0.00    0.00
   4.770    8428    6943       0       0    1.21    0.64   77.20  136.88   29.26  304.24      -1      -1      -1       0   15.97 1194.77    0.00 1152.54    0.00    0.00    0.00    0.00 1214.30  157.01  232.97    0.00    0.00    0.00    0.00    0.00    0.00    0.00    0.00
   4.780    8428    6943       0       0    1.21    0.64   76.69  136.88   29.42  302.04      -1      -1      -1       0    0.00    0.00 1153.28    0.00 1243.65 1171.37 1158.93 1169.61    0.00    0.00    0.00  181.12    9.58    0.02    0.01    0.01    0.00    0.00    0.00
   4.790    8423    6943       0       0    1.21    0.64   76.40  136.83   29.66  300.84      -1      -1      -1       0   15.61 1194.10    0.00 1152.40    0.00    0.00    0.00    0.00 1214.87  157.24  233.10    0.00    0.00    0.00    0.00    0.00    0.00    0.00    0.00
   4.800    8423    6986       0       0    1.21    0.64   75.98  136.81   30.44  299.41      -1      -1      -1       0    0.00    0.00 1154.19    0.00 1244.30 1171.93 1158.99 1171.17    0.00    0.00    0.00  180.81    9.56    0.02    0.01    0.01    0.00    0.00    0.00
   4.810    8423    7011       0       0    1.20    0.65   75.74  136.75   31.64  298.56      -1      -1      -1       0   15.68 1193.91    0.00 1152.14    0.00    0.00    0.00    0.00 1215.61  157.30  233.40    0.00    0.00    0.00    0.00    0.00    0.01    0.00    0.00
   4.820    8410    7011       0       0    1.20    0.66   75.78  136.79   31.85  297.22      -1      -1      -1       0    0.00    0.00 1154.35    0.00 1244.94 1172.06 1159.23 1173.72    0.00    0.00    0.00  179.16    9.55    0.00    0.02    0.02    0.00    0.00    0.00
   4.830    8410    6968       0       0    1.21    0.66   75.79  136.86   31.92  297.53      -1      -1      -1       0   16.06 1193.93    0.00 1151.37    0.00    0.00    0.00    0.00 1215.88  157.20  233.39    0.00    0.00    0.00    0.00    0.00    0.01    0.00    0.00
   4.840    8414    6968       0       0    1.21    0.69   76.53  136.93   31.86  296.95      -1      -1      -1       0    0.00    0.00 1155.92    0.00 1245.20 1171.77 1159.43 1174.89    0.00    0.00    0.00  179.40    9.58    0.00    0.02    0.00    0.00    0.00    0.00
   4.850    8414    6985       0       0    1.20    0.69   76.88  136.28   32.09  297.30      -1      -1      -1       0   16.21 1195.00    0.00 1151.13    0.00    0.00    0.00    0.00 1215.79  156.95  233.21    0.00    0.00    0.00    0.00    0.00    0.01    0.00    0.00
   4.860    8416    7006       0       0    1.20    0.69   77.03  136.11   31.96  296.57      -1      -1      -1       0    0.00    0.00 1156.71    0.00 1245.37 1171.23 1160.89 1173.81    0.00    0.00    0.00  180.25    9.58    0.00    0.01    0.02    0.00    0.00    0.00
   4.870    8424    7028       0       0    1.20    0.70   76.75  136.13   30.87  295.26      -1      -1      -1       0   16.37 1196.37    0.00 1151.61    0.00    0.00    0.00    0.00 1215.98  156.94  232.90    0.00    0.00    0.00    0.00    0.00    0.01    0.00    0.00
   4.880    8424    7028       0       0    1.20    0.69   76.42  136.75   30.84  294.44      -1      -1      -1       0    0.00    0.00 1157.63    0.00 1246.81 1171.20 1161.26 1172.97    0.00    0.00    0.00  181.63    9.61    0.01    0.00    0.01    0.00    0.00    0.00
   4.890    8422    7006       0       0    1.20    0.67   76.56  136.90   30.95  294.08      -1      -1      -1       0   16.26 1197.70    0.00 1153.70    0.00    0.00    0.00    0.00 1216.05  157.05  232.83    0.00    0.00    0.00    0.00    0.00    0.01    0.00    0.00
   4.900    8422    7006       0       0    1.20    0.66   76.60  136.94   30.56  293.66      -1      -1      -1       0    0.00    0.00 1157.60    0.00 1248.04 1171.96 1163.59 1172.16    0.00    0.00    0.00  181.91    9.65    0.01    0.01    0.00    0.00    0.00    0.00
   4.910    8422    7033       0       0    1.20    0.66   76.67  136.95   29.57  293.40      -1      -1      -1       0   16.17 1198.69    0.00 1156.24    0.00    0.00    0.00    0.00 1216.55  157.25  232.89    0.00    0.00    0.00    0.00    0.00    0.01    0.00    0.00
   4.920    8402    7045       0       0    1.19    0.65   76.82  136.96   28.13  292.03      -1      -1      -1       0    0.00    0.00 1157.49    0.00 1249.92 1172.39 1165.03 1171.85    0.00    0.00    0.00  181.13    9.67    0.01    0.01    0.00    0.00    0.00    0.00
   4.930    8402    7075       0       0    1.19    0.63   77.05  136.96   28.50  292.67      -1      -1      -1       0   16.03 1199.15    0.00 1159.79    0.00    0.00    0.00    0.00 1216.69  157.35  233.00    0.00    0.00    0.00    0.00    0.00    0.00    0.00    0.00
   4.940    8402    7075       0       0    1.19    0.64   77.36  136.96   29.39  293.47      -1      -1      -1       0    0.00    0.00 1157.65    0.00 1250.54 1174.77 1165.78 1171.96    0.00    0.00    0.00  181.33    9.63    0.01    0.01    0.01    0.00    0.00    0.00
   4.950    8395    7041       0       0    1.19    0.62   77.35  136.96   30.88  293.67      -1      -1      -1       0   15.90 1198.87    0.00 1160.11    0.00    0.00    0.00    0.00 1218.23  157.49  233.11    0.00    0.00    0.00    0.00    0.00    0.01    0.00    0.00
   4.960    8395    7041       0       0    1.19    0.58   76.76  136.96   31.52  293.24      -1      -1      -1       0    0.00    0.00 1158.16    0.00 1250.18 1176.70 1166.22 1173.84    0.00    0.00    0.00  181.12    9.59    0.01    0.01    0.01    0.00    0.00    0.00
   4.970    8416    7067       0       0    1.19    0.59   76.19  137.01   31.63  292.15      -1      -1      -1       0   15.59 1198.66    0.00 1159.23    0.00    0.00    0.00    0.00 1219.92  157.70  233.23    0.00    0.00    0.00    0.00    0.00    0.01    0.00    0.00
   4.980    8416    7092       0       0    1.19    0.59   75.73  136.97   31.49  292.37      -1      -1      -1       0    0.00    0.00 1158.27    0.00 1250.16 1176.88 1165.66 1176.15    0.00    0.00    0.00  181.72    9.56    0.00    0.01    0.01    0.00    0.00    0.00
   4.990    8416    7101       0       0    1.19    0.57   75.87  136.91   30.34  291.62      -1      -1      -1       0   15.74 1198.73    0.00 1158.63    0.00    0.00    0.00    0.00 1221.02  157.64  233.52    0.00    0.00    0.00    0.00    0.00    0.01    0.00    0.00
   5.000    8416    7101       0       0    1.19    0.58   76.07  136.89   29.00  291.43      -1      -1      -1       0    0.00    0.00 1159.74    0.00 1250.66 1175.75 1165.89 1178.61    0.00    0.00    0.00  181.28    9.55    0.00    0.02    0.01    0.00    0.00    0.00
   5.010    8403    7073       0       0    1.19    0.58   76.12  136.94   27.88  290.08      -1      -1      -1       0   16.06 1198.74    0.00 1159.11    0.00    0.00    0.00    0.00 1221.12  157.45  233.68    0.00    0.00    0.00    0.00    0.00    0.01    0.00    0.00
   5.020    8397    7073       0       0    1.19    0.58   75.94  137.01   27.18  290.72      -1      -1      -1       0    0.00    0.00 1161.41    0.00 1251.22 1175.07 1166.28 1178.28    0.00    0.00    0.00  180.98    9.56    0.00    0.02    0.01    0.00    0.00    0.00
   5.030    8397    7155       0       0    1.17    0.58   75.50  137.02   27.39  291.36      -1      -1      -1       0   16.35 1198.66    0.00 1158.97    0.00    0.00    0.00    0.00 1220.91  157.13  233.54    0.00    0.00    0.00    0.00    0.00    0.01    0.00    0.00
   5.040    8401    7155       0       0    1.17    0.58   75.26  137.03   28.03  293.15      -1      -1      -1       0    0.00    0.00 1162.49    0.00 1251.36 1174.91 1166.83 1177.43    0.00    0.00    0.00  181.36    9.58    0.01    0.00    0.01    0.00    0.00    0.00
   5.050    8401    7142       0       0    1.18    0.58   75.14  137.09   28.52  294.56      -1      -1      -1       0   16.37 1199.52    0.00 1160.09    0.00    0.00    0.00    0.00 1220.87  157.21  233.16    0.00    0.00    0.00    0.00    0.00    0.02    0.00    0.00
   5.060    8404    7142       0       0    1.18    0.61   74.94  137.10   29.87  294.76      -1      -1      -1       0    0.00    0.00 1162.13    0.00 1252.93 1174.56 1166.95 1175.90    0.00    0.00    0.00  182.17    9.62    0.01    0.00    0.00    0.00    0.00    0.00
   5.070    8405    7142       0       0    1.18    0.61   74.86  137.11   30.82  294.48      -1      -1      -1       0   16.30 1200.96    0.00 1163.24    0.00    0.00    0.00    0.00 1220.88  157.40  232.98    0.00    0.00    0.00    0.00    0.00    0.02    0.00    0.00
   5.080    8405    7169       0       0    1.17    0.62   74.58  136.99   32.26  293.93      -1      -1      -1       0    0.00    0.00 1161.66    0.00 1254.51 1175.21 1168.61 1175.28    0.00    0.00    0.00  183.16    9.61    0.01    0.00    0.00    0.00    0.00    0.00
   5.090    8402    7196       0       0    1.17    0.64   74.87  136.97   32.66  293.62      -1      -1      -1       0   16.21 1201.77    0.00 1165.62    0.00    0.00    0.00    0.00 1220.92  157.56  233.11    0.00    0.00    0.00    0.00    0.00    0.01    0.00    0.00
   5.100    8402    7196       0       0    1.17    0.63   74.98  136.96   32.96  294.52      -1      -1      -1       0    0.00    0.00 1161.94    0.00 1254.50 1176.25 1170.32 1174.68    0.00    0.00    0.00  182.23    9.60    0.01    0.01    0.00    0.00    0.00    0.00
   5.110    8397    7145       0       0    1.18    0.64   75.39  137.01   33.22  294.59      -1      -1      -1       0   16.06 1201.12    0.00 1165.85    0.00    0.00    0.00    0.00 1221.33  157.54  233.40    0.00    0.00    0.00    0.00    0.00    0.00    0.00    0.00
   5.120    8366    7145       0       0    1.17    0.64   75.82  137.03   32.95  294.92      -1      -1      -1       0    0.00    0.00 1162.05    0.00 1254.03 1178.01 1171.90 1175.81    0.00    0.00    0.00  181.54    9.54    0.01    0.01    0.00    0.00    0.00    0.00
   5.130    8366    7180       0       0    1.17    0.61   75.64  137.03   32.23  295.82      -1      -1      -1       0   15.79 1200.78    0.00 1165.20    0.00    0.00    0.00    0.00 1222.30  157.59  233.56    0.00    0.00    0.00    0.00    0.00    0.00    0.00    0.00
   5.140    8366    7180       0       0    1.17    0.60   75.36  137.03   31.49  296.20      -1      -1      -1       0    0.00    0.00 1162.01    0.00 1253.21 1179.46 1171.58 1178.41    0.00    0.00    0.00  179.80    9.51    0.01    0.01    0.01    0.00    0.00    0.00
   5.150    8358    7213       0       0    1.16    0.60   74.84  137.09   31.34  296.30      -1      -1      -1       0   15.56 1201.03    0.00 1165.59    0.00    0.00    0.00    0.00 1222.58  158.00  233.52    0.00    0.00    0.00    0.00    0.00    0.01    0.00    0.00
   5.160    8358    7213       0       0    1.16    0.58   74.54  137.05   31.40  295.02      -1      -1      -1       0    0.00    0.00 1162.11    0.00 1253.26 1180.56 1171.27 1181.71    0.00    0.00    0.00  179.04    9.51    0.00    0.02    0.01    0.00    0.00    0.00
   5.170    8379    7213       0       0    1.16    0.59   73.95  137.04   30.99  294.38      -1      -1      -1       0   15.77 1201.05    0.00 1165.35    0.00    0.00    0.00    0.00 1222.92  158.10  233.76    0.00    0.00    0.00    0.00    0.00    0.01    0.00    0.00
   5.180    8379    7244       0       0    1.16    0.59   73.45  137.03   30.00  293.90      -1      -1      -1       0    0.00    0.00 1163.09    0.00 1253.02 1180.17 1171.27 1182.90    0.00    0.00    0.00  178.65    9.51    0.00    0.02    0.01    0.00    0.00    0.00
   5.190    8377    7244       0       0    1.16    0.59   73.45  137.15   29.18  293.46      -1      -1      -1       0   16.15 1201.80    0.00 1165.30    0.00    0.00    0.00    0.00 1222.44  157.96  233.65    0.00    0.00    0.00    0.00    0.00    0.01    0.00    0.00
   5.200    8377    7235       0       0    1.16    0.59   73.32  137.23   28.71  293.51      -1      -1      -1       0    0.00    0.00 1163.29    0.00 1254.52 1179.69 1171.46 1181.62    0.00    0.00    0.00  178.69    9.53    0.00    0.00    0.01    0.00    0.00    0.00
   5.210    8376    7235       0       0    1.16    0.58   73.32  137.25   29.31  292.06      -1      -1      -1       0   16.39 1202.79    0.00 1165.64    0.00    0.00    0.00    0.00 1221.76  157.48  233.62    0.00    0.00    0.00    0.00    0.00    0.01    0.00    0.00
   5.220    8353    7255       0       0    1.15    0.57   73.39  137.26   29.53  292.35      -1      -1      -1       0    0.00    0.00 1163.53    0.00 1256.29 1180.03 1171.37 1180.08    0.00    0.00    0.00  178.11    9.51    0.01    0.00    0.00    0.00    0.00    0.00
   5.230    8353    7266       0       0    1.15    0.57   73.60  137.26   30.41  291.12      -1      -1      -1       0   16.32 1204.85    0.00 1168.27    0.00    0.00    0.00    0.00 1221.65  157.41  233.09    0.00    0.00    0.00    0.00    0.00    0.01    0.00    0.00
   5.240    8353    7276       0       0    1.15    0.52   73.68  137.20   30.56  290.82      -1      -1      -1       0    0.00    0.00 1163.79    0.00 1258.97 1180.60 1172.68 1178.54    0.00    0.00    0.00  177.63    9.53    0.01    0.00    0.01    0.00    0.00    0.00
   5.250    8330    7276       0       0    1.14    0.51   73.83  137.13   30.91  289.60      -1      -1      -1       0   16.30 1205.91    0.00 1171.51    0.00    0.00    0.00    0.00 1222.37  157.51  233.14    0.00    0.00    0.00    0.00    0.00    0.01    0.00    0.00
   5.260    8330    7229       0       0    1.15    0.50   74.00  137.11   30.55  288.98      -1      -1      -1       0    0.00    0.00 1163.19    0.00 1260.30 1181.50 1174.31 1177.91    0.00    0.00    0.00  177.26    9.52    0.01    0.01    0.00    0.00    0.00    0.00
   5.270    8333    7229       0       0    1.15    0.44   74.34  137.11   30.22  288.82      -1      -1      -1       0   16.23 1206.08    0.00 1174.77    0.00    0.00    0.00    0.00 1222.71  157.64  233.23    0.00    0.00    0.00    0.00    0.00    0.00    0.00    0.00
   5.280    8333    7312       0       0    1.14    0.46   74.39  137.16   31.05  288.13      -1      -1      -1       0    0.00    0.00 1163.21    0.00 1261.11 1183.69 1176.21 1178.33    0.00    0.00    0.00  178.40    9.50    0.01    0.01    0.00    0.00    0.00    0.00
   5.290    8333    7312       0       0    1.14    0.45   74.43  137.18   31.35  287.48      -1      -1      -1       0   16.01 1205.38    0.00 1174.12    0.00    0.00    0.00    0.00 1223.49  157.73  233.43    0.00    0.00    0.00    0.00    0.00    0.00    0.00    0.00
   5.300    8337    7306       0       0    1.14    0.40   74.44  137.18   30.98  287.15      -1      -1      -1       0    0.00    0.00 1163.65    0.00 1261.09 1185.71 1177.37 1179.93    0.00    0.00    0.00  178.56    9.48    0.02    0.01    0.01    0.00    0.00    0.00
   5.310    8337    7306       0       0    1.14    0.42   74.32  137.18   29.96  286.58      -1      -1      -1       0   15.81 1204.55    0.00 1174.39    0.00    0.00    0.00    0.00 1223.98  157.92  233.40    0.00    0.00    0.00    0.00    0.00    0.01    0.00    0.00
   5.320    8337    7306       0       0    1.14    0.42   74.35  137.18   29.42  286.60      -1      -1      -1       0    0.00    0.00 1163.93    0.00 1261.04 1185.65 1176.78 1181.72    0.00    0.00    0.00  178.80    9.49    0.02    0.01    0.01    0.00    0.00    0.00
   5.330    8340    7332       0       0    1.14    0.37   74.36  137.18   29.79  286.44      -1      -1      -1       0   15.68 1202.93    0.00 1174.11    0.00    0.00    0.00    0.00 1223.71  158.03  233.39    0.00    0.00    0.00    0.00    0.00    0.01    0.00    0.00
   5.340    8340    7332       0       0    1.14    0.37   74.52  137.13   30.88  287.05      -1      -1      -1       0    0.00    0.00 1163.96    0.00 1261.18 1184.92 1176.54 1182.36    0.00    0.00    0.00  179.24    9.50    0.00    0.02    0.01    0.00    0.00    0.00
   5.350    8322    7296       0       0    1.14    0.35   74.50  137.11   31.52  287.53      -1      -1      -1       0   15.99 1202.27    0.00 1174.18    0.00    0.00    0.00    0.00 1223.91  158.00  233.30    0.00    0.00    0.00    0.00    0.00    0.01    0.00    0.00
   5.360    8322    7296       0       0    1.14    0.28   74.23  137.17   32.05  288.13      -1      -1      -1       0    0.00    0.00 1165.19    0.00 1261.21 1184.50 1176.98 1181.87    0.00    0.00    0.00  179.03    9.50    0.01    0.02    0.02    0.00    0.00    0.00
   5.370    8322    7361       0       0    1.13    0.30   74.23  137.24   31.81  287.80      -1      -1      -1       0   16.23 1202.62    0.00 1174.06    0.00    0.00    0.00    0.00 1223.63  157.76  233.27    0.00    0.00    0.00    0.00    0.00    0.01    0.00    0.00
   5.380    8315    7361       0       0    1.13    0.29   74.43  137.25   32.07  288.20      -1      -1      -1       0    0.00    0.00 1165.89    0.00 1261.23 1184.48 1177.14 1181.23    0.00    0.00    0.00  179.69    9.49    0.00    0.01    0.02    0.00    0.00    0.00
   5.390    8315    7351       0       0    1.13    0.20   74.28  137.26   32.34  287.66      -1      -1      -1       0   16.39 1203.48    0.00 1174.50    0.00    0.00    0.00    0.00 1223.47  157.65  233.18    0.00    0.00    0.00    0.00    0.00    0.02    0.00    0.00
   5.400    8335    7351       0       0    1.13    0.21   74.24  137.26   32.40  287.52      -1      -1      -1       0    0.00    0.00 1166.27    0.00 1262.16 1184.24 1177.09 1180.62    0.00    0.00    0.00  179.08    9.47    0.01    0.00    0.01    0.00    0.00    0.00
   5.410    8335    7363       0       0    1.13    0.20   74.07  137.26   32.55  287.32      -1      -1      -1       0   16.32 1204.72    0.00 1178.13    0.00    0.00    0.00    0.00 1223.56  157.74  233.16    0.00    0.00    0.00    0.00    0.00    0.01    0.00    0.00
   5.420    8321    7377       0       0    1.13    0.13   73.32  137.26   32.92  288.41      -1      -1      -1       0    0.00    0.00 1165.72    0.00 1263.28 1184.58 1178.80 1179.63    0.00    0.00    0.00  178.99    9.50    0.01    0.00    0.00    0.00    0.00    0.00
   5.430    8321    7377       0       0    1.13    0.16   71.18  137.26   33.04  291.44      -1      -1      -1       0   16.28 1206.47    0.00 1182.87    0.00    0.00    0.00    0.00 1223.98  157.93  233.24    0.00    0.00    0.00    0.00    0.00    0.01    0.00    0.00
   5.440    8321    7333       0       0    1.13    0.15   67.63  137.15   32.71  294.30      -1      -1      -1       0    0.00    0.00 1165.51    0.00 1263.69 1185.07 1179.17 1179.96    0.00    0.00    0.00  179.17    9.46    0.01    0.01    0.00    0.00    0.00    0.00
   5.450    8305    7333       0       0    1.13    0.10   63.96  137.12   31.84  299.07      -1      -1      -1       0   16.19 1206.76    0.00 1185.32    0.00    0.00    0.00    0.00 1223.99  158.03  233.35    0.00    0.00    0.00    0.00    0.00    0.00    0.00    0.00
   5.460    8305    7416       0       0    1.12    0.12   61.48  137.11   31.66  303.02      -1      -1      -1       0    0.00    0.00 1165.23    0.00 1263.26 1185.70 1180.03 1180.34    0.00    0.00    0.00  177.57    9.44    0.01    0.01    0.00    0.00    0.00    0.00
   5.470    8305    7416       0       0    1.12    0.11   61.38  137.17   32.43  306.60      -1      -1      -1       0   15.94 1206.20    0.00 1183.62    0.00    0.00    0.00    0.00 1224.43  158.05  233.55    0.00    0.00    0.00    0.00    0.00    0.00    0.00    0.00
   5.480    8303    7410       0       0    1.12    0.10   63.11  137.18   32.66  308.14      -1      -1      -1       0    0.00    0.00 1165.10    0.00 1262.75 1186.82 1180.61 1181.07    0.00    0.00    0.00  176.65    9.35    0.01    0.01    0.01    0.00    0.00    0.00
   5.490    8303    7410       0       0    1.12    0.10   65.26  137.18   32.63  310.47      -1      -1      -1       0   15.61 1205.39    0.00 1182.49    0.00    0.00    0.00    0.00 1224.87  158.17  233.69    0.00    0.00    0.00    0.00    0.00    0.00    0.00    0.00
   5.500    8303    7418       0       0    1.12    0.10   67.12  137.18   31.76  312.19      -1      -1      -1       0    0.00    0.00 1165.21    0.00 1262.39 1187.17 1179.78 1184.44    0.00    0.00    0.00  174.40    9.31    0.00    0.01    0.01    0.00    0.00    0.00
   5.510    8289    7419       0       0    1.12    0.10   68.37  135.84   32.18  314.56      -1      -1      -1       0   15.83 1204.28    0.00 1182.36    0.00    0.00    0.00    0.00 1225.05  158.26  233.72    0.00    0.00    0.00    0.00    0.00    0.01    0.00    0.00
   5.520    8289    7419       0       0    1.12    0.10   68.78  135.44   31.99  315.48      -1      -1      -1       0    0.00    0.00 1166.01    0.00 1262.22 1186.75 1179.90 1187.12    0.00    0.00    0.00  173.11    9.29    0.00    0.02    0.01    0.00    0.00    0.00
   5.530    8317    7419       0       0    1.12    0.10   69.40  135.40   31.69  315.71      -1      -1      -1       0   16.01 1203.84    0.00 1182.26    0.00    0.00    0.00    0.00 1224.99  158.23  233.56    0.00    0.00    0.00    0.00    0.00    0.01    0.00    0.00
   5.540    8317    7428       0       0    1.12    0.07   69.55  136.68   30.88  316.26      -1      -1      -1       0    0.00    0.00 1167.35    0.00 1262.39 1186.67 1180.22 1187.59    0.00    0.00    0.00  173.38    9.34    0.00    0.01    0.02    0.00    0.00    0.00
   5.550    8317    7428       0       0    1.12    0.09   70.05  137.06   30.30  315.42      -1      -1      -1       0   16.28 1204.50    0.00 1182.65    0.00    0.00    0.00    0.00 1225.11  158.05  233.34    0.00    0.00    0.00    0.00    0.00    0.01    0.00    0.00
   5.560    8322    7393       0       0    1.13    0.07   70.07  137.15   30.62  314.89      -1      -1      -1       0    0.00    0.00 1168.98    0.00 1263.57 1185.96 1180.71 1185.90    0.00    0.00    0.00  175.02    9.39    0.01    0.01    0.02    0.00    0.00    0.00
   5.570    8322    7393       0       0    1.13    0.04   69.98  137.18   30.02  312.48      -1      -1      -1       0   16.37 1206.86    0.00 1183.41    0.00    0.00    0.00    0.00 1225.06  158.06  233.28    0.00    0.00    0.00    0.00    0.00    0.01    0.00    0.00
   5.580    8306    7482       0       0    1.11    0.05   70.12  137.18   30.48  312.21      -1      -1      -1       0    0.00    0.00 1170.48    0.00 1264.91 1185.79 1180.73 1185.52    0.00    0.00    0.00  177.19    9.47    0.01    0.00    0.00    0.00    0.00    0.00
   5.590    8306    7482       0       0    1.11    0.04   70.09  137.18   30.25  311.49      -1      -1      -1       0   16.35 1208.30    0.00 1189.00    0.00    0.00    0.00    0.00 1225.10  158.23  233.45    0.00    0.00    0.00    0.00    0.00    0.01    0.00    0.00
   5.600    8312    7470       0       0    1.11   -0.01   70.90  137.18   31.03  310.17      -1      -1      -1       0    0.00    0.00 1170.20    0.00 1267.01 1185.54 1182.25 1185.17    0.00    0.00    0.00  177.34    9.45    0.01    0.00    0.00    0.00    0.00    0.00
   5.610    8312    7470       0       0    1.11    0.02   71.42  137.18   30.78  307.25      -1      -1      -1       0   16.23 1210.11    0.00 1195.26    0.00    0.00    0.00    0.00 1225.57  158.44  233.66    0.00    0.00    0.00    0.00    0.00    0.01    0.00    0.00
   5.620    8315    7470       0       0    1.11   -0.02   71.26  137.24   30.23  307.49      -1      -1      -1       0    0.00    0.00 1170.45    0.00 1266.79 1188.00 1183.91 1184.78    0.00    0.00    0.00  176.01    9.43    0.01    0.01    0.01    0.00    0.00    0.00
   5.630    8315    7485       0       0    1.11   -0.09   71.29  137.31   28.81  307.07      -1      -1      -1       0   16.15 1208.96    0.00 1200.78    0.00    0.00    0.00    0.00 1226.18  158.50  233.80    0.00    0.00    0.00    0.00    0.00    0.00    0.00    0.00
   5.640    8313    7485       0       0    1.11   -0.06   71.48  137.33   28.14  308.09      -1      -1      -1       0    0.00    0.00 1170.73    0.00 1266.98 1190.82 1185.45 1185.23    0.00    0.00    0.00  175.22    9.40    0.02    0.01    0.01    0.00    0.00    0.00
   5.650    8313    7467       0       0    1.11   -0.07   71.86  137.28   27.87  307.06      -1      -1      -1       0   15.77 1208.73    0.00 1199.53    0.00    0.00    0.00    0.00 1227.30  158.40  233.92    0.00    0.00    0.00    0.00    0.00    0.00    0.00    0.00
   5.660    8337    7467       0       0    1.12   -0.13   72.11  137.26   28.74  306.31      -1      -1      -1       0    0.00    0.00 1171.74    0.00 1266.76 1191.79 1185.64 1187.35    0.00    0.00    0.00  176.00    9.39    0.02    0.01    0.00    0.00    0.00    0.00
   5.670    8337    7542       0       0    1.11   -0.11   71.76  137.26   30.23  304.99      -1      -1      -1       0   15.65 1208.57    0.00 1199.78    0.00    0.00    0.00    0.00 1228.58  158.43  234.04    0.00    0.00    0.00    0.00    0.00    0.00    0.00    0.00
   5.680    8337    7542       0       0    1.11   -0.06   72.06  137.26   31.80  304.17      -1      -1      -1       0    0.00    0.00 1171.99    0.00 1267.13 1190.89 1185.36 1189.51    0.00    0.00    0.00  176.00    9.41    0.00    0.01    0.00    0.00    0.00    0.00
   5.690    8345    7524       0       0    1.11   -0.10   71.84  137.26   32.47  303.48      -1      -1      -1       0   15.88 1208.62    0.00 1200.68    0.00    0.00    0.00    0.00 1228.61  158.38  234.50    0.00    0.00    0.00    0.00    0.00    0.01    0.00    0.00
   5.700    8345    7524       0       0    1.11   -0.06   72.21  137.26   32.62  302.98      -1      -1      -1       0    0.00    0.00 1174.21    0.00 1267.15 1189.25 1185.20 1190.38    0.00    0.00    0.00  176.91    9.37    0.00    0.01    0.01    0.00    0.00    0.00
   5.710    8303    7520       0       0    1.10    0.02   72.30  137.32   31.95  301.08      -1      -1      -1       0   16.15 1208.44    0.00 1200.91    0.00    0.00    0.00    0.00 1228.37  158.42  234.45    0.00    0.00    0.00    0.00    0.00    0.01    0.00    0.00
   5.720    8303    7520       0       0    1.10   -0.03   72.13  137.38   31.67  300.28      -1      -1      -1       0    0.00    0.00 1175.60    0.00 1267.49 1188.10 1185.29 1189.25    0.00    0.00    0.00  176.10    9.39    0.01    0.01    0.01    0.00    0.00    0.00
   5.730    8320    7539       0       0    1.10    0.01   71.96  137.46   31.43  299.10      -1      -1      -1       0   16.30 1209.68    0.00 1201.84    0.00    0.00    0.00    0.00 1228.53  158.27  234.26    0.00    0.00    0.00    0.00    0.00    0.01    0.00    0.00
   5.740    8320    7539       0       0    1.10    0.08   71.85  137.47   31.60  298.49      -1      -1      -1       0    0.00    0.00 1175.87    0.00 1268.49 1186.34 1185.26 1188.25    0.00    0.00    0.00  176.87    9.39    0.01    0.00    0.00    0.00    0.00    0.00
   5.750    8320    7555       0       0    1.10    0.04   71.50  137.48   32.14  298.17      -1      -1      -1       0   16.35 1210.99    0.00 1204.06    0.00    0.00    0.00    0.00 1228.78  158.34  233.69    0.00    0.00    0.00    0.00    0.00    0.02    0.00    0.00
   5.760    8340    7555       0       0    1.10    0.05   71.25  137.48   32.40  298.90      -1      -1      -1       0    0.00    0.00 1176.34    0.00 1269.86 1186.65 1186.08 1186.41    0.00    0.00    0.00  176.94    9.41    0.01    0.00    0.00    0.00    0.00    0.00
   5.770    8340    7555       0       0    1.10    0.09   70.57  137.48   33.44  300.54      -1      -1      -1       0   16.26 1211.48    0.00 1208.26    0.00    0.00    0.00    0.00 1228.82  158.47  233.63    0.00    0.00    0.00    0.00    0.00    0.02    0.00    0.00
   5.780    8340    7595       0       0    1.10    0.08   69.33  137.48   34.31  302.09      -1      -1      -1       0    0.00    0.00 1175.56    0.00 1271.23 1187.03 1187.49 1184.90    0.00    0.00    0.00  176.69    9.37    0.01    0.00    0.01    0.00    0.00    0.00
   5.790    8345    7595       0       0    1.10    0.02   67.72  137.42   34.26  303.45      -1      -1      -1       0   16.17 1211.15    0.00 1212.25    0.00    0.00    0.00    0.00 1228.86  158.67  233.71    0.00    0.00    0.00    0.00    0.00    0.01    0.00    0.00
   5.800    8345    7561       0       0    1.10    0.07   66.51  137.41   33.75  303.46      -1      -1      -1       0    0.00    0.00 1175.72    0.00 1272.23 1189.73 1188.73 1184.92    0.00    0.00    0.00  176.76    9.33    0.01    0.01    0.00    0.00    0.00    0.00
   5.810    8345    7561       0       0    1.10    0.02   65.85  137.41   33.25  305.09      -1      -1      -1       0   16.03 1210.57    0.00 1214.34    0.00    0.00    0.00    0.00 1229.67  158.72  233.81    0.00    0.00    0.00    0.00    0.00    0.00    0.00    0.00
   5.820    8357    7587       0       0    1.10   -0.05   64.74  137.46   32.73  303.87      -1      -1      -1       0    0.00    0.00 1175.85    0.00 1272.25 1192.00 1189.71 1185.85    0.00    0.00    0.00  176.12    9.35    0.03    0.01    0.01    0.00    0.00    0.00
   5.830    8357    7587       0       0    1.10   -0.02   63.56  137.42   32.39  303.89      -1      -1      -1       0   15.72 1209.01    0.00 1213.04    0.00    0.00    0.00    0.00 1230.95  158.68  234.01    0.00    0.00    0.00    0.00    0.00    0.00    0.00    0.00
   5.840    8344    7587       0       0    1.10   -0.03   63.72  137.36   31.94  301.95      -1      -1      -1       0    0.00    0.00 1176.34    0.00 1272.63 1193.07 1189.35 1188.08    0.00    0.00    0.00  176.23    9.39    0.02    0.01    0.00    0.00    0.00    0.00
   5.850    8344    7593       0       0    1.10   -0.10   64.08  137.34   31.98  302.44      -1      -1      -1       0   15.54 1206.49    0.00 1212.20    0.00    0.00    0.00    0.00 1232.27  158.84  233.89    0.00    0.00    0.00    0.00    0.00    0.01    0.00    0.00
   5.860    8349    7593       0       0    1.10   -0.09   64.89  137.33   32.84  300.94      -1      -1      -1       0    0.00    0.00 1176.34    0.00 1272.46 1191.57 1189.27 1189.28    0.00    0.00    0.00  174.23    9.39    0.00    0.02    0.01    0.00    0.00    0.00
   5.870    8349    7600       0       0    1.10    0.01   65.18  137.44   33.60  301.70      -1      -1      -1       0   15.92 1207.23    0.00 1212.72    0.00    0.00    0.00    0.00 1232.78  158.88  233.94    0.00    0.00    0.00    0.00    0.00    0.01    0.00    0.00
   5.880    8349    7600       0       0    1.10   -0.09   65.39  137.53   33.92  299.78      -1      -1      -1       0    0.00    0.00 1177.36    0.00 1272.51 1190.68 1189.38 1192.19    0.00    0.00    0.00  172.94    9.39    0.00    0.02    0.01    0.00    0.00    0.00
   5.890    8362    7600       0       0    1.10    0.00   65.83  137.66   33.79  300.11      -1      -1      -1       0   16.26 1206.77    0.00 1212.82    0.00    0.00    0.00    0.00 1232.48  159.28  233.70    0.00    0.00    0.00    0.00    0.00    0.01    0.00    0.00
   5.900    8362    7600       0       0    1.10    0.06   66.13  137.69   33.54  298.90      -1      -1      -1       0    0.00    0.00 1177.67    0.00 1272.56 1190.56 1189.85 1192.12    0.00    0.00    0.00  172.42    9.35    0.01    0.01    0.01    0.00    0.00    0.00
   5.910    8362    7596       0       0    1.10    0.02   66.89  137.70   33.69  301.35      -1      -1      -1       0   16.35 1209.16    0.00 1216.12    0.00    0.00    0.00    0.00 1232.78  159.15  233.72    0.00    0.00    0.00    0.00    0.00    0.01    0.00    0.00
   5.920    8362    7596       0       0    1.10    0.02   67.28  137.70   33.22  304.23      -1      -1      -1       0    0.00    0.00 1177.60    0.00 1273.50 1189.37 1189.88 1191.33    0.00    0.00    0.00  173.99    9.40    0.01    0.00    0.00    0.00    0.00    0.00
   5.930    8353    7678       0       0    1.09    0.07   67.47  137.70   32.69  308.68      -1      -1      -1       0   16.28 1211.60    0.00 1221.61    0.00    0.00    0.00    0.00 1232.48  159.18  233.56    0.00    0.00    0.00    0.00    0.00    0.02    0.00    0.00
   5.940    8348    7678       0       0    1.09    0.05   68.07  137.70   31.54  310.93      -1      -1      -1       0    0.00    0.00 1177.85    0.00 1275.02 1189.83 1191.33 1190.84    0.00    0.00    0.00  174.38    9.46    0.01    0.00    0.00    0.00    0.00    0.00
   5.950    8348    7629       0       0    1.09    0.06   68.47  137.70   30.91  313.28      -1      -1      -1       0   16.32 1213.49    0.00 1228.14    0.00    0.00    0.00    0.00 1232.52  158.90  233.69    0.00    0.00    0.00    0.00    0.00    0.02    0.00    0.00
   5.960    8350    7629       0       0    1.09    0.13   69.00  137.76   30.97  313.38      -1      -1      -1       0    0.00    0.00 1178.15    0.00 1277.32 1190.39 1192.96 1192.05    0.00    0.00    0.00  175.59    9.49    0.01    0.01    0.00    0.00    0.00    0.00
   5.970    8350    7668       0       0    1.09    0.09   69.09  137.77   31.91  314.05      -1      -1      -1       0   16.15 1212.47    0.00 1231.44    0.00    0.00    0.00    0.00 1232.46  158.84  233.89    0.00    0.00    0.00    0.00    0.00    0.00    0.00    0.00
   5.980    8368    7668       0       0    1.09    0.06   69.22  137.83   33.00  313.25      -1      -1      -1       0    0.00    0.00 1178.31    0.00 1278.08 1193.92 1194.48 1192.02    0.00    0.00    0.00  176.42    9.48    0.01    0.01    0.01    0.00    0.00    0.00
   5.990    8385    7650       0       0    1.10    0.13   70.09  137.85   33.13  313.86      -1      -1      -1       0   15.94 1211.70    0.00 1232.51    0.00    0.00    0.00    0.00 1233.36  158.82  234.12    0.00    0.00    0.00    0.00    0.00    0.00    0.00    0.00
   6.000    8385    7650       0       0    1.10    0.08   70.77  137.85   33.78  313.04      -1      -1      -1       0    0.00    0.00 1178.97    0.00 1277.38 1196.85 1195.11 1193.81    0.00    0.00    0.00  177.34    9.44    0.01    0.01    0.01    0.00    0.00    0.00
   6.010    8385    7680       0       0    1.09   -0.00   71.16  137.85   34.54  311.53      -1      -1      -1       0   15.72 1210.98    0.00 1231.69    0.00    0.00    0.00    0.00 1233.85  158.98  234.17    0.00    0.00    0.00    0.00    0.00    0.00    0.00    0.00
   6.020    8393    7680       0       0    1.09    0.05   70.81  137.85   34.70  309.86      -1      -1      -1       0    0.00    0.00 1180.07    0.00 1277.85 1198.93 1194.93 1197.14    0.00    0.00    0.00  176.92    9.39    0.00    0.01    0.01    0.00    0.00    0.00
   6.030    8393    7680       0       0    1.09    0.01   70.46  137.80   34.65  307.66      -1      -1      -1       0   15.77 1209.82    0.00 1231.17    0.00    0.00    0.00    0.00 1234.48  159.36  234.36    0.00    0.00    0.00    0.00    0.00    0.01    0.00    0.00
   6.040    8360    7684       0       0    1.09   -0.08   70.60  137.78   34.20  307.11      -1      -1      -1       0    0.00    0.00 1180.42    0.00 1278.45 1197.25 1195.32 1198.17    0.00    0.00    0.00  175.64    9.39    0.00    0.02    0.01    0.00    0.00    0.00
   6.050    8360    7684       0       0    1.09   -0.05   70.24  137.78   33.97  307.30      -1      -1      -1       0   16.03 1209.42    0.00 1231.78    0.00    0.00    0.00    0.00 1234.07  159.45  234.32    0.00    0.00    0.00    0.00    0.00    0.01    0.00    0.00
   6.060    8360    7640       0       0    1.09   -0.04   70.25  137.89   34.01  306.86      -1      -1      -1       0    0.00    0.00 1181.16    0.00 1278.67 1196.15 1195.18 1197.24    0.00    0.00    0.00  175.71    9.36    0.00    0.02    0.02    0.00    0.00    0.00
   6.070    8359    7640       0       0    1.09   -0.11   70.29  137.98   33.61  306.10      -1      -1      -1       0   16.28 1209.84    0.00 1231.84    0.00    0.00    0.00    0.00 1233.98  159.20  234.14    0.00    0.00    0.00    0.00    0.00    0.01    0.00    0.00
   6.080    8359    7655       0       0    1.09   -0.08   70.52  138.05   33.77  305.26      -1      -1      -1       0    0.00    0.00 1182.29    0.00 1278.79 1195.56 1195.32 1196.03    0.00    0.00    0.00  175.41    9.36    0.01    0.00    0.02    0.00    0.00    0.00
   6.090    8387    7655       0       0    1.10   -0.05   70.78  138.13   33.60  305.21      -1      -1      -1       0   16.37 1212.17    0.00 1235.31    0.00    0.00    0.00    0.00 1234.11  158.85  233.84    0.00    0.00    0.00    0.00    0.00    0.01    0.00    0.00
   6.100    8387    7666       0       0    1.09   -0.08   70.84  138.14   34.10  305.04      -1      -1      -1       0    0.00    0.00 1183.56    0.00 1280.28 1195.30 1195.36 1194.69    0.00    0.00    0.00  175.79    9.35    0.01    0.00    0.00    0.00    0.00    0.00
   6.110    8387    7718       0       0    1.09   -0.11   70.89  138.21   34.31  303.70      -1      -1      -1       0   16.28 1214.24    0.00 1241.62    0.00    0.00    0.00    0.00 1234.19  158.88  233.76    0.00    0.00    0.00    0.00    0.00    0.01    0.00    0.00
   6.120    8387    7718       0       0    1.09   -0.05   70.83  138.28   34.05  302.23      -1      -1      -1       0    0.00    0.00 1182.86    0.00 1281.23 1195.61 1195.44 1192.16    0.00    0.00    0.00  175.10    9.37    0.01    0.00    0.01    0.00    0.00    0.00
   6.130    8367    7718       0       0    1.08   -0.10   70.24  138.30   33.13  301.05      -1      -1      -1       0   16.21 1216.42    0.00 1249.04    0.00    0.00    0.00    0.00 1234.58  159.11  233.74    0.00    0.00    0.00    0.00    0.00    0.01    0.00    0.00
   6.140    8367    7741       0       0    1.08   -0.16   69.86  138.30   31.94  300.11      -1      -1      -1       0    0.00    0.00 1182.48    0.00 1282.17 1197.08 1195.47 1192.74    0.00    0.00    0.00  175.05    9.38    0.00    0.01    0.00    0.00    0.00    0.00
   6.150    8372    7741       0       0    1.08   -0.13   69.18  138.30   31.71  300.84      -1      -1      -1       0   16.10 1215.54    0.00 1251.78    0.00    0.00    0.00    0.00 1235.66  159.28  233.82    0.00    0.00    0.00    0.00    0.00    0.00    0.00    0.00
   6.160    8372    7734       0       0    1.08   -0.07   69.40  138.36   32.08  300.38      -1      -1      -1       0    0.00    0.00 1183.19    0.00 1282.55 1199.67 1196.57 1193.88    0.00    0.00    0.00  175.57    9.35    0.01    0.01    0.01    0.00    0.00    0.00
   6.170    8337    7734       0       0    1.08   -0.15   69.94  138.38   32.92  299.78      -1      -1      -1       0   15.77 1214.93    0.00 1250.32    0.00    0.00    0.00    0.00 1236.89  159.32  234.01    0.00    0.00    0.00    0.00    0.00    0.00    0.00    0.00
   6.180    8337    7762       0       0    1.07   -0.08   70.76  138.38   33.11  298.65      -1      -1      -1       0    0.00    0.00 1183.38    0.00 1282.28 1200.49 1196.81 1195.25    0.00    0.00    0.00  174.97    9.26    0.01    0.01    0.01    0.00    0.00    0.00
   6.190    8338    7762       0       0    1.07   -0.00   71.23  138.38   33.11  299.67      -1      -1      -1       0   15.61 1215.01    0.00 1248.91    0.00    0.00    0.00    0.00 1237.35  159.33  234.41    0.00    0.00    0.00    0.00    0.00    0.00    0.00    0.00
   6.200    8338    7722       0       0    1.08   -0.04   71.28  138.32   33.31  299.12      -1      -1      -1       0    0.00    0.00 1183.34    0.00 1282.04 1200.12 1197.09 1198.39    0.00    0.00    0.00  174.04    9.21    0.00    0.01    0.01    0.00    0.00    0.00
   6.210    8341    7722       0       0    1.08   -0.04   71.09  138.31   33.11  298.81      -1      -1      -1       0   15.83 1215.17    0.00 1250.03    0.00    0.00    0.00    0.00 1237.69  159.34  234.86    0.00    0.00    0.00    0.00    0.00    0.01    0.00    0.00
   6.220    8384    7727       0       0    1.09    0.03   70.89  138.36   32.99  297.77      -1      -1      -1       0    0.00    0.00 1183.89    0.00 1282.58 1200.48 1198.31 1201.76    0.00    0.00    0.00  174.00    9.22    0.00    0.01    0.01    0.00    0.00    0.00
   6.230    8384    7727       0       0    1.09    0.00   70.54  138.48   32.77  297.67      -1      -1      -1       0   16.10 1214.94    0.00 1250.22    0.00    0.00    0.00    0.00 1237.46  159.28  234.80    0.00    0.00    0.00    0.00    0.00    0.01    0.00    0.00
   6.240    8384    7731       0       0    1.08   -0.06   70.13  138.63   33.14  296.99      -1      -1      -1       0    0.00    0.00 1184.77    0.00 1283.11 1199.36 1199.85 1200.65    0.00    0.00    0.00  175.24    9.25    0.00    0.01    0.01    0.00    0.00    0.00
   6.250    8387    7790       0       0    1.08    0.00   69.64  138.72   33.07  297.47      -1      -1      -1       0   16.28 1217.07    0.00 1252.62    0.00    0.00    0.00    0.00 1237.19  159.16  234.43    0.00    0.00    0.00    0.00    0.00    0.01    0.00    0.00
   6.260    8387    7790       0       0    1.08   -0.04   69.00  138.80   33.82  296.94      -1      -1      -1       0    0.00    0.00 1185.50    0.00 1283.23 1198.86 1201.76 1199.77    0.00    0.00    0.00  176.07    9.32    0.01    0.01    0.00    0.00    0.00    0.00
   6.270    8360    7790       0       0    1.07   -0.11   68.71  138.82   33.71  297.30      -1      -1      -1       0   16.35 1219.12    0.00 1256.01    0.00    0.00    0.00    0.00 1237.25  159.12  233.91    0.00    0.00    0.00    0.00    0.00    0.01    0.00    0.00
   6.280    8360    7802       0       0    1.07   -0.08   67.95  138.83   33.46  297.87      -1      -1      -1       0    0.00    0.00 1186.72    0.00 1284.23 1199.42 1203.80 1198.87    0.00    0.00    0.00  175.16    9.35    0.01    0.00    0.00    0.00    0.00    0.00
   6.290    8360    7802       0       0    1.07   -0.05   68.12  138.83   33.29  298.50      -1      -1      -1       0   16.30 1220.17    0.00 1263.48    0.00    0.00    0.00    0.00 1238.13  159.17  233.95    0.00    0.00    0.00    0.00    0.00    0.01    0.00    0.00
   6.300    8350    7802       0       0    1.07   -0.09   68.59  138.83   33.43  298.66      -1      -1      -1       0    0.00    0.00 1186.21    0.00 1285.61 1200.63 1205.94 1198.96    0.00    0.00    0.00  175.33    9.41    0.01    0.00    0.00    0.00    0.00    0.00
   6.310    8350    7802       0       0    1.07   -0.07   69.38  138.88   33.53  296.75      -1      -1      -1       0   16.19 1219.15    0.00 1267.46    0.00    0.00    0.00    0.00 1238.22  159.30  234.22    0.00    0.00    0.00    0.00    0.00    0.01    0.00    0.00
   6.320    8382    7787       0       0    1.08   -0.05   70.07  138.95   32.80  295.79      -1      -1      -1       0    0.00    0.00 1186.05    0.00 1285.18 1202.01 1206.78 1198.40    0.00    0.00    0.00  175.90    9.40    0.01    0.01    0.01    0.00    0.00    0.00
   6.330    8382    7787       0       0    1.08   -0.05   70.14  138.97   32.56  295.22      -1      -1      -1       0   16.10 1218.36    0.00 1271.10    0.00    0.00    0.00    0.00 1239.60  159.33  234.46    0.00    0.00    0.00    0.00    0.00    0.00    0.00    0.00
   6.340    8382    7816       0       0    1.07   -0.07   70.10  138.98   32.77  295.73      -1      -1      -1       0    0.00    0.00 1186.30    0.00 1285.00 1205.58 1208.27 1199.76    0.00    0.00    0.00  176.56    9.41    0.02    0.01    0.01    0.00    0.00    0.00
   6.350    8386    7816       0       0    1.07   -0.05   69.86  138.98   33.17  297.16      -1      -1      -1       0   15.68 1217.85    0.00 1269.00    0.00    0.00    0.00    0.00 1241.56  159.78  234.61    0.00    0.00    0.00    0.00    0.00    0.00    0.00    0.00
   6.360    8386    7816       0       0    1.07   -0.02   69.76  138.98   33.60  298.16      -1      -1      -1       0    0.00    0.00 1186.91    0.00 1284.77 1206.82 1208.02 1201.54    0.00    0.00    0.00  176.14    9.37    0.02    0.01    0.00    0.00    0.00    0.00
   6.370    8366    7816       0       0    1.07   -0.05   70.39  138.98   32.89  297.76      -1      -1      -1       0   15.56 1216.57    0.00 1268.28    0.00    0.00    0.00    0.00 1242.68  160.23  234.56    0.00    0.00    0.00    0.00    0.00    0.01    0.00    0.00
   6.380    8366    7834       0       0    1.07   -0.00   70.78  138.92   32.26  296.69      -1      -1      -1       0    0.00    0.00 1186.50    0.00 1283.18 1205.37 1207.26 1202.07    0.00    0.00    0.00  180.80    9.12    0.00    0.01    0.01    0.00    0.00    0.00
   6.390    8366    7834       0       0    1.07    0.07   71.46  139.02   30.73  296.26      -1      -1      -1       0   15.88 1215.31    0.00 1265.93    0.00    0.00    0.00    0.00 1242.10  160.35  234.63    0.00    0.00    0.00    0.00    0.00    0.01    0.00    0.00
   6.400    8349    7776       0       0    1.07    0.04   71.76  139.16   28.16  295.83      -1      -1      -1       0    0.00    0.00 1186.56    0.00 1281.20 1203.16 1206.88 1201.81    0.00    0.00    0.00  182.36    7.77    0.00    0.01    0.01    0.00    0.00    0.00
   6.410    8349    7776       0       0    1.07    0.01   72.16  139.36   23.43  297.02      -1      -1      -1       0   16.28 1213.46    0.00 1261.57    0.00    0.00    0.00    0.00 1241.85  159.87  234.39    0.00    0.00    0.00    0.00    0.00    0.01    0.00    0.00
   6.420    8349    7776       0       0    1.07    0.06   72.84  139.46   17.52  299.10      -1      -1      -1       0    0.00    0.00 1186.66    0.00 1279.14 1198.99 1205.10 1199.34    0.00    0.00    0.00  177.39    5.98    0.01    0.01    0.01    0.00    0.00    0.00
   6.430    8227    7768       0       0    1.06    0.04   73.20  139.49   11.71  301.08      -1      -1      -1       0   16.35 1211.93    0.00 1256.45    0.00    0.00    0.00    0.00 1240.95  159.30  234.33    0.00    0.00    0.00    0.00    0.00    0.01    0.00    0.00
   6.440    8101    7768       0       0    1.04   -0.04   73.84  139.56    6.77  302.71      -1      -1      -1       0    0.00    0.00 1183.13    0.00 1276.53 1189.95 1200.47 1191.30    0.00    0.00    0.00  160.73    4.26    0.01    0.00    0.00    0.00    0.00    0.00
   6.450    7905    7768       0       0    1.02   -0.04   73.74  139.57    2.40  304.74      -1      -1      -1       0   16.37 1211.26    0.00 1253.65    0.00    0.00    0.00    0.00 1234.66  159.27  234.06    0.00    0.00    0.00    0.00    0.00    0.02    0.00    0.00
   6.460    7632    7747       0       0    0.99   -0.11   73.88  139.63   -0.74  307.51      -1      -1      -1       0    0.00    0.00 1176.59    0.00 1270.19 1181.45 1193.78 1176.83    0.00    0.00    0.00  142.64    3.51    0.01    0.00    0.01    0.00    0.00    0.00
   6.470    7146    7746       0       0    0.92   -0.19   73.37  139.65   -2.91  309.02      -1      -1      -1       0   16.30 1206.76    0.00 1251.62    0.00    0.00    0.00    0.00 1225.35  159.43  234.16    0.00    0.00    0.00    0.00    0.00    0.02    0.00    0.00
   6.480    7007    7746       0       0    0.90   -0.27   73.01  139.71   -4.35  309.56      -1      -1      -1       0    0.00    0.00 1165.70    0.00 1259.84 1173.88 1185.66 1161.97    0.00    0.00    0.00  126.89    3.18    0.01    0.01    0.00    0.00    0.00    0.00
   6.490    6888    7746       0       0    0.89   -0.27   72.31  139.72   -4.93  309.21      -1      -1      -1       0   16.28 1197.62    0.00 1246.60    0.00    0.00    0.00    0.00 1213.23  159.59  234.18    0.00    0.00    0.00    0.00    0.00    0.00    0.00    0.00
   6.500    6803    7654       0       0    0.89   -0.37   71.90  139.78   -5.45  310.09      -1      -1      -1       0    0.00    0.00 1156.36    0.00 1246.15 1169.32 1176.39 1150.26    0.00    0.00    0.00  116.35    2.98    0.01    0.01    0.01    0.00    0.00    0.00
   6.510    6721    7654       0       0    0.88   -0.49   71.38  139.85   -5.64  309.50      -1      -1      -1       0   16.01 1184.09    0.00 1237.53    0.00    0.00    0.00    0.00 1203.09  159.62  234.45    0.00    0.00    0.00    0.00    0.00    0.00    0.00    0.00
   6.520    6661    7654       0       0    0.87   -0.49   71.19  139.93   -5.79  308.70      -1      -1      -1       0    0.00    0.00 1145.55    0.00 1232.78 1166.90 1165.26 1143.59    0.00    0.00    0.00  110.51    2.88    0.01    0.01    0.01    0.00    0.00    0.00
   6.530    6608    7628       0       0    0.87   -0.52   70.81  139.94   -6.03  307.69      -1      -1      -1       0   15.68 1166.49    0.00 1222.10    0.00    0.00    0.00    0.00 1190.98  159.75  234.61    0.00    0.00    0.00    0.00    0.00    0.00    0.00    0.00
   6.540    6576    7530       0       0    0.87   -0.59   70.13  139.95   -5.79  308.41      -1      -1      -1       0    0.00    0.00 1135.22    0.00 1219.71 1160.55 1153.53 1139.91    0.00    0.00    0.00  107.55    2.80    0.01    0.00    0.01    0.00    0.00    0.00
   6.550    6498    7530       0       0    0.86   -0.60   69.19  139.89   -5.71  308.59      -1      -1      -1       0   15.72 1149.91    0.00 1205.95    0.00    0.00    0.00    0.00 1179.77  159.78  234.91    0.00    0.00    0.00    0.00    0.00    0.01    0.00    0.00
   6.560    6458    7538       0       0    0.86   -0.60   68.56  139.94   -5.71  307.99      -1      -1      -1       0    0.00    0.00 1123.34    0.00 1205.87 1150.23 1142.20 1135.14    0.00    0.00    0.00  104.85    2.74    0.00    0.02    0.01    0.00    0.00    0.00
   6.570    6425    7538       0       0    0.85   -0.64   68.18  140.00   -6.05  306.87      -1      -1      -1       0   16.06 1136.32    0.00 1189.72    0.00    0.00    0.00    0.00 1166.55  159.67  234.72    0.00    0.00    0.00    0.00    0.00    0.01    0.00    0.00
   6.580    6390    7498       0       0    0.85   -0.62   68.02  140.13   -6.22  307.24      -1      -1      -1       0    0.00    0.00 1113.49    0.00 1192.38 1136.99 1130.83 1125.79    0.00    0.00    0.00  101.69    2.67    0.00    0.02    0.01    0.00    0.00    0.00
   6.590    6363    7498       0       0    0.85   -0.62   67.36  140.16   -6.23  306.68      -1      -1      -1       0   16.28 1129.83    0.00 1180.54    0.00    0.00    0.00    0.00 1155.36  159.42  234.50    0.00    0.00    0.00    0.00    0.00    0.01    0.00    0.00
   6.600    6334    7546       0       0    0.84   -0.64   66.68  140.22   -6.25  306.22      -1      -1      -1       0    0.00    0.00 1104.64    0.00 1179.71 1123.73 1119.08 1113.96    0.00    0.00    0.00   99.72    2.63    0.00    0.00    0.01    0.00    0.00    0.00
   6.610    6303    7546       0       0    0.84   -0.63   65.92  140.30   -6.24  304.48      -1      -1      -1       0   16.46 1125.82    0.00 1174.11    0.00    0.00    0.00    0.00 1143.72  159.41  234.18    0.00    0.00    0.00    0.00    0.00    0.01    0.00    0.00
   6.620    6280    7519       0       0    0.84   -0.63   65.21  140.37   -6.27  303.88      -1      -1      -1       0    0.00    0.00 1095.95    0.00 1170.42 1111.22 1108.60 1100.72    0.00    0.00    0.00   98.90    2.62    0.01    0.00    0.01    0.00    0.00    0.00
   6.630    6253    7508       0       0    0.83   -0.67   64.32  140.39   -6.27  303.25      -1      -1      -1       0   16.46 1123.27    0.00 1170.99    0.00    0.00    0.00    0.00 1133.31  159.58  234.19    0.00    0.00    0.00    0.00    0.00    0.01    0.00    0.00
   6.640    6228    7508       0       0    0.83   -0.68   63.29  140.40   -6.34  302.76      -1      -1      -1       0    0.00    0.00 1086.13    0.00 1161.08 1102.01 1100.11 1086.25    0.00    0.00    0.00   97.72    2.64    0.00    0.00    0.00    0.00    0.00    0.00
   6.650    6203    7508       0       0    0.83   -0.67   62.09  140.40   -6.33  302.64      -1      -1      -1       0   16.37 1119.70    0.00 1169.08    0.00    0.00    0.00    0.00 1123.04  159.79  234.28    0.00    0.00    0.00    0.00    0.00    0.00    0.00    0.00
   6.660    6179    7432       0       0    0.83   -0.71   61.02  140.45   -6.34  301.64      -1      -1      -1       0    0.00    0.00 1077.03    0.00 1151.95 1095.87 1093.16 1073.95    0.00    0.00    0.00   96.57    2.62    0.01    0.01    0.00    0.00    0.00    0.00
   6.670    6152    7432       0       0    0.83   -0.69   60.03  140.52   -6.23  301.71      -1      -1      -1       0   16.28 1112.62    0.00 1165.37    0.00    0.00    0.00    0.00 1113.50  159.78  234.47    0.00    0.00    0.00    0.00    0.00    0.00    0.00    0.00
   6.680    6131    7473       0       0    0.82   -0.70   58.98  140.60   -6.20  301.57      -1      -1      -1       0    0.00    0.00 1067.39    0.00 1141.95 1092.80 1085.12 1064.54    0.00    0.00    0.00   94.85    2.60    0.01    0.01    0.01    0.00    0.00    0.00
   6.690    6106    7473       0       0    0.82   -0.75   57.97  140.61   -6.17  301.69      -1      -1      -1       0   15.94 1103.74    0.00 1158.84    0.00    0.00    0.00    0.00 1105.48  159.78  234.70    0.00    0.00    0.00    0.00    0.00    0.00    0.00    0.00
   6.700    6085    7415       0       0    0.82   -0.75   56.87  140.62   -6.28  301.40      -1      -1      -1       0    0.00    0.00 1057.78    0.00 1131.36 1090.95 1076.71 1059.75    0.00    0.00    0.00   93.37    2.56    0.01    0.01    0.01    0.00    0.00    0.00
   6.710    6066    7415       0       0    0.82   -0.73   55.95  140.62   -6.33  301.49      -1      -1      -1       0   15.77 1092.44    0.00 1148.69    0.00    0.00    0.00    0.00 1097.92  160.01  234.84    0.00    0.00    0.00    0.00    0.00    0.01    0.00    0.00
   6.720    6045    7472       0       0    0.81   -0.78   55.00  140.62   -6.36  301.68      -1      -1      -1       0    0.00    0.00 1048.53    0.00 1120.49 1086.37 1067.57 1055.56    0.00    0.00    0.00   91.76    2.58    0.00    0.01    0.01    0.00    0.00    0.00
   6.730    6027    7472       0       0    0.81   -0.76   54.15  140.62   -6.20  300.91      -1      -1      -1       0   15.94 1082.55    0.00 1138.60    0.00    0.00    0.00    0.00 1090.30  160.12  235.23    0.00    0.00    0.00    0.00    0.00    0.01    0.00    0.00
   6.740    6012    7393       0       0    0.81   -0.73   54.07  140.68   -6.16  300.40      -1      -1      -1       0    0.00    0.00 1042.05    0.00 1110.35 1078.32 1060.46 1052.86    0.00    0.00    0.00   89.53    2.57    0.01    0.01    0.01    0.00    0.00    0.00
   6.750    5995    7340       0       0    0.82   -0.76   53.89  140.75   -6.12  299.94      -1      -1      -1       0   16.21 1073.80    0.00 1127.34    0.00    0.00    0.00    0.00 1082.30  160.04  235.15    0.00    0.00    0.00    0.00    0.00    0.01    0.00    0.00
   6.760    5975    7327       0       0    0.82   -0.74   53.16  140.88   -5.88  299.99      -1      -1      -1       0    0.00    0.00 1037.56    0.00 1101.64 1068.59 1051.35 1047.88    0.00    0.00    0.00   88.97    2.54    0.00    0.01    0.00    0.00    0.00    0.00
   6.770    5957    7291       0       0    0.82   -0.71   51.85  140.97   -5.78  299.19      -1      -1      -1       0   16.39 1069.63    0.00 1120.82    0.00    0.00    0.00    0.00 1074.68  159.74  234.95    0.00    0.00    0.00    0.00    0.00    0.01    0.00    0.00
   6.780    5932    7257       0       0    0.82   -0.72   51.09  141.04   -5.76  298.35      -1      -1      -1       0    0.00    0.00 1032.66    0.00 1094.26 1060.53 1044.06 1040.94    0.00    0.00    0.00   88.38    2.47    0.00    0.00    0.01    0.00    0.00    0.00
   6.790    5910    7170       0       0    0.82   -0.76   51.23  141.06   -6.02  297.81      -1      -1      -1       0   16.48 1067.04    0.00 1115.01    0.00    0.00    0.00    0.00 1067.05  159.72  234.38    0.00    0.00    0.00    0.00    0.00    0.01    0.00    0.00
   6.800    5885    7170       0       0    0.82   -0.72   50.64  141.07   -6.10  297.35      -1      -1      -1       0    0.00    0.00 1026.73    0.00 1088.35 1053.37 1035.82 1030.45    0.00    0.00    0.00   87.77    2.43    0.01    0.01    0.00    0.00    0.00    0.00
   6.810    5864    7186       0       0    0.82   -0.76   49.62  141.13   -6.13  297.40      -1      -1      -1       0   16.44 1064.34    0.00 1111.19    0.00    0.00    0.00    0.00 1059.95  159.82  234.41    0.00    0.00    0.00    0.00    0.00    0.01    0.00    0.00
   6.820    5834    7218       0       0    0.81   -0.77   47.68  141.20   -6.18  297.57      -1      -1      -1       0    0.00    0.00 1019.61    0.00 1082.53 1047.18 1030.91 1018.41    0.00    0.00    0.00   85.59    2.37    0.01    0.00    0.00    0.00    0.00    0.00
   6.830    5814    7220       0       0    0.81   -0.77   45.35  141.27   -6.19  297.62      -1      -1      -1       0   16.37 1061.03    0.00 1108.37    0.00    0.00    0.00    0.00 1053.40  159.96  234.42    0.00    0.00    0.00    0.00    0.00    0.01    0.00    0.00
   6.840    5793    7220       0       0    0.80   -0.79   40.88  141.29   -6.21  297.14      -1      -1      -1       0    0.00    0.00 1013.40    0.00 1076.59 1040.90 1025.58 1008.50    0.00    0.00    0.00   83.41    2.36    0.00    0.00    0.01    0.00    0.00    0.00
   6.850    5775    7228       0       0    0.80   -0.81   35.25  141.30   -6.13  295.89      -1      -1      -1       0   16.21 1053.97    0.00 1104.34    0.00    0.00    0.00    0.00 1048.87  160.00  234.60    0.00    0.00    0.00    0.00    0.00    0.00    0.00    0.00
   6.860    5754    7229       0       0    0.80   -0.77   29.99  141.30   -6.13  294.76      -1      -1      -1       0    0.00    0.00 1006.23    0.00 1068.83 1038.41 1019.48 1003.20    0.00    0.00    0.00   82.93    2.34    0.02    0.01    0.01    0.00    0.00    0.00
   6.870    5740    7229       0       0    0.79   -0.76   26.63  141.35   -6.11  293.67      -1      -1      -1       0   15.88 1042.89    0.00 1093.96    0.00    0.00    0.00    0.00 1044.85  160.12  234.73    0.00    0.00    0.00    0.00    0.00    0.00    0.00    0.00
   6.880    5720    7195       0       0    0.79   -0.71   25.17  141.42   -6.17  293.89      -1      -1      -1       0    0.00    0.00  999.95    0.00 1061.59 1035.30 1013.14 1000.16    0.00    0.00    0.00   82.36    2.35    0.02    0.01    0.01    0.00    0.00    0.00
   6.890    5699    7111       0       0    0.80   -0.66   24.39  141.50   -6.18  294.10      -1      -1      -1       0   15.72 1032.06    0.00 1084.32    0.00    0.00    0.00    0.00 1040.44  160.37  235.02    0.00    0.00    0.00    0.00    0.00    0.01    0.00    0.00
   6.900    5684    7110       0       0    0.80   -0.67   23.61  141.46   -6.17  293.67      -1      -1      -1       0    0.00    0.00  994.11    0.00 1053.18 1030.58 1007.05  997.15    0.00    0.00    0.00   82.60    2.34    0.00    0.00    0.01    0.00    0.00    0.00
   6.910    5661    7110       0       0    0.80   -0.68   22.66  141.45   -6.12  292.91      -1      -1      -1       0   15.99 1023.62    0.00 1074.91    0.00    0.00    0.00    0.00 1035.60  160.44  235.45    0.00    0.00    0.00    0.00    0.00    0.01    0.00    0.00
   6.920    5646    7035       0       0    0.80   -0.67   21.78  141.50   -5.85  291.91      -1      -1      -1       0    0.00    0.00  990.33    0.00 1046.00 1023.61 1000.51  995.93    0.00    0.00    0.00   81.29    2.32    0.00    0.01    0.01    0.00    0.00    0.00
   6.930    5621    7000       0       0    0.80   -0.70   21.21  141.63   -5.76  291.82      -1      -1      -1       0   16.26 1021.57    0.00 1069.76    0.00    0.00    0.00    0.00 1030.15  160.34  235.38    0.00    0.00    0.00    0.00    0.00    0.01    0.00    0.00
   6.940    5602    6998       0       0    0.80   -0.77   20.77  141.72   -5.88  292.61      -1      -1      -1       0    0.00    0.00  986.61    0.00 1039.28 1017.67  993.93  991.04    0.00    0.00    0.00   80.51    2.31    0.01    0.01    0.01    0.00    0.00    0.00
   6.950    5585    6998       0       0    0.80   -0.76   20.57  141.74   -5.08  292.33      -1      -1      -1       0   16.46 1018.57    0.00 1065.49    0.00    0.00    0.00    0.00 1024.03  160.03  235.18    0.00    0.00    0.00    0.00    0.00    0.01    0.00    0.00
   6.960    5569    7033       0       0    0.79   -0.80   20.32  141.75   -4.71  292.42      -1      -1      -1       0    0.00    0.00  982.85    0.00 1034.70 1009.23  986.80  984.41    0.00    0.00    0.00   79.92    2.32    0.01    0.00    0.01    0.00    0.00    0.00
   6.970    5553    7143       0       0    0.78   -0.91   19.83  141.80   -4.61  292.60      -1      -1      -1       0   16.44 1017.56    0.00 1062.70    0.00    0.00    0.00    0.00 1017.67  160.07  234.61    0.00    0.00    0.00    0.00    0.00    0.02    0.00    0.00
   6.980    5546    7150       0       0    0.78   -0.87   19.10  141.87   -5.58  293.78      -1      -1      -1       0    0.00    0.00  977.76    0.00 1030.63 1004.56  982.26  976.25    0.00    0.00    0.00   77.68    2.34    0.01    0.00    0.01    0.00    0.00    0.00
   6.990       0    7150       0       0    0.00   -0.79   18.39  141.95   -5.97  294.56      -1      -1      -1       0   16.39 1016.31    0.00 1060.84    0.00    0.00    0.00    0.00 1012.92  160.19  234.56    0.00    0.00    0.00    0.00    0.00    0.01    0.00    0.00
   7.000    5534    7077       0       0    0.78   -0.89   17.86  141.96   -6.01  293.94      -1      -1      -1       0    0.00    0.00  973.73    0.00 1026.65 1001.03  979.03  968.79    0.00    0.00    0.00   76.47    2.32    0.01    0.01    0.00    0.00    0.00    0.00
   7.010    5524    7077       0       0    0.78   -0.82   17.47  141.97   -5.93  292.82      -1      -1      -1       0   16.39 1013.69    0.00 1059.91    0.00    0.00    0.00    0.00 1008.89  160.28  234.63    0.00    0.00    0.00    0.00    0.00    0.01    0.00    0.00
   7.020    5515    7034       0       0    0.78   -0.74   17.21  141.97   -5.95  291.72      -1      -1      -1       0    0.00    0.00  968.76    0.00 1021.89 1000.29  975.67  965.21    0.00    0.00    0.00   74.07    2.26    0.01    0.01    0.00    0.00    0.00    0.00
   7.030    5504    7021       0       0    0.78   -0.77   16.98  141.97   -6.05  291.45      -1      -1      -1       0   16.01 1009.68    0.00 1057.55    0.00    0.00    0.00    0.00 1005.79  160.30  234.83    0.00    0.00    0.00    0.00    0.00    0.00    0.00    0.00
   7.040    5489    7009       0       0    0.78   -0.80   16.93  142.03   -5.99  290.74      -1      -1      -1       0    0.00    0.00  963.80    0.00 1016.99  999.44  972.10  963.46    0.00    0.00    0.00   74.07    2.15    0.02    0.01    0.01    0.00    0.00    0.00
   7.050    5478    6974       0       0    0.79   -0.76   16.98  142.10   -5.96  290.23      -1      -1      -1       0   15.92 1005.65    0.00 1054.64    0.00    0.00    0.00    0.00 1003.91  160.25  234.87    0.00    0.00    0.00    0.00    0.00    0.01    0.00    0.00
   7.060    5459    6923       0       0    0.79   -0.77   17.09  142.17   -5.69  290.11      -1      -1      -1       0    0.00    0.00  960.02    0.00 1013.26  999.12  968.46  962.39    0.00    0.00    0.00   73.28    2.14    0.02    0.01    0.01    0.00    0.00    0.00
   7.070    5448    6923       0       0    0.79   -0.83   17.02  142.19   -5.87  290.07      -1      -1      -1       0   15.86  999.54    0.00 1048.64    0.00    0.00    0.00    0.00 1001.56  160.29  234.97    0.00    0.00    0.00    0.00    0.00    0.01    0.00    0.00
   7.080    5435    6923       0       0    0.79   -0.78   16.74  142.20   -5.96  289.58      -1      -1      -1       0    0.00    0.00  955.12    0.00 1007.03  995.28  963.87  960.70    0.00    0.00    0.00   72.75    2.15    0.01    0.02    0.01    0.00    0.00    0.00
   7.090    5421    6985       0       0    0.78   -0.82   16.25  142.25   -6.23  289.95      -1      -1      -1       0   16.01  993.01    0.00 1042.35    0.00    0.00    0.00    0.00  997.12  160.25  235.17    0.00    0.00    0.00    0.00    0.00    0.01    0.00    0.00
   7.100       0    7023       0       0    0.00   -0.83   15.77  142.32   -6.33  290.85      -1      -1      -1       0    0.00    0.00  952.48    0.00 1001.88  989.50  958.62  959.79    0.00    0.00    0.00   72.82    2.17    0.00    0.02    0.02    0.00    0.00    0.00
   7.110    5409    7023       0       0    0.77   -0.80   15.42  142.40   -6.24  290.58      -1      -1      -1       0   16.37  989.13    0.00 1036.29    0.00    0.00    0.00    0.00  993.06  160.29  235.14    0.00    0.00    0.00    0.00    0.00    0.01    0.00    0.00
   7.120    5404    6936       0       0    0.78   -0.79   15.17  142.41   -6.20  290.19      -1      -1      -1       0    0.00    0.00  949.62    0.00  996.00  982.62  953.50  955.35    0.00    0.00    0.00   73.49    2.17    0.00    0.00    0.02    0.00    0.00    0.00
   7.130    5393    6896       0       0    0.78   -0.81   15.08  142.47   -6.18  289.93      -1      -1      -1       0   16.57  987.05    0.00 1032.92    0.00    0.00    0.00    0.00  989.10  160.25  234.95    0.00    0.00    0.00    0.00    0.00    0.01    0.00    0.00
   7.140    5386    6889       0       0    0.78   -0.79   15.02  142.54   -6.25  290.52      -1      -1      -1       0    0.00    0.00  947.17    0.00  992.90  976.94  949.62  951.13    0.00    0.00    0.00   74.05    2.17    0.01    0.00    0.01    0.00    0.00    0.00
   7.150    5373    6826       0       0    0.79   -0.78   14.98  142.62   -6.17  290.02      -1      -1      -1       0   16.46  984.50    0.00 1028.33    0.00    0.00    0.00    0.00  985.25  160.24  234.73    0.00    0.00    0.00    0.00    0.00    0.02    0.00    0.00
   7.160    5356    6774       0       0    0.79   -0.79   14.87  142.63   -6.14  289.41      -1      -1      -1       0    0.00    0.00  943.40    0.00  990.20  973.52  946.92  943.09    0.00    0.00    0.00   73.40    2.18    0.01    0.00    0.00    0.00    0.00    0.00
   7.170    5340    6774       0       0    0.79   -0.77   14.71  142.64   -6.11  288.28      -1      -1      -1       0   16.28  983.13    0.00 1026.74    0.00    0.00    0.00    0.00  980.98  160.29  234.85    0.00    0.00    0.00    0.00    0.00    0.02    0.00    0.00
   7.180    5322    6742       0       0    0.79   -0.77   14.57  142.64   -6.23  287.68      -1      -1      -1       0    0.00    0.00  939.46    0.00  987.69  970.35  944.26  937.94    0.00    0.00    0.00   71.74    2.14    0.01    0.01    0.01    0.00    0.00    0.00
   7.190    5301    6705       0       0    0.79   -0.80   14.41  142.64   -6.32  287.52      -1      -1      -1       0   16.28  980.09    0.00 1025.50    0.00    0.00    0.00    0.00  975.31  160.42  234.97    0.00    0.00    0.00    0.00    0.00    0.01    0.00    0.00
   7.200       0    6705       0       0    0.00   -0.83   14.27  142.70   -6.32  287.65      -1      -1      -1       0    0.00    0.00  935.21    0.00  983.49  969.03  941.83  937.55    0.00    0.00    0.00   69.69    2.11    0.01    0.01    0.01    0.00    0.00    0.00
   7.210    5289    6705       0       0    0.79   -0.81   14.17  142.77   -6.26  287.35      -1      -1      -1       0   16.06  975.16    0.00 1021.78    0.00    0.00    0.00    0.00  972.87  160.56  235.08    0.00    0.00    0.00    0.00    0.00    0.00    0.00    0.00
   7.220    5272    6718       0       0    0.78   -0.84   14.14  142.84   -6.22  287.12      -1      -1      -1       0    0.00    0.00  929.97    0.00  979.00  967.69  938.11  932.39    0.00    0.00    0.00   69.31    2.06    0.01    0.01    0.01    0.00    0.00    0.00
   7.230    5258    6742       0       0    0.78   -0.86   14.14  142.86   -6.23  286.90      -1      -1      -1       0   15.77  968.61    0.00 1015.39    0.00    0.00    0.00    0.00  970.79  160.77  235.11    0.00    0.00    0.00    0.00    0.00    0.00    0.00    0.00
   7.240    5247    6742       0       0    0.78   -0.85   14.10  142.87   -6.25  286.52      -1      -1      -1       0    0.00    0.00  926.27    0.00  975.46  965.25  934.18  931.28    0.00    0.00    0.00   69.22    2.06    0.01    0.01    0.01    0.00    0.00    0.00
   7.250    5232    6741       0       0    0.78   -0.84   14.00  142.81   -6.17  285.94      -1      -1      -1       0   15.86  962.71    0.00 1008.86    0.00    0.00    0.00    0.00  968.09  160.70  235.47    0.00    0.00    0.00    0.00    0.00    0.01    0.00    0.00
   7.260    5221    6709       0       0    0.78   -0.86   13.97  142.85   -6.17  285.47      -1      -1      -1       0    0.00    0.00  924.49    0.00  970.70  960.09  930.85  930.02    0.00    0.00    0.00   68.93    2.05    0.00    0.02    0.01    0.00    0.00    0.00
   7.270    5210    6670       0       0    0.78   -0.85   14.03  142.92   -6.19  285.19      -1      -1      -1       0   16.15  959.77    0.00 1002.22    0.00    0.00    0.00    0.00  964.43  160.63  235.38    0.00    0.00    0.00    0.00    0.00    0.01    0.00    0.00
   7.280       0    6654       0       0    0.00   -0.84   14.11  143.05   -6.27  285.12      -1      -1      -1       0    0.00    0.00  922.49    0.00  966.34  954.97  926.25  927.71    0.00    0.00    0.00   67.16    2.05    0.00    0.02    0.02    0.00    0.00    0.00
   7.290    5196    6654       0       0    0.78   -0.85   14.16  143.08   -6.33  285.26      -1      -1      -1       0   16.44  958.45    0.00 1000.49    0.00    0.00    0.00    0.00  960.46  160.33  235.27    0.00    0.00    0.00    0.00    0.00    0.01    0.00    0.00
   7.300    5184    6659       0       0    0.78   -0.84   14.14  143.14   -5.86  285.46      -1      -1      -1       0    0.00    0.00  920.83    0.00  961.36  949.76  922.41  922.98    0.00    0.00    0.00   67.24    2.02    0.00    0.00    0.02    0.00    0.00    0.00
   7.310    5175    6659       0       0    0.78   -0.82   14.14  143.22   -5.70  285.03      -1      -1      -1       0   16.46  958.22    0.00  999.27    0.00    0.00    0.00    0.00  956.23  160.37  234.90    0.00    0.00    0.00    0.00    0.00    0.01    0.00    0.00
   7.320    5165    6699       0       0    0.77   -0.83   14.07  143.29   -5.64  285.08      -1      -1      -1       0    0.00    0.00  918.75    0.00  959.49  945.89  918.47  917.97    0.00    0.00    0.00   67.52    2.00    0.01    0.00    0.00    0.00    0.00    0.00
   7.330    5154    6699       0       0    0.77   -0.84   14.02  143.31   -5.67  284.28      -1      -1      -1       0   16.37  957.32    0.00  998.64    0.00    0.00    0.00    0.00  952.79  160.49  234.89    0.00    0.00    0.00    0.00    0.00    0.01    0.00    0.00
   7.340    5146    6686       0       0    0.77   -0.83   13.98  143.32   -5.55  283.92      -1      -1      -1       0    0.00    0.00  915.30    0.00  957.68  944.08  916.46  912.42    0.00    0.00    0.00   68.57    1.99    0.00    0.00    0.00    0.00    0.00    0.00
   7.350       0    6660       0       0    0.00   -0.81   13.97  143.32   -5.47  283.01      -1      -1      -1       0   16.39  956.83    0.00  997.93    0.00    0.00    0.00    0.00  949.90  160.64  234.89    0.00    0.00    0.00    0.00    0.00    0.00    0.00    0.00
   7.360    5134    6590       0       0    0.78   -0.83   14.06  143.32   -5.90  283.28      -1      -1      -1       0    0.00    0.00  911.94    0.00  955.14  944.29  914.82  910.76    0.00    0.00    0.00   68.05    1.98    0.01    0.01    0.00    0.00    0.00    0.00
   7.370    5123    6583       0       0    0.78   -0.80   14.15  143.37   -6.18  283.34      -1      -1      -1       0   16.19  954.99    0.00  996.97    0.00    0.00    0.00    0.00  948.64  160.73  234.98    0.00    0.00    0.00    0.00    0.00    0.00    0.00    0.00
   7.380    5110    6560       0       0    0.78   -0.77   14.21  143.44   -6.30  283.68      -1      -1      -1       0    0.00    0.00  908.33    0.00  951.56  943.94  912.74  907.97    0.00    0.00    0.00   67.40    1.96    0.01    0.01    0.01    0.00    0.00    0.00
   7.390    5098    6557       0       0    0.78   -0.79   14.22  143.52   -6.35  283.44      -1      -1      -1       0   15.92  951.82    0.00  993.65    0.00    0.00    0.00    0.00  947.36  160.75  234.91    0.00    0.00    0.00    0.00    0.00    0.00    0.00    0.00
   7.400    5087    6548       0       0    0.78   -0.79   14.25  143.53   -6.15  282.41      -1      -1      -1       0    0.00    0.00  906.03    0.00  947.19  943.51  909.29  907.07    0.00    0.00    0.00   64.94    1.93    0.01    0.01    0.01    0.00    0.00    0.00
   7.410    5075    6539       0       0    0.78   -0.76   14.30  143.54   -6.05  282.15      -1      -1      -1       0   15.79  947.21    0.00  988.29    0.00    0.00    0.00    0.00  945.50  161.09  234.98    0.00    0.00    0.00    0.00    0.00    0.01    0.00    0.00
   7.420       0    6539       0       0    0.00   -0.76   14.27  143.54   -6.01  281.93      -1      -1      -1       0    0.00    0.00  903.05    0.00  942.44  942.13  905.93  906.34    0.00    0.00    0.00   58.45    1.89    0.00    0.01    0.01    0.00    0.00    0.00
   7.430    5061    6521       0       0    0.78   -0.76   14.33  143.60   -6.14  282.19      -1      -1      -1       0   16.06  942.95    0.00  982.50    0.00    0.00    0.00    0.00  943.07  161.12  235.35    0.00    0.00    0.00    0.00    0.00    0.01    0.00    0.00
   7.440    5049    6494       0       0    0.78   -0.74   14.45  143.67   -6.21  281.45      -1      -1      -1       0    0.00    0.00  900.64    0.00  937.92  938.04  901.87  905.56    0.00    0.00    0.00   50.95    1.78    0.01    0.03    0.01    0.00    0.00    0.00
   7.450    5034    6458       0       0    0.78   -0.69   14.64  143.74   -6.23  281.27      -1      -1      -1       0   16.32  941.18    0.00  978.02    0.00    0.00    0.00    0.00  939.96  161.02  235.44    0.00    0.00    0.00    0.00    0.00    0.00    0.00    0.00
   7.460    5019    6424       0       0    0.78   -0.71   14.75  143.76   -6.15  281.06      -1      -1      -1       0    0.00    0.00  899.56    0.00  935.61  933.33  898.58  903.46    0.00    0.00    0.00   41.69    1.63    0.00    0.02    0.01    0.00    0.00    0.00
   7.470    5002    6392       0       0    0.78   -0.67   14.81  143.77   -6.06  280.52      -1      -1      -1       0   16.48  940.42    0.00  976.42    0.00    0.00    0.00    0.00  936.60  160.60  235.29    0.00    0.00    0.00    0.00    0.00    0.01    0.00    0.00
   7.480       0    6330       0       0    0.00   -0.62   14.86  143.82   -6.04  280.06      -1      -1      -1       0    0.00    0.00  898.37    0.00  932.45  929.31  895.76  900.18    0.00    0.00    0.00   34.86    1.44    0.01    0.00    0.01    0.00    0.00    0.00
   7.490    4982    6213       0       0    0.80   -0.64   14.90  143.89   -6.17  279.94      -1      -1      -1       0   16.46  939.74    0.00  975.20    0.00    0.00    0.00    0.00  933.50  160.60  234.73    0.00    0.00    0.00    0.00    0.00    0.01    0.00    0.00
   7.500    4959    6167       0       0    0.80   -0.66   14.95  143.97   -6.20  280.40      -1      -1      -1       0    0.00    0.00  894.81    0.00  930.90  926.67  893.64  895.50    0.00    0.00    0.00   29.11    1.29    0.00    0.00    0.00    0.00    0.00    0.00
   7.510    4937    6126       0       0    0.81   -0.65   14.96  143.98   -6.20  280.36      -1      -1      -1       0   16.44  939.09    0.00  974.64    0.00    0.00    0.00    0.00  930.86  160.78  234.67    0.00    0.00    0.00    0.00    0.00    0.01    0.00    0.00
   7.520    4910    6115       0       0    0.80   -0.65   14.93  143.99   -6.14  280.51      -1      -1      -1       0    0.00    0.00  892.05    0.00  928.61  926.69  892.66  891.66    0.00    0.00    0.00   25.64    1.14    0.01    0.01    0.00    0.00    0.00    0.00
   7.530       0    6085       0       0    0.00   -0.66   14.95  143.99   -6.20  280.22      -1      -1      -1       0   16.39  938.23    0.00  974.04    0.00    0.00    0.00    0.00  929.71  160.93  234.75    0.00    0.00    0.00    0.00    0.00    0.00    0.00    0.00
   7.540    4888    6085       0       0    0.80   -0.68   14.96  143.99   -6.08  280.15      -1      -1      -1       0    0.00    0.00  888.54    0.00  926.04  924.61  891.13  889.95    0.00    0.00    0.00   23.34    1.03    0.01    0.01    0.00    0.00    0.00    0.00
   7.550    4864    6074       0       0    0.80   -0.66   15.02  143.99   -6.08  280.13      -1      -1      -1       0   16.12  935.01    0.00  972.21    0.00    0.00    0.00    0.00  928.51  160.97  234.94    0.00    0.00    0.00    0.00    0.00    0.00    0.00    0.00
   7.560    4840    6074       0       0    0.80   -0.69   15.07  144.05   -5.95  280.45      -1      -1      -1       0    0.00    0.00  885.49    0.00  924.17  923.67  889.73  890.64    0.00    0.00    0.00   21.65    0.93    0.01    0.01    0.01    0.00    0.00    0.00
   7.570    4819    6080       0       0    0.79   -0.72   15.09  144.12   -5.60  280.04      -1      -1      -1       0   15.92  930.14    0.00  968.61    0.00    0.00    0.00    0.00  928.04  161.04  235.08    0.00    0.00    0.00    0.00    0.00    0.00    0.00    0.00
   7.580    4800    6080       0       0    0.79   -0.72   15.06  144.19   -5.49  279.45      -1      -1      -1       0    0.00    0.00  882.82    0.00  922.38  923.06  887.79  890.36    0.00    0.00    0.00   21.29    0.86    0.01    0.01    0.01    0.00    0.00    0.00
   7.590       0    6080       0       0    0.00   -0.71   14.95  144.21   -5.62  279.31      -1      -1      -1       0   15.79  926.27    0.00  964.37    0.00    0.00    0.00    0.00  927.25  161.05  235.37    0.00    0.00    0.00    0.00    0.00    0.01    0.00    0.00
   7.600    4780    6082       0       0    0.79   -0.72   14.96  144.16   -6.11  279.43      -1      -1      -1       0    0.00    0.00  881.23    0.00  919.39  921.89  885.77  890.03    0.00    0.00    0.00   21.34    0.83    0.01    0.02    0.01    0.00    0.00    0.00
   7.610    4760    6082       0       0    0.78   -0.72   15.06  144.20   -6.11  279.14      -1      -1      -1       0   16.15  923.62    0.00  959.65    0.00    0.00    0.00    0.00  926.10  160.94  235.53    0.00    0.00    0.00    0.00    0.00    0.01    0.00    0.00
   7.620    4747    6086       0       0    0.78   -0.72   15.15  144.27   -5.86  278.58      -1      -1      -1       0    0.00    0.00  880.38    0.00  916.64  919.53  882.73  889.25    0.00    0.00    0.00   21.35    0.82    0.00    0.02    0.02    0.00    0.00    0.00
   7.630       0    6086       0       0    0.00   -0.72   15.20  144.40   -5.76  278.44      -1      -1      -1       0   16.39  924.56    0.00  956.51    0.00    0.00    0.00    0.00  923.90  160.75  235.40    0.00    0.00    0.00    0.00    0.00    0.01    0.00    0.00
   7.640    4727    6086       0       0    0.78   -0.73   15.18  144.43   -5.84  278.89      -1      -1      -1       0    0.00    0.00  879.89    0.00  913.69  917.47  880.36  887.59    0.00    0.00    0.00   21.35    0.84    0.00    0.00    0.02    0.00    0.00    0.00
   7.650    4715    6086       0       0    0.77   -0.78   15.24  144.44   -5.59  279.00      -1      -1      -1       0   16.46  923.86    0.00  956.29    0.00    0.00    0.00    0.00  922.34  160.70  235.02    0.00    0.00    0.00    0.00    0.00    0.01    0.00    0.00
   7.660    4700    6086       0       0    0.77   -0.75   15.32  144.44   -5.48  278.87      -1      -1      -1       0    0.00    0.00  879.17    0.00  912.09  916.13  877.93  883.38    0.00    0.00    0.00   21.81    0.86    0.01    0.00    0.00    0.00    0.00    0.00
   7.670    4688    6099       0       0    0.77   -0.76   15.34  144.44   -5.55  278.51      -1      -1      -1       0   16.50  923.38    0.00  956.06    0.00    0.00    0.00    0.00  920.23  160.80  234.75    0.00    0.00    0.00    0.00    0.00    0.02    0.00    0.00
   7.680       0    6127       0       0    0.00   -0.80   15.35  144.50   -6.00  278.58      -1      -1      -1       0    0.00    0.00  876.68    0.00  911.19  915.90  876.07  879.51    0.00    0.00    0.00   22.64    0.91    0.01    0.00    0.00    0.00    0.00    0.00
   7.690    4675    6134       0       0    0.76   -0.79   15.32  144.57   -5.94  278.44      -1      -1      -1       0   16.41  922.70    0.00  955.36    0.00    0.00    0.00    0.00  918.60  160.88  234.85    0.00    0.00    0.00    0.00    0.00    0.02    0.00    0.00
   7.700    4669    6154       0       0    0.76   -0.77   15.34  144.64   -5.70  278.56      -1      -1      -1       0    0.00    0.00  874.23    0.00  910.24  914.69  875.21  875.64    0.00    0.00    0.00   23.70    0.96    0.01    0.01    0.01    0.00    0.00    0.00
   7.710    4659    6167       0       0    0.76   -0.79   15.38  144.66   -5.45  278.27      -1      -1      -1       0   16.32  921.61    0.00  955.13    0.00    0.00    0.00    0.00  915.60  161.01  234.97    0.00    0.00    0.00    0.00    0.00    0.00    0.00    0.00
   7.720       0    6195       0       0    0.00   -0.81   15.42  144.67   -5.36  278.04      -1      -1      -1       0    0.00    0.00  870.54    0.00  908.51  914.40  874.22  874.99    0.00    0.00    0.00   24.88    1.00    0.00    0.01    0.01    0.00    0.00    0.00
   7.730    4654    6195       0       0    0.75   -0.80   15.47  144.67   -5.54  277.82      -1      -1      -1       0   16.17  918.50    0.00  953.99    0.00    0.00    0.00    0.00  914.67  161.16  235.08    0.00    0.00    0.00    0.00    0.00    0.00    0.00    0.00
   7.740    4645    6206       0       0    0.75   -0.80   15.48  144.67   -5.68  277.92      -1      -1      -1       0    0.00    0.00  867.96    0.00  906.18  914.10  872.50  874.99    0.00    0.00    0.00   25.82    1.04    0.01    0.00    0.01    0.00    0.00    0.00
   7.750    4640    6232       0       0    0.74   -0.82   15.48  144.67   -5.62  277.95      -1      -1      -1       0   15.88  914.50    0.00  950.82    0.00    0.00    0.00    0.00  913.89  161.48  235.11    0.00    0.00    0.00    0.00    0.00    0.00    0.00    0.00
   7.760    4633    6232       0       0    0.74   -0.82   15.45  144.67   -5.46  277.64      -1      -1      -1       0    0.00    0.00  865.36    0.00  904.46  913.09  870.16  874.73    0.00    0.00    0.00   26.00    1.10    0.01    0.01    0.01    0.00    0.00    0.00
   7.770       0    6232       0       0    0.00   -0.81   15.34  144.67   -5.55  277.56      -1      -1      -1       0   15.88  911.28    0.00  946.36    0.00    0.00    0.00    0.00  912.64  161.50  235.30    0.00    0.00    0.00    0.00    0.00    0.01    0.00    0.00
   7.780    4631    6239       0       0    0.74   -0.82   15.35  144.72   -5.60  277.70      -1      -1      -1       0    0.00    0.00  864.32    0.00  901.85  910.54  867.54  874.42    0.00    0.00    0.00   25.26    1.13    0.00    0.02    0.01    0.00    0.00    0.00
   7.790    4624    6254       0       0    0.74   -0.83   15.41  144.79   -5.42  277.73      -1      -1      -1       0   16.23  909.84    0.00  942.58    0.00    0.00    0.00    0.00  910.89  161.34  235.17    0.00    0.00    0.00    0.00    0.00    0.01    0.00    0.00
   7.800    4623    6254       0       0    0.74   -0.82   15.50  144.92   -5.36  277.42      -1      -1      -1       0    0.00    0.00  863.59    0.00  899.64  907.15  864.30  873.28    0.00    0.00    0.00   24.22    1.12    0.00    0.02    0.02    0.00    0.00    0.00
   7.810       0    6246       0       0    0.00   -0.78   15.48  145.01   -5.52  277.34      -1      -1      -1       0   16.46  909.80    0.00  940.48    0.00    0.00    0.00    0.00  908.94  161.01  234.96    0.00    0.00    0.00    0.00    0.00    0.01    0.00    0.00
   7.820    4617    6238       0       0    0.74   -0.79   15.45  145.08   -5.45  277.32      -1      -1      -1       0    0.00    0.00  862.79    0.00  895.97  903.71  862.68  871.40    0.00    0.00    0.00   23.51    1.10    0.00    0.00    0.02    0.00    0.00    0.00
   7.830    4616    6229       0       0    0.74   -0.75   15.50  145.10   -5.36  277.15      -1      -1      -1       0   16.48  909.51    0.00  939.31    0.00    0.00    0.00    0.00  906.39  160.99  234.64    0.00    0.00    0.00    0.00    0.00    0.01    0.00    0.00
   7.840    4607    6181       0       0    0.75   -0.69   15.55  145.11   -5.46  276.79      -1      -1      -1       0    0.00    0.00  861.13    0.00  894.35  901.00  860.35  867.50    0.00    0.00    0.00   22.74    1.09    0.01    0.01    0.00    0.00    0.00    0.00
   7.850    4604    6151       0       0    0.75   -0.68   15.56  145.11   -5.84  276.70      -1      -1      -1       0   16.50  909.40    0.00  938.65    0.00    0.00    0.00    0.00  904.14  161.09  234.74    0.00    0.00    0.00    0.00    0.00    0.01    0.00    0.00
   7.860       0    6132       0       0    0.00   -0.69   15.57  145.11   -5.74  276.67      -1      -1      -1       0    0.00    0.00  859.29    0.00  893.29  901.12  859.56  864.54    0.00    0.00    0.00   21.96    1.10    0.01    0.00    0.00    0.00    0.00    0.00
   7.870    4594    6083       0       0    0.76   -0.68   15.60  145.17   -5.72  276.51      -1      -1      -1       0   16.41  909.27    0.00  938.29    0.00    0.00    0.00    0.00  901.83  161.23  234.94    0.00    0.00    0.00    0.00    0.00    0.01    0.00    0.00
   7.880    4586    6036       0       0    0.76   -0.66   15.64  145.24   -5.79  276.14      -1      -1      -1       0    0.00    0.00  857.24    0.00  891.85  900.60  858.49  861.36    0.00    0.00    0.00   21.11    1.07    0.01    0.01    0.00    0.00    0.00    0.00
   7.890    4572    6006       0       0    0.76   -0.67   15.65  145.31   -5.99  276.05      -1      -1      -1       0   16.23  908.31    0.00  938.08    0.00    0.00    0.00    0.00  900.92  161.33  235.17    0.00    0.00    0.00    0.00    0.00    0.00    0.00    0.00
   7.900       0    6004       0       0    0.00   -0.69   15.59  145.33   -5.93  276.35      -1      -1      -1       0    0.00    0.00  854.66    0.00  889.55  900.06  857.22  860.14    0.00    0.00    0.00   20.70    1.03    0.01    0.01    0.01    0.00    0.00    0.00
   7.910    4562    5976       0       0    0.76   -0.68   15.57  145.34   -5.94  276.42      -1      -1      -1       0   15.97  905.94    0.00  936.61    0.00    0.00    0.00    0.00  900.27  161.41  235.13    0.00    0.00    0.00    0.00    0.00    0.00    0.00    0.00
   7.920    4546    5948       0       0    0.76   -0.68   15.54  145.34   -6.06  276.44      -1      -1      -1       0    0.00    0.00  853.28    0.00  887.90  899.85  855.39  859.26    0.00    0.00    0.00   20.54    0.98    0.01    0.01    0.01    0.00    0.00    0.00
   7.930    4534    5939       0       0    0.76   -0.69   15.49  145.34   -6.13  276.12      -1      -1      -1       0   15.90  902.58    0.00  934.03    0.00    0.00    0.00    0.00  899.96  161.76  235.13    0.00    0.00    0.00    0.00    0.00    0.01    0.00    0.00
   7.940       0    5939       0       0    0.00   -0.72   15.39  145.28   -6.01  275.88      -1      -1      -1       0    0.00    0.00  851.14    0.00  884.86  899.17  853.87  858.38    0.00    0.00    0.00   20.36    0.97    0.00    0.01    0.01    0.00    0.00    0.00
   7.950    4518    5935       0       0    0.76   -0.69   15.36  145.27   -5.98  244.69      -1      -1      -1       0   16.01  899.18    0.00  930.97    0.00    0.00    0.00    0.00  899.30  161.80  235.47    0.00    0.00    0.00    0.00    0.00    0.01    0.00    0.00
   7.960    4506    5935       0       0    0.76   -0.69   15.38  145.32   -6.07  181.78      -1      -1      -1       0    0.00    0.00  850.88    0.00  882.57  896.63  851.86  858.03    0.00    0.00    0.00   20.13    0.97    0.00    0.01    0.01    0.00    0.00    0.00
   7.970    4492    5938       0       0    0.76   -0.73   15.46  145.44   -6.20  105.25      -1      -1      -1       0   16.30  898.27    0.00  927.59    0.00    0.00    0.00    0.00  897.78  161.69  235.56    0.00    0.00    0.00    0.00    0.00    0.01    0.00    0.00
   7.980       0    5938       0       0    0.00   -0.73   15.44  145.53   -6.23   54.35      -1      -1      -1       0    0.00    0.00  850.40    0.00  880.60  893.93  849.35  856.89    0.00    0.00    0.00   19.74    0.96    0.00    0.01    0.01    0.00    0.00    0.00
   7.990    4483    5943       0       0    0.75   -0.71   15.41  145.55   -6.25   33.19      -1      -1      -1       0   16.48  897.86    0.00  927.65    0.00    0.00    0.00    0.00  895.99  161.27  235.49    0.00    0.00    0.00    0.00    0.00    0.01    0.00    0.00
   8.000    4469    5954       0       0    0.75   -0.73   15.40  145.56   -6.32   24.66      -1      -1      -1       0    0.00    0.00  850.19    0.00  879.30  890.63  847.54  854.79    0.00    0.00    0.00   19.12    0.95    0.01    0.00    0.01    0.00    0.00    0.00
   8.010    4462    5966       0       0    0.75   -0.76   15.39  145.62   -6.30   20.42      -1      -1      -1       0   16.39  897.23    0.00  926.67    0.00    0.00    0.00    0.00  893.07  161.23  234.95    0.00    0.00    0.00    0.00    0.00    0.02    0.00    0.00
   8.020       0    5966       0       0    0.00   -0.76   15.39  145.69   -6.24   17.57      -1      -1      -1       0    0.00    0.00  848.77    0.00  878.65  888.98  846.68  852.34    0.00    0.00    0.00   18.31    0.94    0.01    0.00    0.01    0.00    0.00    0.00
   8.030    4451    5966       0       0    0.75   -0.76   15.39  145.76   -6.20   15.40      -1      -1      -1       0   16.41  896.84    0.00  926.26    0.00    0.00    0.00    0.00  891.23  161.33  234.91    0.00    0.00    0.00    0.00    0.00    0.02    0.00    0.00
   8.040    4443    5990       0       0    0.74   -0.77   15.43  145.78   -6.24   13.89      -1      -1      -1       0    0.00    0.00  847.54    0.00  877.36  889.35  846.14  850.98    0.00    0.00    0.00   17.39    0.93    0.01    0.00    0.00    0.00    0.00    0.00
   8.050    4433    6004       0       0    0.74   -0.80   15.47  145.79   -6.30   13.02      -1      -1      -1       0   16.35  896.10    0.00  925.98    0.00    0.00    0.00    0.00  889.38  161.46  234.98    0.00    0.00    0.00    0.00    0.00    0.00    0.00    0.00
   8.060       0    6017       0       0    0.00   -0.77   15.41  145.79   -6.33   12.48      -1      -1      -1       0    0.00    0.00  845.21    0.00  875.61  888.19  845.86  850.42    0.00    0.00    0.00   16.70    0.91    0.01    0.01    0.00    0.00    0.00    0.00
   8.070    4430    6023       0       0    0.74   -0.77   15.37  145.79   -6.36   12.19      -1      -1      -1       0   16.15  894.26    0.00  925.66    0.00    0.00    0.00    0.00  888.64  161.55  235.18    0.00    0.00    0.00    0.00    0.00    0.00    0.00    0.00
   8.080    4422    6032       0       0    0.73   -0.80   15.35  145.79   -6.35   11.95      -1      -1      -1       0    0.00    0.00  842.70    0.00  873.66  887.87  844.74  850.00    0.00    0.00    0.00   16.20    0.86    0.02    0.00    0.01    0.00    0.00    0.00
   8.090    4419    6034       0       0    0.73   -0.80   15.38  145.79   -6.26   11.89      -1      -1      -1       0   15.86  891.95    0.00  923.12    0.00    0.00    0.00    0.00  888.13  161.69  235.22    0.00    0.00    0.00    0.00    0.00    0.00    0.00    0.00
   8.100       0    6034       0       0    0.00   -0.77   15.36  145.79   -6.14   11.71      -1      -1      -1       0    0.00    0.00  841.28    0.00  872.92  887.57  842.72  849.53    0.00    0.00    0.00   15.56    0.84    0.02    0.01    0.01    0.00    0.00    0.00
   8.110    4413    6032       0       0    0.73   -0.78   15.29  145.79   -6.15   11.51      -1      -1      -1       0   15.86  889.76    0.00  920.29    0.00    0.00    0.00    0.00  887.79  161.66  235.32    0.00    0.00    0.00    0.00    0.00    0.01    0.00    0.00
   8.120    4410    6030       0       0    0.73   -0.80   15.27  145.79   -6.13   11.13      -1      -1      -1       0    0.00    0.00  839.14    0.00  870.12  886.39  840.29  849.24    0.00    0.00    0.00   15.00    0.82    0.00    0.02    0.01    0.00    0.00    0.00
   8.130       0    6021       0       0    0.00   -0.78   15.33  145.84   -6.00   11.03      -1      -1      -1       0   16.03  888.41    0.00  916.07    0.00    0.00    0.00    0.00  886.80  161.60  235.35    0.00    0.00    0.00    0.00    0.00    0.01    0.00    0.00
   8.140    4402    6001       0       0    0.73   -0.75   15.38  145.91   -5.93   11.17      -1      -1      -1       0    0.00    0.00  838.43    0.00  868.07  884.16  838.05  848.10    0.00    0.00    0.00   14.41    0.81    0.00    0.02    0.02    0.00    0.00    0.00
   8.150    4398    5997       0       0    0.73   -0.76   15.42  145.99   -5.98   11.37      -1      -1      -1       0   16.41  887.70    0.00  913.75    0.00    0.00    0.00    0.00  885.64  161.48  235.18    0.00    0.00    0.00    0.00    0.00    0.01    0.00    0.00
   8.160    4390    5996       0       0    0.73   -0.77   15.40  146.00   -6.17   11.42      -1      -1      -1       0    0.00    0.00  837.86    0.00  865.30  881.23  837.11  845.87    0.00    0.00    0.00   14.19    0.79    0.01    0.01    0.02    0.00    0.00    0.00
   8.170       0    5972       0       0    0.00   -0.76   15.36  146.07   -6.05   11.11      -1      -1      -1       0   16.53  887.29    0.00  914.25    0.00    0.00    0.00    0.00  884.31  161.44  234.96    0.00    0.00    0.00    0.00    0.00    0.01    0.00    0.00
   8.180    4386    5953       0       0    0.74   -0.75   15.32  146.14   -6.01   11.03      -1      -1      -1       0    0.00    0.00  837.60    0.00  864.33  878.39  835.13  842.94    0.00    0.00    0.00   13.55    0.77    0.01    0.00    0.01    0.00    0.00    0.00
   8.190    4376    5938       0       0    0.74   -0.76   15.31  146.21   -6.03   11.01      -1      -1      -1       0   16.53  887.07    0.00  913.28    0.00    0.00    0.00    0.00  882.00  161.49  234.73    0.00    0.00    0.00    0.00    0.00    0.02    0.00    0.00
   8.200    4371    5920       0       0    0.74   -0.77   15.31  146.23   -6.13   11.00      -1      -1      -1       0    0.00    0.00  836.09    0.00  863.58  877.69  834.09  840.11    0.00    0.00    0.00   12.80    0.79    0.01    0.00    0.01    0.00    0.00    0.00
   8.210       0    5911       0       0    0.00   -0.76   15.27  146.24   -6.04   10.84      -1      -1      -1       0   16.41  886.94    0.00  912.73    0.00    0.00    0.00    0.00  880.83  161.56  234.76    0.00    0.00    0.00    0.00    0.00    0.02    0.00    0.00
   8.220    4359    5897       0       0    0.74   -0.75   15.23  146.24   -5.97   10.64      -1      -1      -1       0    0.00    0.00  833.93    0.00  863.24  877.88  833.49  838.50    0.00    0.00    0.00   11.89    0.76    0.01    0.00    0.00    0.00    0.00    0.00
   8.230    4353    5894       0       0    0.74   -0.77   15.22  146.24   -5.97   10.59      -1      -1      -1       0   16.37  885.92    0.00  912.42    0.00    0.00    0.00    0.00  878.78  161.74  234.86    0.00    0.00    0.00    0.00    0.00    0.00    0.00    0.00
   8.240       0    5885       0       0    0.00   -0.76   15.22  146.24   -6.06   10.57      -1      -1      -1       0    0.00    0.00  831.40    0.00  862.12  877.30  833.04  838.52    0.00    0.00    0.00   11.41    0.73    0.01    0.01    0.01    0.00    0.00    0.00
   8.250    4342    5864       0       0    0.74   -0.75   15.22  146.24   -6.12   10.57      -1      -1      -1       0   16.15  884.39    0.00  911.71    0.00    0.00    0.00    0.00  878.14  161.79  235.14    0.00    0.00    0.00    0.00    0.00    0.00    0.00    0.00
   8.260    4334    5849       0       0    0.74   -0.75   15.25  146.24   -6.22   10.57      -1      -1      -1       0    0.00    0.00  830.01    0.00  861.38  877.06  832.05  839.07    0.00    0.00    0.00   11.09    0.65    0.01    0.01    0.01    0.00    0.00    0.00
   8.270    4322    5843       0       0    0.74   -0.76   15.29  146.29   -6.28   10.57      -1      -1      -1       0   15.81  881.18    0.00  909.05    0.00    0.00    0.00    0.00  877.15  161.97  235.39    0.00    0.00    0.00    0.00    0.00    0.01    0.00    0.00
   8.280       0    5821       0       0    0.00   -0.76   15.24  146.36   -6.18   10.57      -1      -1      -1       0    0.00    0.00  829.22    0.00  860.11  876.79  830.86  838.84    0.00    0.00    0.00   10.94    0.63    0.01    0.01    0.01    0.00    0.00    0.00
   8.290    4313    5791       0       0    0.74   -0.77   15.13  146.38   -6.17   10.25      -1      -1      -1       0   15.92  878.88    0.00  905.68    0.00    0.00    0.00    0.00  876.37  161.96  235.45    0.00    0.00    0.00    0.00    0.00    0.01    0.00    0.00
   8.300    4299    5742       0       0    0.75   -0.78   15.10  146.39   -6.22   10.00      -1      -1      -1       0    0.00    0.00  827.44    0.00  857.90  875.39  829.52  838.59    0.00    0.00    0.00   10.91    0.61    0.00    0.02    0.01    0.00    0.00    0.00
   8.310       0    5725       0       0    0.00   -0.82   15.16  146.39   -6.36    9.78      -1      -1      -1       0   16.26  876.87    0.00  902.67    0.00    0.00    0.00    0.00  874.67  161.90  235.29    0.00    0.00    0.00    0.00    0.00    0.00    0.00    0.00
   8.320    4289    5698       0       0    0.75   -0.87   15.24  146.44   -6.40   10.05      -1      -1      -1       0    0.00    0.00  826.92    0.00  856.76  873.50  827.67  838.60    0.00    0.00    0.00   11.03    0.61    0.01    0.02    0.02    0.00    0.00    0.00
   8.330    4273    5694       0       0    0.75   -0.96   15.26  146.51   -6.41   10.28      -1      -1      -1       0   16.46  877.81    0.00  902.30    0.00    0.00    0.00    0.00  873.27  161.66  235.08    0.00    0.00    0.00    0.00    0.00    0.01    0.00    0.00
   8.340    4262    5694       0       0    0.75   -1.05   15.26  146.59   -6.41   10.50      -1      -1      -1       0    0.00    0.00  826.46    0.00  853.83  871.94  826.50  837.50    0.00    0.00    0.00   11.39    0.60    0.00    0.00    0.02    0.00    0.00    0.00
   8.350       0    5696       0       0    0.00   -1.12   15.23  146.66   -6.41   10.39      -1      -1      -1       0   16.50  877.22    0.00  902.07    0.00    0.00    0.00    0.00  870.85  161.55  234.94    0.00    0.00    0.00    0.00    0.00    0.02    0.00    0.00
   8.360    4247    5697       0       0    0.75   -1.12   15.16  146.68   -6.41   10.20      -1      -1      -1       0    0.00    0.00  825.51    0.00  853.02  869.90  823.72  836.21    0.00    0.00    0.00   11.35    0.59    0.01    0.00    0.01    0.00    0.00    0.00
   8.370    4236    5697       0       0    0.74   -1.12   15.07  146.69   -6.41    9.99      -1      -1      -1       0   16.50  876.89    0.00  901.37    0.00    0.00    0.00    0.00  868.74  161.69  234.99    0.00    0.00    0.00    0.00    0.00    0.01    0.00    0.00
   8.380       0    5697       0       0    0.00   -1.13   15.02  146.69   -6.41    9.94      -1      -1      -1       0    0.00    0.00  823.73    0.00  851.82  869.18  822.93  833.48    0.00    0.00    0.00   11.14    0.60    0.00    0.00    0.00    0.00    0.00    0.00
   8.390    4222    5681       0       0    0.74   -1.14   15.01  146.69   -6.41    9.92      -1      -1      -1       0   16.44  876.25    0.00  901.11    0.00    0.00    0.00    0.00  866.93  161.83  235.09    0.00    0.00    0.00    0.00    0.00    0.00    0.00    0.00
   8.400    4212    5681       0       0    0.74   -1.13   15.04  146.69   -6.36    9.76      -1      -1      -1       0    0.00    0.00  822.29    0.00  850.52  868.18  822.22  832.68    0.00    0.00    0.00   10.76    0.59    0.01    0.01    0.00    0.00    0.00    0.00
   8.410    4196    5681       0       0    0.74   -1.12   15.04  146.69   -6.33    9.56      -1      -1      -1       0   16.32  875.68    0.00  900.88    0.00    0.00    0.00    0.00  866.14  161.98  235.29    0.00    0.00    0.00    0.00    0.00    0.00    0.00    0.00
   8.420       0    5669       0       0    0.00   -1.14   15.01  146.69   -6.26    9.51      -1      -1      -1       0    0.00    0.00  819.84    0.00  848.67  868.28  821.32  831.98    0.00    0.00    0.00   10.80    0.58    0.01    0.01    0.01    0.00    0.00    0.00
   8.430    4184    5657       0       0    0.74   -1.14   15.01  146.69   -6.17    9.50      -1      -1      -1       0   16.01  874.35    0.00  899.67    0.00    0.00    0.00    0.00  865.63  162.02  235.43    0.00    0.00    0.00    0.00    0.00    0.01    0.00    0.00
   8.440    4167    5636       0       0    0.74   -1.13   15.00  146.69   -6.09    9.49      -1      -1      -1       0    0.00    0.00  818.61    0.00  848.04  868.04  819.80  832.57    0.00    0.00    0.00   10.74    0.57    0.01    0.01    0.01    0.00    0.00    0.00
   8.450       0    5615       0       0    0.00   -1.13   14.94  146.69   -6.05    9.33      -1      -1      -1       0   15.77  873.52    0.00  898.48    0.00    0.00    0.00    0.00  865.37  162.31  235.55    0.00    0.00    0.00    0.00    0.00    0.01    0.00    0.00
   8.460    4154    5615       0       0    0.74   -1.15   14.82  146.69   -6.06    9.29      -1      -1      -1       0    0.00    0.00  816.97    0.00  847.09  867.81  818.41  832.39    0.00    0.00    0.00   10.73    0.57    0.00    0.01    0.01    0.00    0.00    0.00
   8.470    4137    5610       0       0    0.74   -1.15   14.83  146.74   -6.04    9.12      -1      -1      -1       0   15.97  871.74    0.00  896.66    0.00    0.00    0.00    0.00  864.76  162.38  235.84    0.00    0.00    0.00    0.00    0.00    0.01    0.00    0.00
   8.480       0    5609       0       0    0.00   -1.13   14.83  146.81   -5.99    8.75      -1      -1      -1       0    0.00    0.00  816.85    0.00  845.43  867.08  816.47  832.17    0.00    0.00    0.00   10.66    0.60    0.00    0.03    0.01    0.00    0.00    0.00
   8.490    4124    5578       0       0    0.74   -1.13   14.86  146.89   -5.94    8.50      -1      -1      -1       0   16.28  871.21    0.00  894.70    0.00    0.00    0.00    0.00  864.13  162.35  235.74    0.00    0.00    0.00    0.00    0.00    0.01    0.00    0.00
   8.500    4107    5578       0       0    0.74   -1.15   14.84  146.90   -5.91    8.60      -1      -1      -1       0    0.00    0.00  816.50    0.00  844.00  865.54  814.46  830.90    0.00    0.00    0.00   10.97    0.63    0.00    0.02    0.01    0.00    0.00    0.00
   8.510       0    5575       0       0    0.00   -1.15   14.83  146.97   -5.87    8.95      -1      -1      -1       0   16.57  870.30    0.00  893.95    0.00    0.00    0.00    0.00  862.98  162.00  235.54    0.00    0.00    0.00    0.00    0.00    0.00    0.00    0.00
   8.520    4096    5561       0       0    0.74   -1.14   14.80  147.04   -5.82    9.20      -1      -1      -1       0    0.00    0.00  816.25    0.00  841.58  863.73  812.77  829.10    0.00    0.00    0.00   11.11    0.63    0.01    0.00    0.01    0.00    0.00    0.00
   8.530    4079    5546       0       0    0.74   -1.14   14.76  147.11   -5.80    9.26      -1      -1      -1       0   16.55  870.01    0.00  892.05    0.00    0.00    0.00    0.00  861.73  161.91  235.05    0.00    0.00    0.00    0.00    0.00    0.02    0.00    0.00
   8.540       0    5540       0       0    0.00   -1.15   14.71  147.13   -5.83    9.11      -1      -1      -1       0    0.00    0.00  814.93    0.00  840.82  861.71  812.03  825.79    0.00    0.00    0.00   11.14    0.65    0.01    0.00    0.00    0.00    0.00    0.00
   8.550    4066    5540       0       0    0.73   -1.16   14.70  147.14   -5.85    8.91      -1      -1      -1       0   16.46  869.66    0.00  891.07    0.00    0.00    0.00    0.00  860.80  161.95  235.02    0.00    0.00    0.00    0.00    0.00    0.02    0.00    0.00
   8.560    4052    5570       0       0    0.73   -1.14   14.67  147.14   -5.79    8.70      -1      -1      -1       0    0.00    0.00  813.27    0.00  840.18  860.94  811.54  822.97    0.00    0.00    0.00   10.96    0.64    0.01    0.00    0.01    0.00    0.00    0.00
   8.570    4038    5570       0       0    0.72   -1.14   14.63  147.14   -5.67    8.65      -1      -1      -1       0   16.39  868.90    0.00  890.50    0.00    0.00    0.00    0.00  859.91  162.07  235.10    0.00    0.00    0.00    0.00    0.00    0.01    0.00    0.00
   8.580       0    5580       0       0    0.00   -1.14   14.58  147.14   -5.62    8.63      -1      -1      -1       0    0.00    0.00  811.32    0.00  838.99  859.49  811.21  821.74    0.00    0.00    0.00   10.85    0.63    0.01    0.01    0.00    0.00    0.00    0.00
   8.590    4026    5580       0       0    0.72   -1.13   14.57  147.14   -5.59    8.63      -1      -1      -1       0   16.21  867.63    0.00  890.19    0.00    0.00    0.00    0.00  859.55  162.15  235.20    0.00    0.00    0.00    0.00    0.00    0.00    0.00    0.00
   8.600    4014    5568       0       0    0.72   -1.12   14.57  147.14   -5.55    8.63      -1      -1      -1       0    0.00    0.00  809.70    0.00  837.73  859.49  810.89  822.28    0.00    0.00    0.00   10.95    0.61    0.02    0.01    0.01    0.00    0.00    0.00
   8.610       0    5554       0       0    0.00   -1.11   14.54  147.19   -5.52    8.63      -1      -1      -1       0   15.97  865.42    0.00  887.76    0.00    0.00    0.00    0.00  859.30  162.29  235.32    0.00    0.00    0.00    0.00    0.00    0.00    0.00    0.00
   8.620    3999    5544       0       0    0.72   -1.10   14.50  147.21   -5.54    8.63      -1      -1      -1       0    0.00    0.00  808.99    0.00  836.34  859.20  809.65  821.84    0.00    0.00    0.00   11.17    0.64    0.02    0.01    0.01    0.00    0.00    0.00
   8.630    3988    5497       0       0    0.73   -1.09   14.42  147.21   -5.57    8.47      -1      -1      -1       0   15.81  863.37    0.00  885.41    0.00    0.00    0.00    0.00  859.06  162.26  235.52    0.00    0.00    0.00    0.00    0.00    0.01    0.00    0.00
   8.640       0    5471       0       0    0.00   -1.07   14.37  146.93   -5.56    8.26      -1      -1      -1       0    0.00    0.00  807.62    0.00  834.01  858.49  808.44  821.31    0.00    0.00    0.00   11.42    0.65    0.00    0.01    0.01    0.00    0.00    0.00
   8.650    3971    5447       0       0    0.73   -1.06   14.36  146.92   -5.52    8.05      -1      -1      -1       0   16.10  861.61    0.00  882.65    0.00    0.00    0.00    0.00  858.18  162.26  235.74    0.00    0.00    0.00    0.00    0.00    0.01    0.00    0.00
   8.660    3957    5426       0       0    0.73   -1.06   14.39  146.97   -5.50    8.16      -1      -1      -1       0    0.00    0.00  807.20    0.00  833.26  857.14  806.60  820.98    0.00    0.00    0.00   11.55    0.67    0.00    0.01    0.01    0.00    0.00    0.00
   8.670       0    5426       0       0    0.00   -1.06   14.39  147.26   -5.46    8.19      -1      -1      -1       0   16.41  861.75    0.00  881.18    0.00    0.00    0.00    0.00  857.50  162.14  235.62    0.00    0.00    0.00    0.00    0.00    0.01    0.00    0.00
   8.680    3940    5426       0       0    0.73   -1.05   14.36  147.34   -5.40    8.36      -1      -1      -1       0    0.00    0.00  806.85    0.00  831.75  855.83  806.44  819.47    0.00    0.00    0.00   11.84    0.67    0.01    0.01    0.01    0.00    0.00    0.00
   8.690       0    5421       0       0    0.00   -1.05   14.32  147.41   -5.31    8.40      -1      -1      -1       0   16.64  860.98    0.00  881.23    0.00    0.00    0.00    0.00  855.84  162.12  235.42    0.00    0.00    0.00    0.00    0.00    0.01    0.00    0.00
   8.700    3924    5421       0       0    0.72   -1.05   14.28  147.48   -5.27    8.41      -1      -1      -1       0    0.00    0.00  806.47    0.00  831.29  853.50  805.98  817.82    0.00    0.00    0.00   11.79    0.69    0.01    0.00    0.00    0.00    0.00    0.00
   8.710    3905    5407       0       0    0.72   -1.06   14.24  147.56   -5.21    8.41      -1      -1      -1       0   16.61  860.62    0.00  880.42    0.00    0.00    0.00    0.00  854.02  162.11  235.11    0.00    0.00    0.00    0.00    0.00    0.02    0.00    0.00
   8.720       0    5389       0       0    0.00   -1.05   14.23  147.57   -5.26    8.25      -1      -1      -1       0    0.00    0.00  805.19    0.00  830.85  852.77  806.39  816.74    0.00    0.00    0.00   11.64    0.71    0.01    0.00    0.01    0.00    0.00    0.00
   8.730    3889    5349       0       0    0.73   -1.05   14.19  147.58   -5.24    8.21      -1      -1      -1       0   16.55  860.40    0.00  879.98    0.00    0.00    0.00    0.00  853.78  162.16  235.12    0.00    0.00    0.00    0.00    0.00    0.02    0.00    0.00
   8.740    3871    5334       0       0    0.73   -1.05   14.15  147.58   -5.26    8.04      -1      -1      -1       0    0.00    0.00  803.51    0.00  830.37  853.02  806.35  816.19    0.00    0.00    0.00   11.15    0.71    0.01    0.01    0.00    0.00    0.00    0.00
   8.750       0    5330       0       0    0.00   -1.04   14.11  147.58   -5.21    7.99      -1      -1      -1       0   16.44  859.70    0.00  879.73    0.00    0.00    0.00    0.00  852.46  162.29  235.12    0.00    0.00    0.00    0.00    0.00    0.00    0.00    0.00
   8.760    3852    5304       0       0    0.73   -1.04   14.06  147.58   -5.13    7.98      -1      -1      -1       0    0.00    0.00  801.57    0.00  829.19  852.91  806.33  816.34    0.00    0.00    0.00   11.15    0.69    0.01    0.01    0.01    0.00    0.00    0.00
   8.770    3834    5304       0       0    0.72   -1.03   14.02  147.58   -5.07    7.98      -1      -1      -1       0   16.23  858.53    0.00  879.44    0.00    0.00    0.00    0.00  852.15  162.37  235.30    0.00    0.00    0.00    0.00    0.00    0.00    0.00    0.00
   8.780       0    5313       0       0    0.00   -1.04   13.95  147.58   -5.06    7.98      -1      -1      -1       0    0.00    0.00  799.94    0.00  827.95  852.74  805.40  816.04    0.00    0.00    0.00   11.29    0.65    0.01    0.01    0.01    0.00    0.00    0.00
   8.790    3815    5313       0       0    0.72   -1.05   13.93  147.58   -5.09    7.98      -1      -1      -1       0   15.90  856.80    0.00  878.05    0.00    0.00    0.00    0.00  851.82  162.45  235.43    0.00    0.00    0.00    0.00    0.00    0.01    0.00    0.00
   8.800    3797    5299       0       0    0.72   -1.04   13.86  147.58   -5.08    7.82      -1      -1      -1       0    0.00    0.00  799.68    0.00  827.46  852.59  804.40  815.90    0.00    0.00    0.00   11.45    0.64    0.00    0.01    0.01    0.00    0.00    0.00
   8.810       0    5281       0       0    0.00   -1.04   13.74  147.52   -5.11    7.61      -1      -1      -1       0   16.06  855.32    0.00  876.36    0.00    0.00    0.00    0.00  851.44  162.47  235.63    0.00    0.00    0.00    0.00    0.00    0.01    0.00    0.00
   8.820    3777    5249       0       0    0.72   -1.04   13.68  147.57   -5.00    7.56      -1      -1      -1       0    0.00    0.00  798.85    0.00  825.77  852.25  802.69  815.82    0.00    0.00    0.00   11.42    0.66    0.00    0.02    0.01    0.00    0.00    0.00
   8.830       0    5249       0       0    0.00   -1.03   13.67  147.64   -4.94    7.71      -1      -1      -1       0   16.32  853.78    0.00  873.49    0.00    0.00    0.00    0.00  850.20  162.42  235.51    0.00    0.00    0.00    0.00    0.00    0.01    0.00    0.00
   8.840    3759    5249       0       0    0.72   -1.02   13.73  147.77   -4.85    7.91      -1      -1      -1       0    0.00    0.00  798.63    0.00  824.44  850.97  801.24  815.29    0.00    0.00    0.00   11.48    0.67    0.00    0.02    0.02    0.00    0.00    0.00
   8.850    3740    5249       0       0    0.71   -1.01   13.71  147.80   -4.77    7.80      -1      -1      -1       0   16.61  853.17    0.00  873.03    0.00    0.00    0.00    0.00  848.53  162.29  235.39    0.00    0.00    0.00    0.00    0.00    0.01    0.00    0.00
   8.860       0    5269       0       0    0.00   -1.00   13.64  147.81   -4.72    7.61      -1      -1      -1       0    0.00    0.00  798.42    0.00  822.48  849.74  800.16  814.15    0.00    0.00    0.00   11.83    0.68    0.00    0.01    0.02    0.00    0.00    0.00
   8.870    3723    5269       0       0    0.71   -0.99   13.62  147.81   -4.71    7.56      -1      -1      -1       0   16.64  852.74    0.00  872.37    0.00    0.00    0.00    0.00  846.60  162.26  235.10    0.00    0.00    0.00    0.00    0.00    0.01    0.00    0.00
   8.880    3705    5260       0       0    0.70   -0.99   13.59  147.81   -4.70    7.71      -1      -1      -1       0    0.00    0.00  797.26    0.00  821.82  847.89  798.31  812.02    0.00    0.00    0.00   11.78    0.68    0.01    0.00    0.01    0.00    0.00    0.00
   8.890       0    5247       0       0    0.00   -0.98   13.54  147.81   -4.70    7.75      -1      -1      -1       0   16.61  852.53    0.00  872.49    0.00    0.00    0.00    0.00  844.97  162.37  235.12    0.00    0.00    0.00    0.00    0.00    0.01    0.00    0.00
   8.900    3688    5199       0       0    0.71   -0.97   13.50  147.81   -4.72    7.60      -1      -1      -1       0    0.00    0.00  795.36    0.00  821.30  847.73  797.72  809.57    0.00    0.00    0.00   11.51    0.68    0.01    0.00    0.00    0.00    0.00    0.00
   8.910       0    5188       0       0    0.00   -0.96   13.43  147.81   -4.67    7.40      -1      -1      -1       0   16.55  852.29    0.00  872.18    0.00    0.00    0.00    0.00  844.26  162.51  235.21    0.00    0.00    0.00    0.00    0.00    0.00    0.00    0.00
   8.920    3669    5173       0       0    0.71   -0.96   13.37  147.86   -4.56    7.35      -1      -1      -1       0    0.00    0.00  792.50    0.00  820.61  847.77  797.23  808.65    0.00    0.00    0.00   11.05    0.67    0.01    0.01    0.00    0.00    0.00    0.00
   8.930    3651    5173       0       0    0.71   -0.95   13.33  147.93   -4.49    7.33      -1      -1      -1       0   16.39  851.41    0.00  871.92    0.00    0.00    0.00    0.00  844.25  162.60  235.49    0.00    0.00    0.00    0.00    0.00    0.00    0.00    0.00
   8.940       0    5185       0       0    0.00   -0.94   13.28  148.01   -4.55    7.33      -1      -1      -1       0    0.00    0.00  791.99    0.00  819.47  848.38  796.29  809.09    0.00    0.00    0.00   11.07    0.65    0.01    0.01    0.01    0.00    0.00    0.00
   8.950    3634    5185       0       0    0.70   -0.95   13.27  148.02   -4.52    7.33      -1      -1      -1       0   16.06  850.29    0.00  870.65    0.00    0.00    0.00    0.00  844.55  162.62  235.65    0.00    0.00    0.00    0.00    0.00    0.01    0.00    0.00
   8.960       0    5169       0       0    0.00   -0.96   13.21  148.03   -4.49    7.33      -1      -1      -1       0    0.00    0.00  791.32    0.00  818.20  848.20  794.48  809.40    0.00    0.00    0.00   11.13    0.63    0.01    0.01    0.01    0.00    0.00    0.00
   8.970    3615    5123       0       0    0.71   -0.96   13.16  148.03   -4.45    7.33      -1      -1      -1       0   15.86  848.99    0.00  868.88    0.00    0.00    0.00    0.00  844.51  162.85  235.78    0.00    0.00    0.00    0.00    0.00    0.01    0.00    0.00
   8.980    3598    5122       0       0    0.70   -0.99   13.05  147.97   -4.46    7.17      -1      -1      -1       0    0.00    0.00  790.63    0.00  816.82  848.27  793.02  809.08    0.00    0.00    0.00   11.15    0.64    0.00    0.01    0.01    0.00    0.00    0.00
   8.990       0    5122       0       0    0.00   -1.00   13.03  147.96   -4.44    6.80      -1      -1      -1       0   16.17  848.06    0.00  867.37    0.00    0.00    0.00    0.00  844.47  162.85  236.07    0.00    0.00    0.00    0.00    0.00    0.01    0.00    0.00
   9.000    3579    5125       0       0    0.70   -1.01   13.08  148.02   -4.42    6.71      -1      -1      -1       0    0.00    0.00  790.81    0.00  815.39  847.47  791.02  808.99    0.00    0.00    0.00   11.09    0.65    0.00    0.01    0.01    0.00    0.00    0.00
   9.010       0    5165       0       0    0.00   -1.02   13.16  148.14   -4.40    6.85      -1      -1      -1       0   16.48  848.06    0.00  866.26    0.00    0.00    0.00    0.00  843.61  162.80  235.97    0.00    0.00    0.00    0.00    0.00    0.01    0.00    0.00
   9.020    3561    5181       0       0    0.69   -1.01   13.15  148.23   -4.32    7.21      -1      -1      -1       0    0.00    0.00  790.71    0.00  814.82  846.69  789.43  808.47    0.00    0.00    0.00   11.14    0.67    0.01    0.00    0.01    0.00    0.00    0.00
   9.030    3545    5181       0       0    0.68   -1.00   13.11  148.25   -4.28    7.30      -1      -1      -1       0   16.66  846.92    0.00  865.74    0.00    0.00    0.00    0.00  842.16  162.50  235.68    0.00    0.00    0.00    0.00    0.00    0.01    0.00    0.00
   9.040       0    5161       0       0    0.00   -1.00   13.04  148.26   -4.20    7.32      -1      -1      -1       0    0.00    0.00  790.69    0.00  814.42  845.23  788.26  807.82    0.00    0.00    0.00   11.02    0.67    0.01    0.01    0.00    0.00    0.00    0.00
   9.050    3529    5149       0       0    0.69   -0.97   12.99  148.26   -4.19    7.33      -1      -1      -1       0   16.64  846.51    0.00  864.51    0.00    0.00    0.00    0.00  840.40  162.48  235.18    0.00    0.00    0.00    0.00    0.00    0.02    0.00    0.00
   9.060       0    5138       0       0    0.00   -0.93   12.92  148.26   -4.18    7.33      -1      -1      -1       0    0.00    0.00  789.78    0.00  814.21  844.33  788.16  806.69    0.00    0.00    0.00   10.86    0.67    0.01    0.00    0.00    0.00    0.00    0.00
   9.070    3515    5130       0       0    0.69   -0.89   12.90  148.26   -4.20    7.33      -1      -1      -1       0   16.61  846.20    0.00  864.61    0.00    0.00    0.00    0.00  840.66  162.54  235.22    0.00    0.00    0.00    0.00    0.00    0.02    0.00    0.00
   9.080       0    5130       0       0    0.00   -0.89   12.89  148.26   -4.17    7.33      -1      -1      -1       0    0.00    0.00  788.26    0.00  813.98  844.31  787.90  805.88    0.00    0.00    0.00   10.56    0.66    0.01    0.00    0.01    0.00    0.00    0.00
   9.090    3498    5092       0       0    0.69   -0.90   12.89  148.26   -4.09    7.33      -1      -1      -1       0   16.50  845.38    0.00  864.38    0.00    0.00    0.00    0.00  840.29  162.72  235.41    0.00    0.00    0.00    0.00    0.00    0.00    0.00    0.00
   9.100    3481    5077       0       0    0.69   -0.90   12.92  148.26   -4.06    7.33      -1      -1      -1       0    0.00    0.00  786.43    0.00  813.36  843.68  787.79  805.49    0.00    0.00    0.00   10.42    0.63    0.01    0.01    0.01    0.00    0.00    0.00
   9.110       0    5041       0       0    0.00   -0.91   12.87  148.26   -4.00    7.17      -1      -1      -1       0   16.32  843.81    0.00  864.26    0.00    0.00    0.00    0.00  839.92  162.82  235.55    0.00    0.00    0.00    0.00    0.00    0.00    0.00    0.00
   9.120    3463    5026       0       0    0.69   -0.92   12.79  148.26   -3.95    7.13      -1      -1      -1       0    0.00    0.00  784.86    0.00  812.05  843.47  787.21  804.81    0.00    0.00    0.00   10.39    0.61    0.03    0.01    0.01    0.00    0.00    0.00
   9.130       0    5026       0       0    0.00   -0.92   12.67  148.26   -3.96    7.12      -1      -1      -1       0   15.99  842.44    0.00  863.28    0.00    0.00    0.00    0.00  839.77  163.01  235.58    0.00    0.00    0.00    0.00    0.00    0.00    0.00    0.00
   9.140    3445    5052       0       0    0.68   -0.93   12.67  148.26   -3.92    7.11      -1      -1      -1       0    0.00    0.00  784.18    0.00  810.31  843.29  786.16  805.37    0.00    0.00    0.00   10.31    0.62    0.02    0.01    0.01    0.00    0.00    0.00
   9.150    3428    5052       0       0    0.68   -0.92   12.64  148.26   -3.92    6.95      -1      -1      -1       0   15.97  840.95    0.00  862.14    0.00    0.00    0.00    0.00  839.19  162.95  235.67    0.00    0.00    0.00    0.00    0.00    0.01    0.00    0.00
   9.160       0    5050       0       0    0.00   -0.92   12.63  148.26   -3.72    6.59      -1      -1      -1       0    0.00    0.00  783.28    0.00  807.90  842.64  785.05  805.16    0.00    0.00    0.00   10.23    0.64    0.00    0.02    0.01    0.00    0.00    0.00
   9.170    3410    5016       0       0    0.68   -0.91   12.63  148.31   -3.71    6.66      -1      -1      -1       0   16.23  839.92    0.00  860.04    0.00    0.00    0.00    0.00  838.97  162.82  235.78    0.00    0.00    0.00    0.00    0.00    0.01    0.00    0.00
   9.180       0    4999       0       0    0.00   -0.87   12.63  148.38   -3.67    6.67      -1      -1      -1       0    0.00    0.00  782.96    0.00  807.07  841.33  784.16  805.01    0.00    0.00    0.00   10.07    0.65    0.00    0.02    0.02    0.00    0.00    0.00
   9.190    3392    4999       0       0    0.68   -0.82   12.63  148.46   -3.70    6.84      -1      -1      -1       0   16.53  839.42    0.00  858.49    0.00    0.00    0.00    0.00  837.43  162.62  235.72    0.00    0.00    0.00    0.00    0.00    0.01    0.00    0.00
   9.200       0    4999       0       0    0.00   -0.76   12.57  148.47   -3.68    6.88      -1      -1      -1       0    0.00    0.00  782.72    0.00  805.53  839.59  783.76  804.23    0.00    0.00    0.00   10.17    0.63    0.00    0.00    0.02    0.00    0.00    0.00
   9.210    3373    4967       0       0    0.68   -0.74   12.58  148.48   -3.63    6.89      -1      -1      -1       0   16.64  839.11    0.00  858.21    0.00    0.00    0.00    0.00  836.52  162.57  235.45    0.00    0.00    0.00    0.00    0.00    0.01    0.00    0.00
   9.220       0    4932       0       0    0.00   -0.74   12.55  148.54   -3.64    7.06      -1      -1      -1       0    0.00    0.00  781.57    0.00  805.05  838.53  783.05  803.66    0.00    0.00    0.00    9.99    0.61    0.01    0.00    0.00    0.00    0.00    0.00
   9.230    3355    4875       0       0    0.69   -0.75   12.51  148.55   -3.58    6.94      -1      -1      -1       0   16.64  838.89    0.00  856.95    0.00    0.00    0.00    0.00  835.08  162.73  235.12    0.00    0.00    0.00    0.00    0.00    0.02    0.00    0.00
   9.240    3333    4873       0       0    0.68   -0.75   12.44  148.56   -3.63    6.91      -1      -1      -1       0    0.00    0.00  779.62    0.00  804.65  837.97  782.83  801.40    0.00    0.00    0.00    9.82    0.63    0.01    0.01    0.00    0.00    0.00    0.00
   9.250       0    4873       0       0    0.00   -0.76   12.39  148.56   -3.60    6.74      -1      -1      -1       0   16.61  838.68    0.00  856.64    0.00    0.00    0.00    0.00  833.85  162.88  235.12    0.00    0.00    0.00    0.00    0.00    0.02    0.00    0.00
   9.260    3313    4896       0       0    0.68   -0.78   12.34  148.61   -3.59    6.69      -1      -1      -1       0    0.00    0.00  777.65    0.00  804.28  837.19  782.61  800.39    0.00    0.00    0.00    9.45    0.63    0.01    0.01    0.00    0.00    0.00    0.00
   9.270       0    4896       0       0    0.00   -0.80   12.33  148.69   -3.52    6.68      -1      -1      -1       0   16.41  838.08    0.00  856.31    0.00    0.00    0.00    0.00  832.08  163.03  235.38    0.00    0.00    0.00    0.00    0.00    0.00    0.00    0.00
   9.280    3292    4896       0       0    0.67   -0.81   12.33  148.70   -3.47    6.68      -1      -1      -1       0    0.00    0.00  775.97    0.00  803.86  836.93  781.48  801.43    0.00    0.00    0.00    9.42    0.60    0.01    0.01    0.01    0.00    0.00    0.00
   9.290       0    4918       0       0    0.00   -0.80   12.26  148.71   -3.41    6.68      -1      -1      -1       0   16.26  836.80    0.00  855.03    0.00    0.00    0.00    0.00  831.93  163.07  235.71    0.00    0.00    0.00    0.00    0.00    0.01    0.00    0.00
   9.300    3273    4918       0       0    0.67   -0.80   12.18  148.71   -3.34    6.68      -1      -1      -1       0    0.00    0.00  775.24    0.00  803.26  836.71  780.94  800.98    0.00    0.00    0.00    9.35    0.56    0.01    0.01    0.01    0.00    0.00    0.00
   9.310       0    4939       0       0    0.00   -0.79   12.10  148.71   -3.36    6.68      -1      -1      -1       0   15.90  835.52    0.00  853.17    0.00    0.00    0.00    0.00  831.55  163.24  235.87    0.00    0.00    0.00    0.00    0.00    0.00    0.00    0.00
   9.320    3256    4941       0       0    0.66   -0.79   12.11  148.71   -3.31    6.68      -1      -1      -1       0    0.00    0.00  774.76    0.00  802.60  836.46  779.70  800.78    0.00    0.00    0.00    9.27    0.56    0.00    0.01    0.01    0.00    0.00    0.00
   9.330       0    4941       0       0    0.00   -0.78   12.01  148.65   -3.27    6.52      -1      -1      -1       0   16.01  833.66    0.00  851.64    0.00    0.00    0.00    0.00  831.44  163.23  236.00    0.00    0.00    0.00    0.00    0.00    0.01    0.00    0.00
   9.340    3239    4905       0       0    0.66   -0.78   11.99  148.69   -3.00    6.48      -1      -1      -1       0    0.00    0.00  775.17    0.00  800.93  836.32  778.85  800.66    0.00    0.00    0.00    9.12    0.56    0.00    0.02    0.01    0.00    0.00    0.00
   9.350    3222    4894       0       0    0.66   -0.77   11.98  148.76   -2.98    6.47      -1      -1      -1       0   16.37  833.03    0.00  850.06    0.00    0.00    0.00    0.00  830.89  163.17  235.78    0.00    0.00    0.00    0.00    0.00    0.01    0.00    0.00
   9.360       0    4894       0       0    0.00   -0.75   12.08  148.89   -2.92    6.63      -1      -1      -1       0    0.00    0.00  775.01    0.00  800.34  835.55  777.87  800.26    0.00    0.00    0.00    9.14    0.58    0.01    0.02    0.02    0.00    0.00    0.00
   9.370    3205    4930       0       0    0.65   -0.73   12.07  148.92   -3.07    6.67      -1      -1      -1       0   16.64  832.53    0.00  849.44    0.00    0.00    0.00    0.00  829.86  162.93  235.46    0.00    0.00    0.00    0.00    0.00    0.01    0.00    0.00
   9.380       0    4930       0       0    0.00   -0.68   12.03  148.93   -2.93    6.68      -1      -1      -1       0    0.00    0.00  774.96    0.00  798.73  834.02  776.81  799.32    0.00    0.00    0.00    9.41    0.58    0.01    0.01    0.02    0.00    0.00    0.00
   9.390    3190    4927       0       0    0.65   -0.66   11.96  148.93   -2.78    6.68      -1      -1      -1       0   16.66  832.76    0.00  849.48    0.00    0.00    0.00    0.00  828.19  162.93  235.12    0.00    0.00    0.00    0.00    0.00    0.01    0.00    0.00
   9.400       0    4895       0       0    0.00   -0.65   11.91  148.93   -2.71    6.68      -1      -1      -1       0    0.00    0.00  774.47    0.00  798.74  832.66  775.90  798.39    0.00    0.00    0.00    9.28    0.59    0.01    0.00    0.00    0.00    0.00    0.00
   9.410    3175    4895       0       0    0.65   -0.66   11.83  148.93   -2.73    6.68      -1      -1      -1       0   16.66  832.61    0.00  849.50    0.00    0.00    0.00    0.00  826.75  162.98  235.21    0.00    0.00    0.00    0.00    0.00    0.01    0.00    0.00
   9.420       0    4918       0       0    0.00   -0.65   11.75  148.93   -2.83    6.68      -1      -1      -1       0    0.00    0.00  773.96    0.00  798.42  832.98  775.51  797.57    0.00    0.00    0.00    8.92    0.58    0.01    0.00    0.01    0.00    0.00    0.00
   9.430    3160    4918       0       0    0.64   -0.64   11.73  148.93   -2.74    6.68      -1      -1      -1       0   16.57  832.43    0.00  849.38    0.00    0.00    0.00    0.00  825.68  163.11  235.41    0.00    0.00    0.00    0.00    0.00    0.01    0.00    0.00
   9.440       0    4902       0       0    0.00   -0.64   11.72  148.93   -2.77    6.68      -1      -1      -1       0    0.00    0.00  772.85    0.00  798.16  832.32  775.17  796.77    0.00    0.00    0.00    8.37    0.58    0.01    0.01    0.00    0.00    0.00    0.00
   9.450    3144    4862       0       0    0.65   -0.64   11.72  148.93   -2.72    6.68      -1      -1      -1       0   16.35  832.31    0.00  849.36    0.00    0.00    0.00    0.00  825.17  163.20  235.54    0.00    0.00    0.00    0.00    0.00    0.00    0.00    0.00
   9.460       0    4862       0       0    0.00   -0.64   11.66  148.93   -2.84    6.68      -1      -1      -1       0    0.00    0.00  771.18    0.00  797.34  832.09  774.84  796.63    0.00    0.00    0.00    8.37    0.55    0.01    0.01    0.01    0.00    0.00    0.00
   9.470    3128    4862       0       0    0.64   -0.62   11.64  148.93   -2.76    6.68      -1      -1      -1       0   16.17  831.97    0.00  848.89    0.00    0.00    0.00    0.00  824.86  163.27  235.66    0.00    0.00    0.00    0.00    0.00    0.00    0.00    0.00
   9.480       0    4873       0       0    0.00   -0.63   11.63  148.93   -2.74    6.68      -1      -1      -1       0    0.00    0.00  770.17    0.00  796.23  831.91  773.28  796.73    0.00    0.00    0.00    8.43    0.54    0.01    0.01    0.01    0.00    0.00    0.00
   9.490    3113    4873       0       0    0.64   -0.64   11.60  148.93   -2.62    6.68      -1      -1      -1       0   15.92  830.94    0.00  848.30    0.00    0.00    0.00    0.00  824.24  163.52  235.78    0.00    0.00    0.00    0.00    0.00    0.00    0.00    0.00
   9.500       0    4836       0       0    0.00   -0.64   11.43  148.93   -2.70    6.52      -1      -1      -1       0    0.00    0.00  768.73    0.00  794.04  831.31  771.44  796.56    0.00    0.00    0.00    8.45    0.52    0.00    0.01    0.01    0.00    0.00    0.00
   9.510    3096    4836       0       0    0.64   -0.63   11.39  148.99   -2.68    6.31      -1      -1      -1       0   16.15  829.74    0.00  846.74    0.00    0.00    0.00    0.00  824.06  163.47  236.24    0.00    0.00    0.00    0.00    0.00    0.01    0.00    0.00
   9.520       0    4836       0       0    0.00   -0.64   11.41  149.06   -2.69    6.26      -1      -1      -1       0    0.00    0.00  768.69    0.00  792.92  830.04  769.41  796.38    0.00    0.00    0.00    8.32    0.53    0.00    0.01    0.01    0.00    0.00    0.00
   9.530    3080    4840       0       0    0.64   -0.63   11.51  149.13   -2.51    6.41      -1      -1      -1       0   16.44  829.22    0.00  845.41    0.00    0.00    0.00    0.00  823.45  163.40  236.19    0.00    0.00    0.00    0.00    0.00    0.01    0.00    0.00
   9.540       0    4840       0       0    0.00   -0.62   11.51  149.15   -2.51    6.61      -1      -1      -1       0    0.00    0.00  768.40    0.00  791.81  828.76  768.18  796.75    0.00    0.00    0.00    8.29    0.54    0.00    0.00    0.01    0.00    0.00    0.00
   9.550    3064    4829       0       0    0.63   -0.61   11.47  149.16   -2.48    6.66      -1      -1      -1       0   16.66  828.28    0.00  845.28    0.00    0.00    0.00    0.00  822.79  163.10  236.00    0.00    0.00    0.00    0.00    0.00    0.01    0.00    0.00
   9.560    3048    4800       0       0    0.63   -0.61   11.43  149.16   -2.54    6.68      -1      -1      -1       0    0.00    0.00  768.33    0.00  791.82  827.80  767.07  796.33    0.00    0.00    0.00    8.15    0.75    0.01    0.01    0.00    0.00    0.00    0.00
   9.570       0    4800       0       0    0.00   -0.60   11.42  149.16   -2.40    6.68      -1      -1      -1       0   16.64  828.44    0.00  844.09    0.00    0.00    0.00    0.00  821.15  163.09  235.52    0.00    0.00    0.00    0.00    0.00    0.02    0.00    0.00
   9.580    3031    4806       0       0    0.63   -0.59   11.39  149.16   -2.40    6.68      -1      -1      -1       0    0.00    0.00  768.26    0.00  791.59  827.35  767.06  795.49    0.00    0.00    0.00    7.99    1.12    0.01    0.00    0.00    0.00    0.00    0.00
   9.590       0    4806       0       0    0.00   -0.59   11.38  149.16   -2.37    6.68      -1      -1      -1       0   16.61  828.29    0.00  843.82    0.00    0.00    0.00    0.00  820.57  163.14  235.57    0.00    0.00    0.00    0.00    0.00    0.02    0.00    0.00
   9.600    3015    4803       0       0    0.63   -0.59   11.34  149.16   -2.45    6.68      -1      -1      -1       0    0.00    0.00  767.78    0.00  791.33  827.07  766.83  794.37    0.00    0.00    0.00    7.62    1.37    0.01    0.01    0.01    0.00    0.00    0.00
   9.610       0    4762       0       0    0.00   -0.58   11.30  149.16   -2.43    6.68      -1      -1      -1       0   16.57  828.15    0.00  843.53    0.00    0.00    0.00    0.00  818.53  163.20  235.75    0.00    0.00    0.00    0.00    0.00    0.01    0.00    0.00
   9.620    3000    4762       0       0    0.63   -0.58   11.23  149.16   -2.49    6.68      -1      -1      -1       0    0.00    0.00  766.32    0.00  791.23  826.47  766.57  794.42    0.00    0.00    0.00    7.33    1.31    0.01    0.01    0.01    0.00    0.00    0.00
   9.630       0    4776       0       0    0.00   -0.59   11.17  149.16   -2.48    6.68      -1      -1      -1       0   16.30  827.98    0.00  843.29    0.00    0.00    0.00    0.00  818.00  163.33  235.80    0.00    0.00    0.00    0.00    0.00    0.00    0.00    0.00
   9.640    2982    4776       0       0    0.62   -0.60   11.13  149.16   -2.41    6.68      -1      -1      -1       0    0.00    0.00  764.58    0.00  790.48  825.85  766.01  794.04    0.00    0.00    0.00    7.20    1.00    0.02    0.01    0.01    0.00    0.00    0.00
   9.650       0    4746       0       0    0.00   -0.60   11.12  149.16   -2.26    6.68      -1      -1      -1       0   16.06  827.12    0.00  842.41    0.00    0.00    0.00    0.00  817.49  163.48  235.81    0.00    0.00    0.00    0.00    0.00    0.00    0.00    0.00
   9.660    2965    4734       0       0    0.63   -0.60   11.02  149.16   -2.24    6.68      -1      -1      -1       0    0.00    0.00  763.94    0.00  789.41  825.60  764.91  794.20    0.00    0.00    0.00    7.23    0.82    0.02    0.01    0.01    0.00    0.00    0.00
   9.670       0    4734       0       0    0.00   -0.60   10.96  149.16   -2.23    6.52      -1      -1      -1       0   15.94  825.71    0.00  841.29    0.00    0.00    0.00    0.00  816.99  163.46  235.99    0.00    0.00    0.00    0.00    0.00    0.01    0.00    0.00
   9.680       0    4734       0       0    0.00   -0.60   10.94  149.16   -2.28    6.31      -1      -1      -1       0    0.00    0.00  762.11    0.00  787.70  824.48  763.04  794.00    0.00    0.00    0.00    7.30    0.78    0.00    0.02    0.01    0.00    0.00    0.00
   9.690    2949    4734       0       0    0.62   -0.60   11.01  149.21   -2.22    6.26      -1      -1      -1       0   16.28  824.80    0.00  839.99    0.00    0.00    0.00    0.00  816.63  163.40  236.21    0.00    0.00    0.00    0.00    0.00    0.01    0.00    0.00
   9.700       0    4694       0       0    0.00   -0.59   11.05  149.28   -2.24    6.41      -1      -1      -1       0    0.00    0.00  762.07    0.00  786.20  823.35  761.55  793.92    0.00    0.00    0.00    7.12    0.92    0.00    0.02    0.02    0.00    0.00    0.00
   9.710    2932    4694       0       0    0.62   -0.57   11.07  149.36   -2.22    6.61      -1      -1      -1       0   16.55  825.24    0.00  839.05    0.00    0.00    0.00    0.00  816.41  163.27  236.09    0.00    0.00    0.00    0.00    0.00    0.01    0.00    0.00
   9.720       0    4696       0       0    0.00   -0.56   11.04  149.37   -2.18    6.66      -1      -1      -1       0    0.00    0.00  761.24    0.00  784.70  822.45  760.88  793.82    0.00    0.00    0.00    6.95    1.25    0.00    0.00    0.02    0.00    0.00    0.00
   9.730    2912    4696       0       0    0.62   -0.55   10.96  149.38   -2.13    6.68      -1      -1      -1       0   16.68  824.04    0.00  838.15    0.00    0.00    0.00    0.00  816.19  163.29  235.80    0.00    0.00    0.00    0.00    0.00    0.01    0.00    0.00
   9.740       0    4692       0       0    0.00   -0.54   10.88  149.38   -2.12    6.68      -1      -1      -1       0    0.00    0.00  761.07    0.00  784.55  821.15  760.89  793.08    0.00    0.00    0.00    6.58    1.67    0.01    0.00    0.00    0.00    0.00    0.00
   9.750    2894    4650       0       0    0.62   -0.53   10.83  149.38   -2.06    6.68      -1      -1      -1       0   16.66  824.16    0.00  837.33    0.00    0.00    0.00    0.00  815.14  163.36  235.55    0.00    0.00    0.00    0.00    0.00    0.02    0.00    0.00
   9.760       0    4650       0       0    0.00   -0.53   10.81  149.38   -1.97    6.68      -1      -1      -1       0    0.00    0.00  759.97    0.00  784.22  820.71  760.76  792.00    0.00    0.00    0.00    6.16    1.94    0.01    0.00    0.00    0.00    0.00    0.00
   9.770    2875    4656       0       0    0.62   -0.53   10.78  149.38   -1.92    6.68      -1      -1      -1       0   16.59  823.94    0.00  836.99    0.00    0.00    0.00    0.00  813.94  163.43  235.67    0.00    0.00    0.00    0.00    0.00    0.02    0.00    0.00
   9.780       0    4656       0       0    0.00   -0.53   10.70  149.38   -2.00    6.68      -1      -1      -1       0    0.00    0.00  758.78    0.00  783.82  819.91  760.63  790.71    0.00    0.00    0.00    5.66    1.81    0.01    0.00    0.01    0.00    0.00    0.00
   9.790    2856    4630       0       0    0.62   -0.54   10.69  149.38   -2.01    6.68      -1      -1      -1       0   16.50  823.77    0.00  836.76    0.00    0.00    0.00    0.00  812.40  163.50  235.78    0.00    0.00    0.00    0.00    0.00    0.00    0.00    0.00
   9.800       0    4630       0       0    0.00   -0.55   10.68  149.38   -2.01    6.68      -1      -1      -1       0    0.00    0.00  757.00    0.00  784.25  819.66  760.47  790.99    0.00    0.00    0.00    5.47    1.46    0.01    0.01    0.01    0.00    0.00    0.00
   9.810    2836    4647       0       0    0.61   -0.56   10.68  149.44   -1.89    6.68      -1      -1      -1       0   16.19  822.79    0.00  836.06    0.00    0.00    0.00    0.00  811.85  163.58  235.89    0.00    0.00    0.00    0.00    0.00    0.00    0.00    0.00
   9.820       0    4647       0       0    0.00   -0.55   10.58  149.51   -1.93    6.68      -1      -1      -1       0    0.00    0.00  755.96    0.00  783.59  819.45  760.39  790.12    0.00    0.00    0.00    5.55    1.05    0.01    0.01    0.01    0.00    0.00    0.00
   9.830    2817    4645       0       0    0.61   -0.55   10.49  149.58   -1.86    6.68      -1      -1      -1       0   15.97  821.64    0.00  834.91    0.00    0.00    0.00    0.00  811.43  163.76  236.01    0.00    0.00    0.00    0.00    0.00    0.00    0.00    0.00
   9.840       0    4610       0       0    0.00   -0.56   10.41  149.55   -1.87    6.52      -1      -1      -1       0    0.00    0.00  755.39    0.00  782.56  819.35  759.52  790.19    0.00    0.00    0.00    5.64    0.77    0.00    0.01    0.01    0.00    0.00    0.00
   9.850    2797    4610       0       0    0.61   -0.54   10.32  149.48   -1.73    6.31      -1      -1      -1       0   16.03  819.52    0.00  833.39    0.00    0.00    0.00    0.00  811.24  163.75  236.30    0.00    0.00    0.00    0.00    0.00    0.01    0.00    0.00
   9.860       0    4610       0       0    0.00   -0.54   10.30  149.46   -1.74    6.26      -1      -1      -1       0    0.00    0.00  755.52    0.00  782.22  819.22  758.39  790.03    0.00    0.00    0.00    5.59    0.56    0.00    0.02    0.01    0.00    0.00    0.00
   9.870    2778    4607       0       0    0.60   -0.53   10.32  149.52   -1.76    6.41      -1      -1      -1       0   16.35  819.32    0.00  831.95    0.00    0.00    0.00    0.00  811.12  163.70  236.29    0.00    0.00    0.00    0.00    0.00    0.01    0.00    0.00
   9.880       0    4576       0       0    0.00   -0.53   10.40  149.59   -1.80    6.61      -1      -1      -1       0    0.00    0.00  755.24    0.00  781.45  818.24  757.53  789.90    0.00    0.00    0.00    5.45    0.44    0.00    0.02    0.02    0.00    0.00    0.00
   9.890       0    4576       0       0    0.00   -0.52   10.41  149.60   -1.70    6.66      -1      -1      -1       0   16.64  818.85    0.00  831.36    0.00    0.00    0.00    0.00  811.05  163.46  236.20    0.00    0.00    0.00    0.00    0.00    0.01    0.00    0.00
   9.900    2758    4593       0       0    0.60   -0.51   10.39  149.61   -1.64    6.68      -1      -1      -1       0    0.00    0.00  755.10    0.00  780.86  818.00  756.96  789.39    0.00    0.00    0.00    5.62    0.35    0.01    0.01    0.02    0.00    0.00    0.00
   9.910       0    4593       0       0    0.00   -0.50   10.31  149.61   -1.61    6.68      -1      -1      -1       0   16.68  819.08    0.00  831.39    0.00    0.00    0.00    0.00  810.12  163.40  235.83    0.00    0.00    0.00    0.00    0.00    0.01    0.00    0.00
   9.920    2738    4557       0       0    0.60   -0.51   10.26  149.66   -1.60    6.68      -1      -1      -1       0    0.00    0.00  755.02    0.00  780.58  816.83  756.15  788.93    0.00    0.00    0.00    5.33    0.51    0.01    0.00    0.00    0.00    0.00    0.00
   9.930       0    4557       0       0    0.00   -0.51   10.25  149.73   -1.55    6.68      -1      -1      -1       0   16.70  818.90    0.00  831.44    0.00    0.00    0.00    0.00  809.47  163.44  235.91    0.00    0.00    0.00    0.00    0.00    0.01    0.00    0.00
   9.940    2717    4586       0       0    0.59   -0.51   10.25  149.75   -1.45    6.68      -1      -1      -1       0    0.00    0.00  754.94    0.00  780.36  816.35  755.88  788.28    0.00    0.00    0.00    4.99    0.86    0.01    0.00    0.01    0.00    0.00    0.00
   9.950       0    4586       0       0    0.00   -0.52   10.21  149.70   -1.41    6.68      -1      -1      -1       0   16.64  818.78    0.00  831.33    0.00    0.00    0.00    0.00  808.25  163.62  236.01    0.00    0.00    0.00    0.00    0.00    0.01    0.00    0.00
   9.960    2696    4551       0       0    0.59   -0.52   10.14  149.69   -1.42    6.68      -1      -1      -1       0    0.00    0.00  754.34    0.00  779.69  815.02  755.66  787.61    0.00    0.00    0.00    4.32    1.28    0.01    0.01    0.00    0.00    0.00    0.00
   9.970       0    4551       0       0    0.00   -0.53   10.09  149.74   -1.47    6.68      -1      -1      -1       0   16.39  818.67    0.00  831.31    0.00    0.00    0.00    0.00  808.32  163.83  236.21    0.00    0.00    0.00    0.00    0.00    0.00    0.00    0.00
   9.980    2676    4561       0       0    0.59   -0.53   10.05  149.81   -1.48    6.68      -1      -1      -1       0    0.00    0.00  752.86    0.00  779.45  814.66  755.41  787.35    0.00    0.00    0.00    4.29    1.49    0.01    0.01    0.01    0.00    0.00    0.00
   9.990       0    4561       0       0    0.00   -0.52   10.03  149.82   -1.46    6.68      -1      -1      -1       0   16.30  817.91    0.00  830.85    0.00    0.00    0.00    0.00  808.10  163.94  236.35    0.00    0.00    0.00    0.00    0.00    0.00    0.00    0.00
  10.000       0    4526       0       0    0.00   -0.52   10.00  149.83   -1.46    6.68      -1      -1      -1       0    0.00    0.00  752.44    0.00  778.14  814.32  754.36  786.23    0.00    0.00    0.00    4.28    1.46    0.01    0.01    0.01    0.00    0.00    0.00
  10.010    2654    4526       0       0    0.59   -0.51    9.96  149.83   -1.45    6.68      -1      -1      -1       0   15.90  816.81    0.00  829.82    0.00    0.00    0.00    0.00  807.97  164.19  236.47    0.00    0.00    0.00    0.00    0.00    0.00    0.00    0.00
  10.020       0    4529       0       0    0.00   -0.50    9.85  149.77   -1.42    6.52      -1      -1      -1       0    0.00    0.00  751.16    0.00  777.39  814.09  752.96  785.37    0.00    0.00    0.00    4.27    1.32    0.00    0.01    0.01    0.00    0.00    0.00
  10.030    2634    4529       0       0    0.58   -0.49    9.85  149.76   -1.34    6.15      -1      -1      -1       0   16.19  815.97    0.00  828.63    0.00    0.00    0.00    0.00  807.45  164.20  236.94    0.00    0.00    0.00    0.00    0.00    0.01    0.00    0.00
  10.040       0    4500       0       0    0.00   -0.49    9.86  149.76   -1.32    6.06      -1      -1      -1       0    0.00    0.00  751.27    0.00  776.52  813.61  751.11  784.92    0.00    0.00    0.00    4.21    1.13    0.00    0.02    0.01    0.00    0.00    0.00
  10.050    2611    4500       0       0    0.58   -0.48    9.92  149.81   -1.35    6.20      -1      -1      -1       0   16.48  815.42    0.00  827.28    0.00    0.00    0.00    0.00  807.29  164.14  236.88    0.00    0.00    0.00    0.00    0.00    0.01    0.00    0.00
  10.060       0    4500       0       0    0.00   -0.48    9.91  149.83   -1.43    6.56      -1      -1      -1       0    0.00    0.00  751.04    0.00  776.39  813.47  750.02  784.88    0.00    0.00    0.00    4.32    0.95    0.01    0.02    0.01    0.00    0.00    0.00
  10.070       0    4491       0       0    0.00   -0.48    9.90  149.83   -1.42    6.65      -1      -1      -1       0   16.70  814.21    0.00  826.77    0.00    0.00    0.00    0.00  806.38  163.79  236.78    0.00    0.00    0.00    0.00    0.00    0.01    0.00    0.00
  10.080    2589    4467       0       0    0.58   -0.48    9.90  149.83   -1.35    6.67      -1      -1      -1       0    0.00    0.00  750.76    0.00  775.10  812.45  749.43  783.88    0.00    0.00    0.00    4.29    0.80    0.01    0.01    0.00    0.00    0.00    0.00
  10.090       0    4467       0       0    0.00   -0.49    9.87  149.88   -1.26    6.68      -1      -1      -1       0   16.73  813.86    0.00  825.50    0.00    0.00    0.00    0.00  804.81  163.76  236.32    0.00    0.00    0.00    0.00    0.00    0.02    0.00    0.00
  10.100    2566    4491       0       0    0.57   -0.49    9.83  149.95   -1.20    6.68      -1      -1      -1       0    0.00    0.00  750.66    0.00  774.68  811.32  749.28  782.32    0.00    0.00    0.00    4.15    0.70    0.01    0.00    0.00    0.00    0.00    0.00
  10.110       0    4491       0       0    0.00   -0.49    9.78  149.97   -1.20    6.68      -1      -1      -1       0   16.61  813.54    0.00  825.59    0.00    0.00    0.00    0.00  804.32  163.81  236.29    0.00    0.00    0.00    0.00    0.00    0.02    0.00    0.00
  10.120    2543    4460       0       0    0.57   -0.49    9.77  149.98   -1.13    6.68      -1      -1      -1       0    0.00    0.00  750.56    0.00  774.31  810.88  748.91  780.91    0.00    0.00    0.00    3.78    0.64    0.01    0.00    0.00    0.00    0.00    0.00
  10.130       0    4460       0       0    0.00   -0.50    9.74  149.98   -1.12    6.68      -1      -1      -1       0   16.57  813.16    0.00  825.36    0.00    0.00    0.00    0.00  803.00  163.99  236.28    0.00    0.00    0.00    0.00    0.00    0.01    0.00    0.00
  10.140       0    4472       0       0    0.00   -0.49    9.70  150.03   -1.03    6.68      -1      -1      -1       0    0.00    0.00  749.56    0.00  774.34  809.67  748.69  781.20    0.00    0.00    0.00    3.63    0.65    0.01    0.01    0.00    0.00    0.00    0.00
  10.150    2521    4472       0       0    0.56   -0.49    9.65  150.05   -0.99    6.68      -1      -1      -1       0   16.35  812.95    0.00  825.08    0.00    0.00    0.00    0.00  802.64  164.09  236.37    0.00    0.00    0.00    0.00    0.00    0.00    0.00    0.00
  10.160       0    4441       0       0    0.00   -0.48    9.64  150.05   -1.00    6.68      -1      -1      -1       0    0.00    0.00  747.98    0.00  773.29  809.34  748.54  780.66    0.00    0.00    0.00    3.65    0.69    0.03    0.01    0.01    0.00    0.00    0.00
  10.170    2498    4435       0       0    0.56   -0.47    9.64  150.05   -0.97    6.68      -1      -1      -1       0   16.03  812.32    0.00  824.98    0.00    0.00    0.00    0.00  802.76  164.23  236.56    0.00    0.00    0.00    0.00    0.00    0.00    0.00    0.00
  10.180       0    4435       0       0    0.00   -0.46    9.61  150.05   -0.98    6.52      -1      -1      -1       0    0.00    0.00  747.89    0.00  772.11  809.04  748.20  780.78    0.00    0.00    0.00    3.79    0.73    0.02    0.01    0.01    0.00    0.00    0.00
  10.190       0    4435       0       0    0.00   -0.45    9.53  149.99   -1.01    6.31      -1      -1      -1       0   15.83  811.62    0.00  824.43    0.00    0.00    0.00    0.00  802.47  164.43  236.88    0.00    0.00    0.00    0.00    0.00    0.01    0.00    0.00
  10.200    2476    4405       0       0    0.56   -0.45    9.48  149.93   -1.04    5.94      -1      -1      -1       0    0.00    0.00  747.02    0.00  771.22  808.46  747.20  780.60    0.00    0.00    0.00    3.89    0.72    0.00    0.02    0.01    0.00    0.00    0.00
  10.210       0    4405       0       0    0.00   -0.45    9.47  149.91   -1.06    6.01      -1      -1      -1       0   16.23  810.87    0.00  823.34    0.00    0.00    0.00    0.00  802.36  164.43  237.04    0.00    0.00    0.00    0.00    0.00    0.01    0.00    0.00
  10.220    2452    4409       0       0    0.56   -0.45    9.50  149.96   -1.01    6.19      -1      -1      -1       0    0.00    0.00  747.28    0.00  771.05  807.83  746.03  780.54    0.00    0.00    0.00    3.85    0.68    0.00    0.02    0.01    0.00    0.00    0.00
  10.230       0    4409       0       0    0.00   -0.45    9.51  150.03   -0.94    6.56      -1      -1      -1       0   16.59  810.00    0.00  822.99    0.00    0.00    0.00    0.00  801.83  164.26  236.91    0.00    0.00    0.00    0.00    0.00    0.01    0.00    0.00
  10.240    2429    4387       0       0    0.55   -0.46    9.48  150.04   -0.90    6.65      -1      -1      -1       0    0.00    0.00  747.16    0.00  770.27  806.69  746.05  780.41    0.00    0.00    0.00    3.91    0.58    0.01    0.00    0.01    0.00    0.00    0.00
  10.250       0    4387       0       0    0.00   -0.47    9.44  150.05   -0.86    6.67      -1      -1      -1       0   16.66  808.95    0.00  822.14    0.00    0.00    0.00    0.00  801.21  163.88  236.61    0.00    0.00    0.00    0.00    0.00    0.01    0.00    0.00
  10.260       0    4397       0       0    0.00   -0.47    9.39  150.05   -0.87    6.68      -1      -1      -1       0    0.00    0.00  747.00    0.00  770.08  805.88  745.67  780.09    0.00    0.00    0.00    3.85    0.51    0.01    0.00    0.00    0.00    0.00    0.00
  10.270    2405    4397       0       0    0.55   -0.47    9.38  150.05   -0.87    6.68      -1      -1      -1       0   16.66  808.57    0.00  821.46    0.00    0.00    0.00    0.00  800.06  163.84  236.45    0.00    0.00    0.00    0.00    0.00    0.02    0.00    0.00
  10.280       0    4393       0       0    0.00   -0.47    9.38  150.05   -0.87    6.68      -1      -1      -1       0    0.00    0.00  746.51    0.00  769.88  805.49  745.37  779.54    0.00    0.00    0.00    3.71    0.48    0.01    0.00    0.00    0.00    0.00    0.00
  10.290    2379    4393       0       0    0.54   -0.46    9.38  150.05   -0.92    6.68      -1      -1      -1       0   16.66  808.29    0.00  821.16    0.00    0.00    0.00    0.00  799.60  163.94  236.59    0.00    0.00    0.00    0.00    0.00    0.02    0.00    0.00
  10.300       0    4381       0       0    0.00   -0.46    9.35  150.05   -0.93    6.68      -1      -1      -1       0    0.00    0.00  745.65    0.00  769.32  804.81  745.23  777.98    0.00    0.00    0.00    3.42    0.53    0.01    0.01    0.00    0.00    0.00    0.00
  10.310       0    4347       0       0    0.00   -0.44    9.27  150.05   -0.90    6.52      -1      -1      -1       0   16.39  808.15    0.00  820.50    0.00    0.00    0.00    0.00  798.41  164.19  236.79    0.00    0.00    0.00    0.00    0.00    0.00    0.00    0.00
  10.320    2353    4347       0       0    0.54   -0.43    9.22  150.05   -0.81    6.31      -1      -1      -1       0    0.00    0.00  744.03    0.00  768.68  804.47  745.07  778.14    0.00    0.00    0.00    3.34    0.60    0.01    0.01    0.01    0.00    0.00    0.00
  10.330       0    4358       0       0    0.00   -0.43    9.21  150.11   -0.74    6.10      -1      -1      -1       0   16.19  807.14    0.00  820.17    0.00    0.00    0.00    0.00  798.08  164.31  236.93    0.00    0.00    0.00    0.00    0.00    0.00    0.00    0.00
  10.340       0    4358       0       0    0.00   -0.44    9.21  150.18   -0.76    6.05      -1      -1      -1       0    0.00    0.00  742.64    0.00  767.61  804.64  744.50  777.11    0.00    0.00    0.00    3.45    0.62    0.01    0.01    0.01    0.00    0.00    0.00
  10.350    2325    4325       0       0    0.54   -0.43    9.17  150.20   -0.79    6.03      -1      -1      -1       0   15.94  806.04    0.00  819.46    0.00    0.00    0.00    0.00  797.77  164.51  237.06    0.00    0.00    0.00    0.00    0.00    0.00    0.00    0.00
  10.360       0    4325       0       0    0.00   -0.43    9.10  150.14   -0.85    6.03      -1      -1      -1       0    0.00    0.00  742.03    0.00  766.82  804.47  743.52  777.52    0.00    0.00    0.00    3.55    0.56    0.00    0.01    0.01    0.00    0.00    0.00
  10.370    2298    4338       0       0    0.53   -0.44    9.02  150.07   -0.85    6.03      -1      -1      -1       0   15.99  805.62    0.00  818.11    0.00    0.00    0.00    0.00  797.65  164.45  237.35    0.00    0.00    0.00    0.00    0.00    0.01    0.00    0.00
  10.380       0    4338       0       0    0.00   -0.44    9.00  150.11   -0.83    6.03      -1      -1      -1       0    0.00    0.00  742.08    0.00  765.55  804.32  742.30  777.40    0.00    0.00    0.00    3.57    0.45    0.00    0.01    0.01    0.00    0.00    0.00
  10.390       0    4332       0       0    0.00   -0.44    8.99  150.18   -0.81    6.19      -1      -1      -1       0   16.39  804.86    0.00  816.80    0.00    0.00    0.00    0.00  797.11  164.37  237.33    0.00    0.00    0.00    0.00    0.00    0.01    0.00    0.00
  10.400    2272    4332       0       0    0.52   -0.44    8.99  150.26   -0.74    6.40      -1      -1      -1       0    0.00    0.00  741.81    0.00  765.92  803.84  741.41  777.28    0.00    0.00    0.00    3.51    0.37    0.00    0.01    0.02    0.00    0.00    0.00
  10.410       0    4328       0       0    0.00   -0.44    8.96  150.27   -0.71    6.61      -1      -1      -1       0   16.66  804.54    0.00  816.27    0.00    0.00    0.00    0.00  796.53  164.13  237.15    0.00    0.00    0.00    0.00    0.00    0.01    0.00    0.00
  10.420    2245    4296       0       0    0.52   -0.44    8.95  150.28   -0.65    6.66      -1      -1      -1       0    0.00    0.00  741.65    0.00  765.13  803.26  741.89  777.19    0.00    0.00    0.00    3.82    0.37    0.00    0.00    0.02    0.00    0.00    0.00
  10.430       0    4296       0       0    0.00   -0.44    8.95  150.28   -0.68    6.68      -1      -1      -1       0   16.70  804.24    0.00  815.97    0.00    0.00    0.00    0.00  795.40  164.13  236.85    0.00    0.00    0.00    0.00    0.00    0.01    0.00    0.00
  10.440       0    4301       0       0    0.00   -0.44    8.91  150.28   -0.71    6.68      -1      -1      -1       0    0.00    0.00  741.56    0.00  765.24  802.15  741.14  776.76    0.00    0.00    0.00    3.77    0.41    0.01    0.01    0.00    0.00    0.00    0.00
  10.450    2216    4301       0       0    0.52   -0.43    8.84  150.28   -0.73    6.68      -1      -1      -1       0   16.59  803.96    0.00  816.00    0.00    0.00    0.00    0.00  794.61  164.13  236.95    0.00    0.00    0.00    0.00    0.00    0.01    0.00    0.00
  10.460       0    4293       0       0    0.00   -0.43    8.76  150.28   -0.72    6.52      -1      -1      -1       0    0.00    0.00  740.89    0.00  765.10  802.18  740.90  775.75    0.00    0.00    0.00    3.63    0.47    0.01    0.00    0.01    0.00    0.00    0.00
  10.470       0    4293       0       0    0.00   -0.41    8.71  150.28   -0.71    6.31      -1      -1      -1       0   16.55  803.33    0.00  815.83    0.00    0.00    0.00    0.00  794.23  164.24  237.15    0.00    0.00    0.00    0.00    0.00    0.01    0.00    0.00
  10.480    2187    4273       0       0    0.51   -0.40    8.70  150.28   -0.70    6.10      -1      -1      -1       0    0.00    0.00  740.29    0.00  765.46  801.14  740.70  775.47    0.00    0.00    0.00    3.13    0.53    0.01    0.01    0.00    0.00    0.00    0.00
  10.490       0    4247       0       0    0.00   -0.40    8.73  150.28   -0.67    6.05      -1      -1      -1       0   16.44  803.61    0.00  815.75    0.00    0.00    0.00    0.00  794.44  164.32  237.28    0.00    0.00    0.00    0.00    0.00    0.00    0.00    0.00
  10.500       0    4247       0       0    0.00   -0.42    8.71  150.28   -0.66    6.03      -1      -1      -1       0    0.00    0.00  739.13    0.00  764.92  801.38  740.56  776.02    0.00    0.00    0.00    3.08    0.55    0.02    0.01    0.01    0.00    0.00    0.00
  10.510    2157    4255       0       0    0.51   -0.43    8.67  150.28   -0.64    6.03      -1      -1      -1       0   16.15  802.96    0.00  815.70    0.00    0.00    0.00    0.00  794.29  164.40  237.40    0.00    0.00    0.00    0.00    0.00    0.00    0.00    0.00
  10.520       0    4255       0       0    0.00   -0.44    8.62  150.28   -0.65    6.03      -1      -1      -1       0    0.00    0.00  739.18    0.00  764.53  801.23  740.00  774.97    0.00    0.00    0.00    3.13    0.49    0.01    0.01    0.01    0.00    0.00    0.00
  10.530       0    4255       0       0    0.00   -0.46    8.58  150.28   -0.58    6.03      -1      -1      -1       0   16.01  802.77    0.00  815.12    0.00    0.00    0.00    0.00  794.11  164.65  237.52    0.00    0.00    0.00    0.00    0.00    0.00    0.00    0.00
  10.540    2126    4258       0       0    0.50   -0.48    8.47  150.28   -0.55    6.03      -1      -1      -1       0    0.00    0.00  739.23    0.00  763.48  801.09  739.01  774.77    0.00    0.00    0.00    3.14    0.40    0.00    0.01    0.01    0.00    0.00    0.00
  10.550       0    4258       0       0    0.00   -0.48    8.41  150.33   -0.53    5.87      -1      -1      -1       0   16.12  802.15    0.00  814.55    0.00    0.00    0.00    0.00  794.46  164.65  238.00    0.00    0.00    0.00    0.00    0.00    0.01    0.00    0.00
  10.560    2094    4223       0       0    0.50   -0.49    8.40  150.40   -0.55    5.99      -1      -1      -1       0    0.00    0.00  739.80    0.00  763.51  800.91  737.80  775.23    0.00    0.00    0.00    3.08    0.32    0.00    0.01    0.01    0.00    0.00    0.00
  10.570       0    4223       0       0    0.00   -0.47    8.46  150.48   -0.49    6.18      -1      -1      -1       0   16.53  802.24    0.00  813.42    0.00    0.00    0.00    0.00  794.05  164.59  237.94    0.00    0.00    0.00    0.00    0.00    0.01    0.00    0.00
  10.580       0    4223       0       0    0.00   -0.47    8.47  150.49   -0.41    6.56      -1      -1      -1       0    0.00    0.00  739.70    0.00  762.88  800.86  736.91  774.74    0.00    0.00    0.00    3.13    0.30    0.01    0.00    0.01    0.00    0.00    0.00
  10.590    2061    4212       0       0    0.49   -0.45    8.48  150.50   -0.30    6.49      -1      -1      -1       0   16.61  801.31    0.00  813.00    0.00    0.00    0.00    0.00  793.67  164.30  237.85    0.00    0.00    0.00    0.00    0.00    0.01    0.00    0.00
  10.600       0    4212       0       0    0.00   -0.43    8.48  150.50   -0.27    6.47      -1      -1      -1       0    0.00    0.00  739.81    0.00  763.00  800.01  736.94  773.97    0.00    0.00    0.00    3.20    0.31    0.01    0.00    0.00    0.00    0.00    0.00
  10.610       0    4222       0       0    0.00   -0.42    8.45  150.50   -0.29    6.30      -1      -1      -1       0   16.66  801.02    0.00  812.32    0.00    0.00    0.00    0.00  793.55  164.28  237.37    0.00    0.00    0.00    0.00    0.00    0.02    0.00    0.00
  10.620    2025    4222       0       0    0.48   -0.41    8.41  150.50   -0.32    6.26      -1      -1      -1       0    0.00    0.00  739.94    0.00  762.86  798.89  736.99  773.77    0.00    0.00    0.00    3.09    0.32    0.01    0.00    0.00    0.00    0.00    0.00
  10.630       0    4187       0       0    0.00   -0.39    8.30  150.50   -0.29    6.09      -1      -1      -1       0   16.61  800.78    0.00  812.10    0.00    0.00    0.00    0.00  793.74  164.39  237.43    0.00    0.00    0.00    0.00    0.00    0.02    0.00    0.00
  10.640       0    4187       0       0    0.00   -0.40    8.21  150.50   -0.22    6.04      -1      -1      -1       0    0.00    0.00  739.63    0.00  763.19  798.49  736.83  773.12    0.00    0.00    0.00    2.80    0.32    0.01    0.00    0.00    0.00    0.00    0.00
  10.650    1990    4187       0       0    0.48   -0.41    8.12  150.50   -0.20    6.03      -1      -1      -1       0   16.53  800.51    0.00  811.87    0.00    0.00    0.00    0.00  793.60  164.53  237.52    0.00    0.00    0.00    0.00    0.00    0.00    0.00    0.00
  10.660       0    4171       0       0    0.00   -0.41    8.10  150.50   -0.21    6.03      -1      -1      -1       0    0.00    0.00  738.94    0.00  762.67  797.50  736.80  772.54    0.00    0.00    0.00    2.60    0.30    0.01    0.01    0.00    0.00    0.00    0.00
  10.670       0    4171       0       0    0.00   -0.41    8.09  150.50   -0.20    6.03      -1      -1      -1       0   16.30  800.35    0.00  811.60    0.00    0.00    0.00    0.00  793.50  164.62  237.72    0.00    0.00    0.00    0.00    0.00    0.00    0.00    0.00
  10.680    1955    4171       0       0    0.47   -0.40    8.09  150.50   -0.18    6.03      -1      -1      -1       0    0.00    0.00  737.89    0.00  762.28  797.67  736.78  772.30    0.00    0.00    0.00    2.61    0.28    0.02    0.01    0.01    0.00    0.00    0.00
  10.690       0    4165       0       0    0.00   -0.40    8.06  150.50   -0.11    6.03      -1      -1      -1       0   16.21  799.76    0.00  811.32    0.00    0.00    0.00    0.00  793.47  164.70  237.86    0.00    0.00    0.00    0.00    0.00    0.00    0.00    0.00
  10.700       0    4165       0       0    0.00   -0.40    7.98  150.50   -0.09    6.03      -1      -1      -1       0    0.00    0.00  738.41    0.00  762.13  797.51  736.26  772.13    0.00    0.00    0.00    2.69    0.27    0.02    0.01    0.01    0.00    0.00    0.00
  10.710    1919    4176       0       0    0.46   -0.40    7.90  150.50   -0.05    6.03      -1      -1      -1       0   15.94  799.56    0.00  810.45    0.00    0.00    0.00    0.00  793.45  164.77  238.07    0.00    0.00    0.00    0.00    0.00    0.01    0.00    0.00
  10.720       0    4176       0       0    0.00   -0.40    7.85  150.45   -0.11    5.87      -1      -1      -1       0    0.00    0.00  738.16    0.00  761.09  797.48  735.25  772.02    0.00    0.00    0.00    2.70    0.27    0.00    0.02    0.01    0.00    0.00    0.00
  10.730       0    4151       0       0    0.00   -0.39    7.83  150.49   -0.13    5.83      -1      -1      -1       0   16.28  799.37    0.00  810.16    0.00    0.00    0.00    0.00  793.40  164.74  238.21    0.00    0.00    0.00    0.00    0.00    0.01    0.00    0.00
  10.740       0    4151       0       0    0.00   -0.37    7.83  150.56   -0.15    5.82      -1      -1      -1       0    0.00    0.00  738.45    0.00  760.77  797.47  734.05  771.44    0.00    0.00    0.00    2.71    0.29    0.00    0.02    0.01    0.00    0.00    0.00
  10.750    1880    4151       0       0    0.45   -0.37    7.83  150.69   -0.08    5.98      -1      -1      -1       0   16.48  798.72    0.00  809.42    0.00    0.00    0.00    0.00  793.25  164.62  238.07    0.00    0.00    0.00    0.00    0.00    0.01    0.00    0.00
  10.760       0    4139       0       0    0.00   -0.36    7.80  150.72   -0.00    6.02      -1      -1      -1       0    0.00    0.00  738.36    0.00  760.64  797.02  733.97  770.84    0.00    0.00    0.00    2.90    0.24    0.01    0.00    0.01    0.00    0.00    0.00
  10.770       0    4139       0       0    0.00   -0.35    7.76  150.73    0.07    6.03      -1      -1      -1       0   16.66  798.51    0.00  809.04    0.00    0.00    0.00    0.00  793.20  164.48  237.77    0.00    0.00    0.00    0.00    0.00    0.01    0.00    0.00
  10.780    1842    4139       0       0    0.45   -0.35    7.71  150.73    0.10    6.03      -1      -1      -1       0    0.00    0.00  738.46    0.00  761.21  796.02  732.90  769.82    0.00    0.00    0.00    2.89    0.18    0.01    0.00    0.00    0.00    0.00    0.00
  10.790       0    4109       0       0    0.00   -0.35    7.67  150.73    0.08    6.03      -1      -1      -1       0   16.66  798.30    0.00  808.48    0.00    0.00    0.00    0.00  793.15  164.50  237.53    0.00    0.00    0.00    0.00    0.00    0.03    0.00    0.00
  10.800       0    4109       0       0    0.00   -0.35    7.63  150.73    0.06    6.03      -1      -1      -1       0    0.00    0.00  738.02    0.00  761.03  795.28  733.50  769.50    0.00    0.00    0.00    2.75    0.13    0.01    0.00    0.00    0.00    0.00    0.00
  10.810    1803    4109       0       0    0.44   -0.36    7.52  150.73    0.07    6.03      -1      -1      -1       0   16.61  798.09    0.00  808.74    0.00    0.00    0.00    0.00  793.19  164.56  237.64    0.00    0.00    0.00    0.00    0.00    0.02    0.00    0.00
  10.820       0    4102       0       0    0.00   -0.38    7.46  150.73    0.14    6.03      -1      -1      -1       0    0.00    0.00  737.63    0.00  761.02  794.49  733.32  768.78    0.00    0.00    0.00    2.32    0.10    0.01    0.01    0.01    0.00    0.00    0.00
  10.830       0    4102       0       0    0.00   -0.40    7.41  150.73    0.19    6.03      -1      -1      -1       0   16.44  797.97    0.00  808.67    0.00    0.00    0.00    0.00  793.09  164.68  237.84    0.00    0.00    0.00    0.00    0.00    0.00    0.00    0.00
  10.840       0    4102       0       0    0.00   -0.42    7.43  150.73    0.21    6.03      -1      -1      -1       0    0.00    0.00  737.13    0.00  761.07  794.63  733.17  768.44    0.00    0.00    0.00    2.22    0.09    0.01    0.01    0.01    0.00    0.00    0.00
  10.850    1762    4088       0       0    0.43   -0.43    7.44  150.73    0.24    6.03      -1      -1      -1       0   16.37  797.41    0.00  808.66    0.00    0.00    0.00    0.00  793.07  164.77  237.97    0.00    0.00    0.00    0.00    0.00    0.00    0.00    0.00
  10.860       0    4088       0       0    0.00   -0.42    7.41  150.73    0.27    6.03      -1      -1      -1       0    0.00    0.00  736.95    0.00  760.70  794.50  733.01  768.17    0.00    0.00    0.00    2.25    0.00    0.01    0.01    0.01    0.00    0.00    0.00
  10.870       0    4107       0       0    0.00   -0.42    7.33  150.73    0.28    6.03      -1      -1      -1       0   15.86  796.65    0.00  808.20    0.00    0.00    0.00    0.00  793.05  164.96  238.18    0.00    0.00    0.00    0.00    0.00    0.00    0.00    0.00
  10.880    1721    4107       0       0    0.42   -0.42    7.22  150.73    0.27    6.03      -1      -1      -1       0    0.00    0.00  737.00    0.00  759.77  794.36  733.03  768.61    0.00    0.00    0.00    2.39    0.05    0.00    0.01    0.01    0.00    0.00    0.00
  10.890       0    4081       0       0    0.00   -0.40    7.09  150.67    0.28    5.87      -1      -1      -1       0   16.03  795.94    0.00  807.70    0.00    0.00    0.00    0.00  793.03  164.95  238.69    0.00    0.00    0.00    0.00    0.00    0.01    0.00    0.00
  10.900       0    4081       0       0    0.00   -0.38    7.06  150.66    0.32    5.83      -1      -1      -1       0    0.00    0.00  736.88    0.00  759.52  794.64  732.25  768.44    0.00    0.00    0.00    2.43    0.04    0.00    0.02    0.01    0.00    0.00    0.00
  10.910       0    4081       0       0    0.00   -0.37    7.09  150.65    0.36    5.82      -1      -1      -1       0   16.37  795.64    0.00  806.61    0.00    0.00    0.00    0.00  792.54  164.84  238.82    0.00    0.00    0.00    0.00    0.00    0.01    0.00    0.00
  10.920    1678    4081       0       0    0.41   -0.37    7.16  150.71    0.40    5.98      -1      -1      -1       0    0.00    0.00  736.92    0.00  759.60  794.22  731.62  768.37    0.00    0.00    0.00    2.44    0.05    0.00    0.02    0.02    0.00    0.00    0.00
  10.930       0    4085       0       0    0.00   -0.36    7.14  150.73    0.42    6.02      -1      -1      -1       0   16.57  795.73    0.00  805.84    0.00    0.00    0.00    0.00  791.99  164.64  238.59    0.00    0.00    0.00    0.00    0.00    0.01    0.00    0.00
  10.940       0    4085       0       0    0.00   -0.36    7.11  150.73    0.40    6.03      -1      -1      -1       0    0.00    0.00  736.88    0.00  759.30  793.35  731.79  768.81    0.00    0.00    0.00    2.70    0.05    0.00    0.00    0.02    0.00    0.00    0.00
  10.950    1634    4056       0       0    0.40   -0.37    7.03  150.73    0.38    6.03      -1      -1      -1       0   16.70  795.83    0.00  805.02    0.00    0.00    0.00    0.00  790.87  164.59  238.08    0.00    0.00    0.00    0.00    0.00    0.00    0.00    0.00
  10.960       0    4056       0       0    0.00   -0.36    6.95  150.73    0.43    6.03      -1      -1      -1       0    0.00    0.00  736.87    0.00  759.47  792.67  731.53  768.03    0.00    0.00    0.00    2.70    0.07    0.01    0.00    0.00    0.00    0.00    0.00
  10.970       0    4056       0       0    0.00   -0.37    6.83  150.73    0.47    6.03      -1      -1      -1       0   16.70  795.67    0.00  804.71    0.00    0.00    0.00    0.00  790.09  164.69  238.12    0.00    0.00    0.00    0.00    0.00    0.01    0.00    0.00
  10.980       0    4056       0       0    0.00   -0.38    6.70  150.73    0.48    6.03      -1      -1      -1       0    0.00    0.00  736.34    0.00  759.42  792.66  731.40  767.34    0.00    0.00    0.00    2.57    0.07    0.01    0.00    0.00    0.00    0.00    0.00
  10.990    1591    4057       0       0    0.39   -0.38    6.64  150.73    0.45    6.03      -1      -1      -1       0   16.59  795.62    0.00  804.48    0.00    0.00    0.00    0.00  789.71  164.77  238.40    0.00    0.00    0.00    0.00    0.00    0.01    0.00    0.00
  11.000       0    4057       0       0    0.00   -0.38    6.59  150.73    0.43    6.03      -1      -1      -1       0    0.00    0.00  735.78    0.00  759.39  792.02  731.25  766.67    0.00    0.00    0.00    2.15    0.06    0.01    0.01    0.00    0.00    0.00    0.00
  11.010       0    4030       0       0    0.00   -0.38    6.58  150.73    0.44    6.03      -1      -1      -1       0   16.44  795.61    0.00  804.37    0.00    0.00    0.00    0.00  789.93  164.85  238.46    0.00    0.00    0.00    0.00    0.00    0.01    0.00    0.00
  11.020       0    4030       0       0    0.00   -0.38    6.54  150.73    0.44    6.03      -1      -1      -1       0    0.00    0.00  734.62    0.00  759.29  791.75  731.17  766.78    0.00    0.00    0.00    2.04    0.04    0.01    0.01    0.01    0.00    0.00    0.00
  11.030    1547    4030       0       0    0.38   -0.37    6.53  150.73    0.43    6.03      -1      -1      -1       0   16.17  795.01    0.00  804.30    0.00    0.00    0.00    0.00  790.23  164.98  238.48    0.00    0.00    0.00    0.00    0.00    0.00    0.00    0.00
  11.040       0    4030       0       0    0.00   -0.37    6.50  150.73    0.42    6.03      -1      -1      -1       0    0.00    0.00  734.28    0.00  758.80  791.51  730.72  766.08    0.00    0.00    0.00    2.08    0.00    0.01    0.01    0.01    0.00    0.00    0.00
  11.050       0    4030       0       0    0.00   -0.37    6.46  150.73    0.45    6.03      -1      -1      -1       0   15.97  794.35    0.00  803.81    0.00    0.00    0.00    0.00  790.13  165.18  238.49    0.00    0.00    0.00    0.00    0.00    0.00    0.00    0.00
  11.060       0    4006       0       0    0.00   -0.37    6.32  150.73    0.50    5.87      -1      -1      -1       0    0.00    0.00  733.98    0.00  757.77  791.73  730.32  766.28    0.00    0.00    0.00    2.22    0.05    0.01    0.01    0.01    0.00    0.00    0.00
  11.070    1504    4006       0       0    0.38   -0.36    6.25  150.78    0.51    5.66      -1      -1      -1       0   16.15  793.65    0.00  803.25    0.00    0.00    0.00    0.00  790.34  165.17  239.48    0.00    0.00    0.00    0.00    0.00    0.01    0.00    0.00
  11.080       0    4006       0       0    0.00   -0.36    6.20  150.85    0.51    5.61      -1      -1      -1       0    0.00    0.00  734.30    0.00  757.02  791.54  729.25  766.18    0.00    0.00    0.00    2.26    0.05    0.00    0.01    0.01    0.00    0.00    0.00
  11.090       0    4002       0       0    0.00   -0.36    6.28  150.93    0.52    5.76      -1      -1      -1       0   16.48  793.33    0.00  802.59    0.00    0.00    0.00    0.00  790.27  165.01  239.64    0.00    0.00    0.00    0.00    0.00    0.01    0.00    0.00
  11.100       0    4001       0       0    0.00   -0.35    6.31  150.94    0.54    5.96      -1      -1      -1       0    0.00    0.00  734.27    0.00  756.66  790.79  728.50  766.08    0.00    0.00    0.00    2.26    0.06    0.00    0.00    0.01    0.00    0.00    0.00
  11.110    1462    4001       0       0    0.37   -0.36    6.31  150.95    0.55    6.01      -1      -1      -1       0   16.64  792.27    0.00  802.72    0.00    0.00    0.00    0.00  789.43  164.74  239.60    0.00    0.00    0.00    0.00    0.00    0.01    0.00    0.00
  11.120       0    3976       0       0    0.00   -0.36    6.22  150.95    0.60    6.03      -1      -1      -1       0    0.00    0.00  734.25    0.00  756.89  790.60  728.14  765.99    0.00    0.00    0.00    2.27    0.05    0.01    0.00    0.01    0.00    0.00    0.00
  11.130       0    3976       0       0    0.00   -0.36    6.13  150.95    0.66    6.03      -1      -1      -1       0   16.70  791.99    0.00  802.05    0.00    0.00    0.00    0.00  788.00  164.78  238.68    0.00    0.00    0.00    0.00    0.00    0.01    0.00    0.00
  11.140       0    3976       0       0    0.00   -0.36    5.97  150.95    0.71    6.03      -1      -1      -1       0    0.00    0.00  734.24    0.00  756.92  789.96  728.24  765.52    0.00    0.00    0.00    2.20    0.07    0.01    0.00    0.00    0.00    0.00    0.00
  11.150    1420    3976       0       0    0.36   -0.36    5.90  150.95    0.72    6.03      -1      -1      -1       0   16.66  791.72    0.00  801.80    0.00    0.00    0.00    0.00  788.02  164.91  238.82    0.00    0.00    0.00    0.00    0.00    0.01    0.00    0.00
  11.160       0    3972       0       0    0.00   -0.36    5.82  150.95    0.74    6.03      -1      -1      -1       0    0.00    0.00  733.84    0.00  756.92  789.82  728.36  764.51    0.00    0.00    0.00    2.06    0.06    0.01    0.01    0.00    0.00    0.00    0.00
  11.170       0    3972       0       0    0.00   -0.35    5.80  150.95    0.76    6.03      -1      -1      -1       0   16.53  791.48    0.00  801.62    0.00    0.00    0.00    0.00  787.57  165.05  239.04    0.00    0.00    0.00    0.00    0.00    0.00    0.00    0.00
  11.180       0    3952       0       0    0.00   -0.35    5.76  150.95    0.75    6.03      -1      -1      -1       0    0.00    0.00  732.88    0.00  756.92  789.01  728.18  764.21    0.00    0.00    0.00    1.82    0.06    0.01    0.01    0.00    0.00    0.00    0.00
  11.190       0    3952       0       0    0.00   -0.35    5.72  150.95    0.72    6.03      -1      -1      -1       0   16.30  791.32    0.00  801.43    0.00    0.00    0.00    0.00  788.10  165.09  239.29    0.00    0.00    0.00    0.00    0.00    0.01    0.00    0.00
  11.200    1379    3952       0       0    0.35   -0.34    5.68  150.95    0.66    6.03      -1      -1      -1       0    0.00    0.00  733.06    0.00  756.92  788.69  728.11  763.50    0.00    0.00    0.00    1.77    0.04    0.02    0.01    0.01    0.00    0.00    0.00
  11.210       0    3945       0       0    0.00   -0.34    5.60  150.95    0.63    6.03      -1      -1      -1       0   15.99  791.18    0.00  801.31    0.00    0.00    0.00    0.00  788.03  165.21  239.17    0.00    0.00    0.00    0.00    0.00    0.00    0.00    0.00
  11.220       0    3938       0       0    0.00   -0.34    5.52  150.95    0.60    6.03      -1      -1      -1       0    0.00    0.00  733.24    0.00  756.47  788.43  727.97  763.92    0.00    0.00    0.00    1.82    0.00    0.02    0.01    0.01    0.00    0.00    0.00
  11.230       0    3938       0       0    0.00   -0.35    5.40  150.95    0.65    5.87      -1      -1      -1       0   15.97  791.08    0.00  800.76    0.00    0.00    0.00    0.00  788.03  165.41  239.32    0.00    0.00    0.00    0.00    0.00    0.01    0.00    0.00
  11.240    1339    3937       0       0    0.34   -0.35    5.37  150.89    0.72    5.66      -1      -1      -1       0    0.00    0.00  732.70    0.00  755.93  788.88  727.91  763.80    0.00    0.00    0.00    1.89    0.05    0.01    0.02    0.01    0.00    0.00    0.00
  11.250       0    3931       0       0    0.00   -0.35    5.39  150.88    0.83    5.61      -1      -1      -1       0   16.23  790.10    0.00  800.58    0.00    0.00    0.00    0.00  788.04  165.40  240.07    0.00    0.00    0.00    0.00    0.00    0.01    0.00    0.00
  11.260       0    3931       0       0    0.00   -0.36    5.47  150.88    0.88    5.76      -1      -1      -1       0    0.00    0.00  732.59    0.00  756.18  787.68  726.87  763.72    0.00    0.00    0.00    1.91    0.05    0.00    0.02    0.02    0.00    0.00    0.00
  11.270       0    3900       0       0    0.00   -0.35    5.48  150.93    0.88    5.96      -1      -1      -1       0   16.53  789.85    0.00  799.51    0.00    0.00    0.00    0.00  787.68  165.28  240.16    0.00    0.00    0.00    0.00    0.00    0.01    0.00    0.00
  11.280       0    3900       0       0    0.00   -0.35    5.49  150.95    0.85    6.01      -1      -1      -1       0    0.00    0.00  732.53    0.00  755.58  786.54  726.20  763.72    0.00    0.00    0.00    2.05    0.05    0.00    0.00    0.02    0.00    0.00    0.00
  11.290    1299    3900       0       0    0.33   -0.34    5.49  151.01    0.84    6.03      -1      -1      -1       0   16.66  789.58    0.00  798.70    0.00    0.00    0.00    0.00  786.78  165.09  239.90    0.00    0.00    0.00    0.00    0.00    0.01    0.00    0.00
  11.300       0    3885       0       0    0.00   -0.34    5.46  151.02    0.88    6.03      -1      -1      -1       0    0.00    0.00  732.43    0.00  755.77  785.66  725.40  763.32    0.00    0.00    0.00    1.95    0.06    0.01    0.00    0.00    0.00    0.00    0.00
  11.310       0    3885       0       0    0.00   -0.34    5.38  151.03    0.95    6.03      -1      -1      -1       0   16.66  789.74    0.00  798.12    0.00    0.00    0.00    0.00  786.53  165.15  239.02    0.00    0.00    0.00    0.00    0.00    0.02    0.00    0.00
  11.320       0    3885       0       0    0.00   -0.34    5.33  150.97    0.98    6.03      -1      -1      -1       0    0.00    0.00  732.29    0.00  755.63  785.56  725.56  762.72    0.00    0.00    0.00    1.86    0.09    0.01    0.00    0.00    0.00    0.00    0.00
  11.330       0    3884       0       0    0.00   -0.33    5.32  150.95    0.97    6.03      -1      -1      -1       0   16.59  789.54    0.00  798.70    0.00    0.00    0.00    0.00  787.04  165.22  239.08    0.00    0.00    0.00    0.00    0.00    0.02    0.00    0.00
  11.340    1259    3881       0       0    0.32   -0.33    5.35  150.95    0.94    5.87      -1      -1      -1       0    0.00    0.00  732.24    0.00  755.57  785.13  725.43  762.07    0.00    0.00    0.00    1.58    0.09    0.01    0.01    0.00    0.00    0.00    0.00
  11.350       0    3881       0       0    0.00   -0.33    5.33  150.95    0.91    5.83      -1      -1      -1       0   16.44  789.43    0.00  798.50    0.00    0.00    0.00    0.00  786.10  165.30  239.37    0.00    0.00    0.00    0.00    0.00    0.01    0.00    0.00
  11.360       0    3881       0       0    0.00   -0.33    5.29  150.95    0.91    5.82      -1      -1      -1       0    0.00    0.00  731.75    0.00  755.44  785.30  725.41  762.19    0.00    0.00    0.00    1.58    0.08    0.01    0.01    0.01    0.00    0.00    0.00
  11.370       0    3881       0       0    0.00   -0.33    5.21  151.01    0.95    5.98      -1      -1      -1       0   16.21  789.09    0.00  798.30    0.00    0.00    0.00    0.00  785.91  165.37  239.73    0.00    0.00    0.00    0.00    0.00    0.00    0.00    0.00
  11.380    1221    3881       0       0    0.31   -0.33    5.16  151.02    1.00    6.02      -1      -1      -1       0    0.00    0.00  731.19    0.00  755.41  785.12  725.40  761.97    0.00    0.00    0.00    1.57    0.00    0.01    0.01    0.01    0.00    0.00    0.00
  11.390       0    3876       0       0    0.00   -0.34    5.12  151.03    0.99    5.86      -1      -1      -1       0   15.94  788.33    0.00  797.77    0.00    0.00    0.00    0.00  786.19  165.50  240.00    0.00    0.00    0.00    0.00    0.00    0.00    0.00    0.00
  11.400       0    3876       0       0    0.00   -0.35    5.01  150.97    0.96    5.66      -1      -1      -1       0    0.00    0.00  730.98    0.00  754.70  785.01  725.40  762.08    0.00    0.00    0.00    1.64    0.00    0.01    0.01    0.01    0.00    0.00    0.00
  11.410       0    3874       0       0    0.00   -0.34    4.85  150.95    0.97    5.45      -1      -1      -1       0   16.08  787.65    0.00  797.00    0.00    0.00    0.00    0.00  786.12  165.42  240.79    0.00    0.00    0.00    0.00    0.00    0.01    0.00    0.00
  11.420       0    3873       0       0    0.00   -0.35    4.78  151.01    1.03    5.40      -1      -1      -1       0    0.00    0.00  730.37    0.00  753.63  784.90  724.50  761.95    0.00    0.00    0.00    1.65    0.05    0.00    0.02    0.01    0.00    0.00    0.00
  11.430       0    3873       0       0    0.00   -0.35    4.82  151.08    1.08    5.55      -1      -1      -1       0   16.37  786.92    0.00  796.08    0.00    0.00    0.00    0.00  785.65  165.35  240.80    0.00    0.00    0.00    0.00    0.00    0.01    0.00    0.00
  11.440    1183    3842       0       0    0.31   -0.34    4.93  151.15    1.08    5.75      -1      -1      -1       0    0.00    0.00  730.21    0.00  753.87  784.59  723.87  761.92    0.00    0.00    0.00    1.72    0.06    0.00    0.02    0.02    0.00    0.00    0.00
  11.450       0    3842       0       0    0.00   -0.34    4.93  151.17    1.04    5.96      -1      -1      -1       0   16.59  786.61    0.00  795.74    0.00    0.00    0.00    0.00  785.56  165.16  240.45    0.00    0.00    0.00    0.00    0.00    0.01    0.00    0.00
  11.460       0    3842       0       0    0.00   -0.33    4.89  151.18    1.07    6.01      -1      -1      -1       0    0.00    0.00  730.06    0.00  753.41  784.03  724.46  762.32    0.00    0.00    0.00    2.07    0.06    0.00    0.00    0.02    0.00    0.00    0.00
  11.470       0    3832       0       0    0.00   -0.32    4.85  151.18    1.12    6.03      -1      -1      -1       0   16.68  786.69    0.00  795.49    0.00    0.00    0.00    0.00  785.05  165.22  239.64    0.00    0.00    0.00    0.00    0.00    0.01    0.00    0.00
  11.480       0    3832       0       0    0.00   -0.31    4.81  151.18    1.17    6.03      -1      -1      -1       0    0.00    0.00  730.09    0.00  754.05  783.83  723.83  761.94    0.00    0.00    0.00    2.09    0.07    0.01    0.01    0.00    0.00    0.00    0.00
  11.490    1146    3832       0       0    0.30   -0.31    4.74  151.18    1.15    5.87      -1      -1      -1       0   16.68  786.81    0.00  795.37    0.00    0.00    0.00    0.00  784.82  165.24  239.80    0.00    0.00    0.00    0.00    0.00    0.01    0.00    0.00
  11.500       0    3832       0       0    0.00   -0.31    4.72  151.18    1.15    5.83      -1      -1      -1       0    0.00    0.00  730.03    0.00  753.93  783.62  723.69  761.28    0.00    0.00    0.00    1.90    0.08    0.01    0.00    0.00    0.00    0.00    0.00
  11.510       0    3832       0       0    0.00   -0.31    4.74  151.18    1.18    5.65      -1      -1      -1       0   16.57  786.65    0.00  795.30    0.00    0.00    0.00    0.00  784.56  165.30  240.20    0.00    0.00    0.00    0.00    0.00    0.01    0.00    0.00
  11.520       0    3822       0       0    0.00   -0.30    4.82  151.18    1.22    5.61      -1      -1      -1       0    0.00    0.00  730.00    0.00  753.99  783.41  723.54  760.70    0.00    0.00    0.00    1.39    0.07    0.01    0.01    0.01    0.00    0.00    0.00
  11.530       0    3822       0       0    0.00   -0.31    4.80  151.18    1.23    5.44      -1      -1      -1       0   16.41  787.04    0.00  795.26    0.00    0.00    0.00    0.00  784.79  165.43  240.48    0.00    0.00    0.00    0.00    0.00    0.00    0.00    0.00
  11.540    1109    3830       0       0    0.29   -0.31    4.77  151.18    1.23    5.39      -1      -1      -1       0    0.00    0.00  729.53    0.00  753.11  783.30  723.47  760.91    0.00    0.00    0.00    1.33    0.05    0.02    0.01    0.01    0.00    0.00    0.00
  11.550       0    3830       0       0    0.00   -0.31    4.72  151.18    1.24    5.38      -1      -1      -1       0   16.23  786.68    0.00  795.24    0.00    0.00    0.00    0.00  784.63  165.57  240.55    0.00    0.00    0.00    0.00    0.00    0.00    0.00    0.00
  11.560       0    3814       0       0    0.00   -0.32    4.68  151.18    1.25    5.38      -1      -1      -1       0    0.00    0.00  729.42    0.00  752.27  783.17  723.29  760.25    0.00    0.00    0.00    1.38    0.00    0.02    0.01    0.01    0.00    0.00    0.00
  11.570       0    3814       0       0    0.00   -0.33    4.61  151.18    1.25    5.38      -1      -1      -1       0   15.97  786.06    0.00  795.23    0.00    0.00    0.00    0.00  784.55  165.95  240.74    0.00    0.00    0.00    0.00    0.00    0.00    0.00    0.00
  11.580       0    3787       0       0    0.00   -0.34    4.49  151.12    1.22    5.38      -1      -1      -1       0    0.00    0.00  729.28    0.00  751.18  783.49  722.79  760.04    0.00    0.00    0.00    1.53    0.04    0.00    0.01    0.01    0.00    0.00    0.00
  11.590       0    3787       0       0    0.00   -0.34    4.50  151.11    1.18    5.22      -1      -1      -1       0   16.15  785.01    0.00  795.22    0.00    0.00    0.00    0.00  784.49  165.87  241.87    0.00    0.00    0.00    0.00    0.00    0.01    0.00    0.00
  11.600    1069    3787       0       0    0.28   -0.34    4.53  151.10    1.17    5.34      -1      -1      -1       0    0.00    0.00  729.61    0.00  750.79  783.47  722.21  760.22    0.00    0.00    0.00    1.56    0.04    0.00    0.01    0.01    0.00    0.00    0.00
  11.610       0    3787       0       0    0.00   -0.34    4.57  151.16    1.21    5.54      -1      -1      -1       0   16.46  785.30    0.00  794.31    0.00    0.00    0.00    0.00  783.86  165.69  242.15    0.00    0.00    0.00    0.00    0.00    0.01    0.00    0.00
  11.620       0    3787       0       0    0.00   -0.33    4.48  151.18    1.26    5.91      -1      -1      -1       0    0.00    0.00  729.55    0.00  750.50  783.03  721.99  760.57    0.00    0.00    0.00    1.70    0.05    0.00    0.00    0.01    0.00    0.00    0.00
  11.630       0    3781       0       0    0.00   -0.32    4.37  151.18    1.25    6.00      -1      -1      -1       0   16.66  784.40    0.00  794.13    0.00    0.00    0.00    0.00  783.26  165.36  241.86    0.00    0.00    0.00    0.00    0.00    0.01    0.00    0.00
  11.640       0    3781       0       0    0.00   -0.31    4.27  151.18    1.24    6.02      -1      -1      -1       0    0.00    0.00  729.55    0.00  750.36  782.97  721.76  760.05    0.00    0.00    0.00    1.93    0.05    0.01    0.00    0.00    0.00    0.00    0.00
  11.650       0    3781       0       0    0.00   -0.30    4.19  151.18    1.21    6.03      -1      -1      -1       0   16.70  784.07    0.00  793.46    0.00    0.00    0.00    0.00  783.00  165.44  240.71    0.00    0.00    0.00    0.00    0.00    0.01    0.00    0.00
  11.660    1025    3747       0       0    0.27   -0.29    4.13  151.18    1.22    6.03      -1      -1      -1       0    0.00    0.00  729.58    0.00  750.40  782.48  721.93  760.01    0.00    0.00    0.00    1.86    0.07    0.01    0.00    0.00    0.00    0.00    0.00
  11.670       0    3747       0       0    0.00   -0.29    4.12  151.18    1.23    5.87      -1      -1      -1       0   16.66  784.28    0.00  793.57    0.00    0.00    0.00    0.00  783.16  165.63  240.61    0.00    0.00    0.00    0.00    0.00    0.01    0.00    0.00
  11.680       0    3747       0       0    0.00   -0.29    4.15  151.18    1.19    5.66      -1      -1      -1       0    0.00    0.00  728.74    0.00  750.44  782.28  722.21  759.56    0.00    0.00    0.00    1.71    0.07    0.01    0.01    0.00    0.00    0.00    0.00
  11.690       0    3747       0       0    0.00   -0.28    4.19  151.18    1.15    5.45      -1      -1      -1       0   16.55  784.13    0.00  793.42    0.00    0.00    0.00    0.00  783.00  165.74  241.12    0.00    0.00    0.00    0.00    0.00    0.00    0.00    0.00
  11.700       0    3751       0       0    0.00   -0.28    4.16  151.18    1.11    5.40      -1      -1      -1       0    0.00    0.00  727.73    0.00  750.82  782.04  722.21  759.15    0.00    0.00    0.00    1.41    0.06    0.01    0.01    0.00    0.00    0.00    0.00
  11.710       0    3751       0       0    0.00   -0.28    4.13  151.18    1.13    5.38      -1      -1      -1       0   16.35  784.08    0.00  793.27    0.00    0.00    0.00    0.00  783.27  165.71  241.60    0.00    0.00    0.00    0.00    0.00    0.01    0.00    0.00
  11.720     976    3751       0       0    0.26   -0.29    4.08  151.18    1.17    5.38      -1      -1      -1       0    0.00    0.00  727.36    0.00  750.89  782.29  722.25  758.80    0.00    0.00    0.00    1.40    0.03    0.02    0.01    0.01    0.00    0.00    0.00
  11.730       0    3751       0       0    0.00   -0.29    4.07  151.18    1.18    5.38      -1      -1      -1       0   16.06  784.04    0.00  793.21    0.00    0.00    0.00    0.00  783.28  165.76  241.90    0.00    0.00    0.00    0.00    0.00    0.00    0.00    0.00
  11.740       0    3727       0       0    0.00   -0.30    4.07  151.18    1.18    5.38      -1      -1      -1       0    0.00    0.00  727.37    0.00  750.99  782.16  721.90  759.10    0.00    0.00    0.00    1.40    0.00    0.02    0.01    0.01    0.00    0.00    0.00
  11.750       0    3727       0       0    0.00   -0.30    4.01  151.18    1.14    5.38      -1      -1      -1       0   15.94  784.03    0.00  792.71    0.00    0.00    0.00    0.00  783.33  165.99  242.16    0.00    0.00    0.00    0.00    0.00    0.01    0.00    0.00
  11.760       0    3727       0       0    0.00   -0.30    3.92  151.12    1.08    5.22      -1      -1      -1       0    0.00    0.00  727.09    0.00  750.21  782.09  721.17  759.16    0.00    0.00    0.00    1.40    0.04    0.01    0.02    0.01    0.00    0.00    0.00
  11.770       0    3727       0       0    0.00   -0.31    3.87  151.16    1.06    5.18      -1      -1      -1       0   16.30  784.01    0.00  791.67    0.00    0.00    0.00    0.00  783.37  166.05  242.94    0.00    0.00    0.00    0.00    0.00    0.01    0.00    0.00
  11.780     921    3728       0       0    0.25   -0.31    3.86  151.23    1.07    5.17      -1      -1      -1       0    0.00    0.00  727.42    0.00  750.17  781.49  720.25  759.17    0.00    0.00    0.00    1.53    0.04    0.00    0.02    0.01    0.00    0.00    0.00
  11.790       0    3728       0       0    0.00   -0.31    3.89  151.36    1.11    5.33      -1      -1      -1       0   16.57  783.54    0.00  791.35    0.00    0.00    0.00    0.00  782.99  165.90  242.95    0.00    0.00    0.00    0.00    0.00    0.01    0.00    0.00
  11.800       0    3710       0       0    0.00   -0.30    3.89  151.39    1.15    5.37      -1      -1      -1       0    0.00    0.00  727.38    0.00  750.04  780.38  720.58  759.62    0.00    0.00    0.00    1.76    0.05    0.00    0.01    0.01    0.00    0.00    0.00
  11.810       0    3710       0       0    0.00   -0.30    3.93  151.40    1.14    5.38      -1      -1      -1       0   16.70  782.98    0.00  790.98    0.00    0.00    0.00    0.00  782.60  165.52  242.60    0.00    0.00    0.00    0.00    0.00    0.01    0.00    0.00
  11.820       0    3696       0       0    0.00   -0.30    3.94  151.40    1.21    5.38      -1      -1      -1       0    0.00    0.00  727.38    0.00  750.77  780.04  720.51  759.71    0.00    0.00    0.00    1.75    0.06    0.01    0.00    0.00    0.00    0.00    0.00
  11.830       0    3696       0       0    0.00   -0.29    3.91  151.40    1.19    5.38      -1      -1      -1       0   16.68  782.77    0.00  790.44    0.00    0.00    0.00    0.00  782.46  165.48  241.62    0.00    0.00    0.00    0.00    0.00    0.02    0.00    0.00
  11.840       0    3696       0       0    0.00   -0.29    3.87  151.40    1.24    5.38      -1      -1      -1       0    0.00    0.00  727.39    0.00  750.75  780.61  720.68  759.82    0.00    0.00    0.00    1.55    0.08    0.01    0.00    0.01    0.00    0.00    0.00
  11.850     858    3696       0       0    0.23   -0.29    3.82  151.40    1.20    5.38      -1      -1      -1       0   16.59  782.17    0.00  790.25    0.00    0.00    0.00    0.00  782.62  165.59  241.73    0.00    0.00    0.00    0.00    0.00    0.02    0.00    0.00
  11.860       0    3696       0       0    0.00   -0.29    3.81  151.40    1.17    5.38      -1      -1      -1       0    0.00    0.00  726.99    0.00  750.85  780.85  720.58  759.05    0.00    0.00    0.00    1.24    0.08    0.01    0.01    0.00    0.00    0.00    0.00
  11.870       0    3672       0       0    0.00   -0.28    3.84  151.40    1.10    5.38      -1      -1      -1       0   16.53  782.27    0.00  790.11    0.00    0.00    0.00    0.00  782.48  165.78  241.93    0.00    0.00    0.00    0.00    0.00    0.00    0.00    0.00
  11.880       0    3672       0       0    0.00   -0.27    3.85  151.40    1.07    5.38      -1      -1      -1       0    0.00    0.00  726.91    0.00  750.99  780.72  720.65  759.03    0.00    0.00    0.00    1.17    0.06    0.01    0.01    0.01    0.00    0.00    0.00
  11.890       0    3672       0       0    0.00   -0.27    3.82  151.40    1.06    5.38      -1      -1      -1       0   16.32  782.12    0.00  790.44    0.00    0.00    0.00    0.00  782.82  165.89  242.34    0.00    0.00    0.00    0.00    0.00    0.00    0.00    0.00
  11.900       0    3672       0       0    0.00   -0.27    3.72  151.40    1.06    5.38      -1      -1      -1       0    0.00    0.00  727.26    0.00  750.71  780.78  720.67  758.91    0.00    0.00    0.00    1.28    0.03    0.01    0.01    0.01    0.00    0.00    0.00
  11.910       0    3680       0       0    0.00   -0.27    3.62  151.40    1.04    5.38      -1      -1      -1       0   15.92  781.99    0.00  789.94    0.00    0.00    0.00    0.00  783.16  166.08  242.63    0.00    0.00    0.00    0.00    0.00    0.00    0.00    0.00
  11.920       0    3680       0       0    0.00   -0.27    3.54  151.35    0.98    5.38      -1      -1      -1       0    0.00    0.00  727.39    0.00  750.53  780.48  720.25  759.65    0.00    0.00    0.00    1.43    0.03    0.01    0.01    0.01    0.00    0.00    0.00
  11.930     787    3673       0       0    0.21   -0.27    3.45  151.28    0.94    5.38      -1      -1      -1       0   16.03  781.94    0.00  789.84    0.00    0.00    0.00    0.00  783.57  166.02  243.41    0.00    0.00    0.00    0.00    0.00    0.01    0.00    0.00
  11.940       0    3673       0       0    0.00   -0.27    3.43  151.26    0.91    5.22      -1      -1      -1       0    0.00    0.00  727.39    0.00  750.04  780.46  719.76  761.02    0.00    0.00    0.00    1.54    0.04    0.00    0.02    0.01    0.00    0.00    0.00
  11.950       0    3673       0       0    0.00   -0.27    3.45  151.31    0.92    5.18      -1      -1      -1       0   16.37  781.44    0.00  790.20    0.00    0.00    0.00    0.00  784.17  165.89  243.43    0.00    0.00    0.00    0.00    0.00    0.01    0.00    0.00
  11.960       0    3673       0       0    0.00   -0.27    3.49  151.38    0.94    5.17      -1      -1      -1       0    0.00    0.00  727.47    0.00  750.04  779.66  719.59  762.34    0.00    0.00    0.00    1.56    0.05    0.00    0.02    0.02    0.00    0.00    0.00
  11.970       0    3672       0       0    0.00   -0.26    3.47  151.39    0.93    5.33      -1      -1      -1       0   16.61  781.30    0.00  790.40    0.00    0.00    0.00    0.00  784.21  165.69  243.08    0.00    0.00    0.00    0.00    0.00    0.01    0.00    0.00
  11.980       0    3658       0       0    0.00   -0.26    3.47  151.40    0.94    5.37      -1      -1      -1       0    0.00    0.00  727.51    0.00  749.85  779.90  719.78  763.78    0.00    0.00    0.00    1.83    0.05    0.00    0.00    0.02    0.00    0.00    0.00
  11.990       0    3658       0       0    0.00   -0.26    3.50  151.40    0.90    5.38      -1      -1      -1       0   16.75  781.17    0.00  790.21    0.00    0.00    0.00    0.00  784.26  165.70  242.27    0.00    0.00    0.00    0.00    0.00    0.01    0.00    0.00
  12.000       0    3636       0       0    0.00   -0.26    3.54  151.40    0.92    5.38      -1      -1      -1       0    0.00    0.00  727.53    0.00  750.57  779.78  719.61  763.35    0.00    0.00    0.00    1.90    0.07    0.01    0.00    0.00    0.00    0.00    0.00
  12.010     702    3636       0       0    0.19   -0.27    3.51  151.40    0.87    5.38      -1      -1      -1       0   16.70  781.51    0.00  790.27    0.00    0.00    0.00    0.00  783.58  165.81  242.25    0.00    0.00    0.00    0.00    0.00    0.01    0.00    0.00
  12.020       0    3636       0       0    0.00   -0.28    3.48  151.40    0.91    5.38      -1      -1      -1       0    0.00    0.00  727.51    0.00  751.10  779.85  719.93  762.83    0.00    0.00    0.00    1.79    0.09    0.01    0.01    0.00    0.00    0.00    0.00
  12.030       0    3636       0       0    0.00   -0.29    3.40  151.40    0.86    5.38      -1      -1      -1       0   16.57  781.98    0.00  789.91    0.00    0.00    0.00    0.00  783.58  165.89  242.60    0.00    0.00    0.00    0.00    0.00    0.01    0.00    0.00
  12.040       0    3636       0       0    0.00   -0.30    3.32  151.40    0.81    5.38      -1      -1      -1       0    0.00    0.00  727.08    0.00  751.79  779.73  719.96  762.28    0.00    0.00    0.00    1.37    0.08    0.01    0.01    0.00    0.00    0.00    0.00
  12.050       0    3621       0       0    0.00   -0.29    3.26  151.40    0.78    5.38      -1      -1      -1       0   16.48  782.62    0.00  789.46    0.00    0.00    0.00    0.00  783.40  165.97  242.87    0.00    0.00    0.00    0.00    0.00    0.01    0.00    0.00
  12.060       0    3621       0       0    0.00   -0.29    3.22  151.40    0.79    5.38      -1      -1      -1       0    0.00    0.00  727.46    0.00  752.48  779.74  720.03  762.26    0.00    0.00    0.00    1.26    0.07    0.01    0.01    0.01    0.00    0.00    0.00
  12.070       0    3621       0       0    0.00   -0.29    3.21  151.40    0.82    5.38      -1      -1      -1       0   16.17  782.84    0.00  789.30    0.00    0.00    0.00    0.00  783.69  166.05  243.12    0.00    0.00    0.00    0.00    0.00    0.00    0.00    0.00
  12.080       0    3621       0       0    0.00   -0.28    3.17  151.40    0.80    5.38      -1      -1      -1       0    0.00    0.00  727.45    0.00  752.04  779.71  719.64  761.98    0.00    0.00    0.00    1.30    0.00    0.01    0.01    0.01    0.00    0.00    0.00
  12.090       0    3621       0       0    0.00   -0.28    3.13  151.40    0.74    5.38      -1      -1      -1       0   15.90  783.46    0.00  789.11    0.00    0.00    0.00    0.00  783.75  166.35  243.18    0.00    0.00    0.00    0.00    0.00    0.00    0.00    0.00
  12.100       0    3607       0       0    0.00   -0.28    3.02  151.35    0.73    5.22      -1      -1      -1       0    0.00    0.00  727.88    0.00  751.95  779.70  719.36  762.61    0.00    0.00    0.00    1.44    0.00    0.00    0.02    0.01    0.00    0.00    0.00
  12.110     597    3607       0       0    0.17   -0.27    3.00  151.33    0.70    5.02      -1      -1      -1       0   16.17  783.63    0.00  788.95    0.00    0.00    0.00    0.00  783.86  166.31  244.27    0.00    0.00    0.00    0.00    0.00    0.01    0.00    0.00
  12.120       0    3609       0       0    0.00   -0.27    3.02  151.33    0.70    4.97      -1      -1      -1       0    0.00    0.00  728.52    0.00  751.22  779.67  718.99  763.35    0.00    0.00    0.00    1.48    0.05    0.00    0.01    0.01    0.00    0.00    0.00
  12.130       0    3609       0       0    0.00   -0.26    3.16  151.38    0.70    5.12      -1      -1      -1       0   16.46  783.79    0.00  789.05    0.00    0.00    0.00    0.00  783.89  166.13  244.36    0.00    0.00    0.00    0.00    0.00    0.01    0.00    0.00
  12.140       0    3609       0       0    0.00   -0.26    3.19  151.40    0.72    5.31      -1      -1      -1       0    0.00    0.00  729.22    0.00  751.11  779.59  719.06  764.30    0.00    0.00    0.00    1.48    0.05    0.00    0.00    0.01    0.00    0.00    0.00
  12.150       0    3593       0       0    0.00   -0.24    3.20  151.40    0.71    5.36      -1      -1      -1       0   16.66  783.85    0.00  789.42    0.00    0.00    0.00    0.00  783.92  165.81  244.21    0.00    0.00    0.00    0.00    0.00    0.01    0.00    0.00
  12.160       0    3593       0       0    0.00   -0.24    3.17  151.40    0.67    5.38      -1      -1      -1       0    0.00    0.00  729.08    0.00  750.85  779.12  719.14  764.64    0.00    0.00    0.00    1.62    0.05    0.00    0.00    0.00    0.00    0.00    0.00
  12.170       0    3593       0       0    0.00   -0.24    3.13  151.40    0.65    5.38      -1      -1      -1       0   16.73  783.90    0.00  789.45    0.00    0.00    0.00    0.00  783.93  165.89  243.09    0.00    0.00    0.00    0.00    0.00    0.01    0.00    0.00
  12.180       0    3593       0       0    0.00   -0.24    3.09  151.40    0.62    5.38      -1      -1      -1       0    0.00    0.00  729.32    0.00  751.51  779.46  719.49  764.90    0.00    0.00    0.00    1.58    0.07    0.01    0.00    0.00    0.00    0.00    0.00
  12.190       0    3593       0       0    0.00   -0.24    3.04  151.40    0.62    5.38      -1      -1      -1       0   16.68  783.92    0.00  789.87    0.00    0.00    0.00    0.00  784.39  166.03  243.17    0.00    0.00    0.00    0.00    0.00    0.01    0.00    0.00
  12.200       0    3584       0       0    0.00   -0.24    3.03  151.40    0.60    5.38      -1      -1      -1       0    0.00    0.00  729.21    0.00  751.42  779.46  720.35  765.14    0.00    0.00    0.00    1.51    0.07    0.01    0.00    0.00    0.00    0.00    0.00
  12.210       0    3584       0       0    0.00   -0.24    3.00  151.40    0.56    5.38      -1      -1      -1       0   16.59  783.93    0.00  790.73    0.00    0.00    0.00    0.00  784.48  166.06  243.55    0.00    0.00    0.00    0.00    0.00    0.00    0.00    0.00
  12.220       0    3584       0       0    0.00   -0.24    2.96  151.40    0.49    5.38      -1      -1      -1       0    0.00    0.00  728.90    0.00  751.78  779.42  721.41  765.31    0.00    0.00    0.00    1.17    0.06    0.01    0.01    0.01    0.00    0.00    0.00
  12.230       0    3580       0       0    0.00   -0.24    2.91  151.40    0.47    5.38      -1      -1      -1       0   16.35  783.94    0.00  791.44    0.00    0.00    0.00    0.00  785.05  166.13  244.00    0.00    0.00    0.00    0.00    0.00    0.00    0.00    0.00
  12.240     459    3580       0       0    0.13   -0.23    2.94  151.40    0.46    5.38      -1      -1      -1       0    0.00    0.00  728.83    0.00  751.91  780.35  722.24  765.44    0.00    0.00    0.00    1.08    0.00    0.02    0.01    0.01    0.00    0.00    0.00
  12.250       0    3550       0       0    0.00   -0.23    2.94  151.40    0.43    5.38      -1      -1      -1       0   16.03  783.94    0.00  792.21    0.00    0.00    0.00    0.00  785.63  166.26  244.11    0.00    0.00    0.00    0.00    0.00    0.00    0.00    0.00
  12.260       0    3550       0       0    0.00   -0.22    2.94  151.40    0.37    5.38      -1      -1      -1       0    0.00    0.00  729.68    0.00  752.01  781.43  722.17  765.71    0.00    0.00    0.00    1.19    0.04    0.02    0.01    0.01    0.00    0.00    0.00
  12.270       0    3550       0       0    0.00   -0.23    2.88  151.40    0.38    5.22      -1      -1      -1       0   15.92  783.94    0.00  792.06    0.00    0.00    0.00    0.00  786.30  166.57  244.50    0.00    0.00    0.00    0.00    0.00    0.01    0.00    0.00
  12.280       0    3550       0       0    0.00   -0.23    2.80  151.35    0.41    5.02      -1      -1      -1       0    0.00    0.00  729.76    0.00  752.11  783.18  722.42  765.79    0.00    0.00    0.00    1.35    0.04    0.00    0.02    0.01    0.00    0.00    0.00
  12.290       0    3550       0       0    0.00   -0.23    2.78  151.33    0.42    4.97      -1      -1      -1       0   16.26  783.94    0.00  791.88    0.00    0.00    0.00    0.00  786.56  166.48  245.50    0.00    0.00    0.00    0.00    0.00    0.01    0.00    0.00
  12.300       0    3545       0       0    0.00   -0.24    2.80  151.33    0.37    5.12      -1      -1      -1       0    0.00    0.00  730.98    0.00  752.27  784.19  722.63  765.86    0.00    0.00    0.00    1.45    0.05    0.00    0.02    0.01    0.00    0.00    0.00
  12.310       0    3545       0       0    0.00   -0.24    2.88  151.38    0.34    5.31      -1      -1      -1       0   16.55  783.95    0.00  791.21    0.00    0.00    0.00    0.00  786.18  166.34  245.57    0.00    0.00    0.00    0.00    0.00    0.01    0.00    0.00
  12.320       0    3545       0       0    0.00   -0.25    2.89  151.40    0.35    5.36      -1      -1      -1       0    0.00    0.00  732.34    0.00  752.78  785.19  723.17  766.34    0.00    0.00    0.00    1.54    0.05    0.00    0.00    0.01    0.00    0.00    0.00
  12.330       0    3545       0       0    0.00   -0.25    2.90  151.40    0.38    5.38      -1      -1      -1       0   16.73  783.95    0.00  790.86    0.00    0.00    0.00    0.00  786.74  166.03  245.05    0.00    0.00    0.00    0.00    0.00    0.01    0.00    0.00
  12.340       0    3545       0       0    0.00   -0.25    2.90  151.40    0.38    5.38      -1      -1      -1       0    0.00    0.00  733.76    0.00  754.26  786.50  723.35  766.45    0.00    0.00    0.00    1.37    0.06    0.01    0.00    0.00    0.00    0.00    0.00
  12.350       0    3539       0       0    0.00   -0.24    2.87  151.40    0.31    5.38      -1      -1      -1       0   16.73  784.85    0.00  790.38    0.00    0.00    0.00    0.00  787.30  166.12  243.84    0.00    0.00    0.00    0.00    0.00    0.02    0.00    0.00
  12.360       0    3539       0       0    0.00   -0.24    2.83  151.40    0.21    5.38      -1      -1      -1       0    0.00    0.00  734.32    0.00  756.46  787.86  724.54  766.57    0.00    0.00    0.00    1.19    0.09    0.01    0.00    0.00    0.00    0.00    0.00
  12.370       0    3529       0       0    0.00   -0.22    2.78  151.40    0.16    5.38      -1      -1      -1       0   16.66  786.83    0.00  790.67    0.00    0.00    0.00    0.00  787.95  166.20  243.90    0.00    0.00    0.00    0.00    0.00    0.02    0.00    0.00
  12.380       0    3529       0       0    0.00   -0.22    2.77  151.40    0.17    5.38      -1      -1      -1       0    0.00    0.00  734.30    0.00  758.10  788.39  725.72  767.15    0.00    0.00    0.00    0.89    0.11    0.01    0.01    0.00    0.00    0.00    0.00
  12.390       0    3529       0       0    0.00   -0.23    2.74  151.40    0.26    5.38      -1      -1      -1       0   16.46  789.21    0.00  790.73    0.00    0.00    0.00    0.00  788.23  166.27  244.27    0.00    0.00    0.00    0.00    0.00    0.01    0.00    0.00
  12.400       0    3529       0       0    0.00   -0.23    2.70  151.40    0.37    5.38      -1      -1      -1       0    0.00    0.00  735.14    0.00  759.32  788.83  727.09  767.66    0.00    0.00    0.00    0.95    0.10    0.01    0.01    0.01    0.00    0.00    0.00
  12.410       0    3529       0       0    0.00   -0.22    2.69  151.40    0.41    5.38      -1      -1      -1       0   16.28  790.98    0.00  790.74    0.00    0.00    0.00    0.00  790.11  166.35  244.72    0.00    0.00    0.00    0.00    0.00    0.00    0.00    0.00
  12.420       0    3518       0       0    0.00   -0.22    2.72  151.40    0.37    5.38      -1      -1      -1       0    0.00    0.00  736.31    0.00  760.34  790.77  727.60  767.87    0.00    0.00    0.00    1.03    0.00    0.01    0.01    0.01    0.00    0.00    0.00
  12.430       0    3518       0       0    0.00   -0.22    2.72  151.40    0.27    5.38      -1      -1      -1       0   15.99  791.81    0.00  790.71    0.00    0.00    0.00    0.00  791.89  166.59  244.83    0.00    0.00    0.00    0.00    0.00    0.00    0.00    0.00
  12.440       0    3518       0       0    0.00   -0.22    2.66  151.40    0.20    5.38      -1      -1      -1       0    0.00    0.00  736.72    0.00  760.79  792.14  727.14  768.92    0.00    0.00    0.00    1.18    0.00    0.01    0.01    0.01    0.00    0.00    0.00
  12.450       0    3518       0       0    0.00   -0.22    2.55  151.35    0.15    5.22      -1      -1      -1       0   16.06  792.34    0.00  790.71    0.00    0.00    0.00    0.00  793.53  166.59  245.40    0.00    0.00    0.00    0.00    0.00    0.01    0.00    0.00
  12.460       0    3518       0       0    0.00   -0.22    2.52  151.33    0.14    5.02      -1      -1      -1       0    0.00    0.00  738.10    0.00  762.01  793.71  727.43  770.07    0.00    0.00    0.00    1.21    0.00    0.00    0.03    0.01    0.00    0.00    0.00
  12.470       0    3514       0       0    0.00   -0.22    2.54  151.39    0.14    4.97      -1      -1      -1       0   16.37  792.61    0.00  790.72    0.00    0.00    0.00    0.00  794.21  166.43  245.36    0.00    0.00    0.00    0.00    0.00    0.01    0.00    0.00
  12.480       0    3514       0       0    0.00   -0.22    2.62  151.51    0.17    5.12      -1      -1      -1       0    0.00    0.00  740.56    0.00  763.67  794.30  727.94  771.86    0.00    0.00    0.00    1.22    0.07    0.00    0.02    0.02    0.00    0.00    0.00
  12.490       0    3503       0       0    0.00   -0.22    2.63  151.60    0.19    5.31      -1      -1      -1       0   16.66  792.76    0.00  790.71    0.00    0.00    0.00    0.00  794.67  166.11  245.17    0.00    0.00    0.00    0.00    0.00    0.01    0.00    0.00
  12.500       0    3503       0       0    0.00   -0.22    2.64  151.62    0.21    5.53      -1      -1      -1       0    0.00    0.00  743.13    0.00  764.24  794.73  728.10  772.90    0.00    0.00    0.00    1.42    0.06    0.00    0.00    0.02    0.00    0.00    0.00
  12.510       0    3503       0       0    0.00   -0.22    2.64  151.63    0.22    5.58      -1      -1      -1       0   16.75  793.75    0.00  790.71    0.00    0.00    0.00    0.00  795.35  166.08  244.40    0.00    0.00    0.00    0.00    0.00    0.01    0.00    0.00
  12.520       0    3503       0       0    0.00   -0.22    2.64  151.63    0.22    5.59      -1      -1      -1       0    0.00    0.00  744.59    0.00  765.59  794.93  728.21  773.47    0.00    0.00    0.00    1.34    0.07    0.01    0.00    0.00    0.00    0.00    0.00
  12.530       0    3503       0       0    0.00   -0.22    2.61  151.57    0.22    5.43      -1      -1      -1       0   16.70  795.33    0.00  791.16    0.00    0.00    0.00    0.00  796.03  166.19  244.21    0.00    0.00    0.00    0.00    0.00    0.01    0.00    0.00
  12.540       0    3470       0       0    0.00   -0.22    2.57  151.50    0.22    5.39      -1      -1      -1       0    0.00    0.00  744.95    0.00  767.78  795.51  729.26  773.79    0.00    0.00    0.00    1.25    0.08    0.01    0.01    0.00    0.00    0.00    0.00
  12.550       0    3470       0       0    0.00   -0.22    2.52  151.43    0.24    5.38      -1      -1      -1       0   16.57  797.19    0.00  792.15    0.00    0.00    0.00    0.00  796.30  166.33  244.53    0.00    0.00    0.00    0.00    0.00    0.00    0.00    0.00
  12.560       0    3470       0       0    0.00   -0.22    2.51  151.41    0.27    5.38      -1      -1      -1       0    0.00    0.00  745.31    0.00  769.84  795.66  730.34  774.46    0.00    0.00    0.00    0.91    0.08    0.01    0.01    0.00    0.00    0.00    0.00
  12.570       0    3470       0       0    0.00   -0.22    2.51  151.40    0.30    5.38      -1      -1      -1       0   16.46  798.78    0.00  793.34    0.00    0.00    0.00    0.00  797.42  166.42  244.96    0.00    0.00    0.00    0.00    0.00    0.01    0.00    0.00
  12.580       0    3470       0       0    0.00   -0.22    2.51  151.40    0.31    5.38      -1      -1      -1       0    0.00    0.00  745.90    0.00  771.14  797.16  731.22  775.67    0.00    0.00    0.00    0.95    0.07    0.01    0.01    0.01    0.00    0.00    0.00
  12.590       0    3470       0       0    0.00   -0.23    2.51  151.40    0.29    5.38      -1      -1      -1       0   16.17  799.47    0.00  794.22    0.00    0.00    0.00    0.00  799.92  166.50  245.43    0.00    0.00    0.00    0.00    0.00    0.00    0.00    0.00
  12.600       0    3472       0       0    0.00   -0.23    2.48  151.40    0.26    5.38      -1      -1      -1       0    0.00    0.00  746.54    0.00  770.91  798.84  732.06  776.11    0.00    0.00    0.00    1.03    0.00    0.01    0.01    0.01    0.00    0.00    0.00
  12.610       0    3472       0       0    0.00   -0.23    2.44  151.40    0.23    5.38      -1      -1      -1       0   15.97  800.38    0.00  794.19    0.00    0.00    0.00    0.00  802.45  166.80  245.55    0.00    0.00    0.00    0.00    0.00    0.00    0.00    0.00
  12.620       0    3467       0       0    0.00   -0.23    2.36  151.40    0.21    5.38      -1      -1      -1       0    0.00    0.00  746.79    0.00  771.45  800.38  732.04  778.02    0.00    0.00    0.00    1.18    0.00    0.00    0.01    0.01    0.00    0.00    0.00
  12.630       0    3467       0       0    0.00   -0.23    2.38  151.46    0.20    5.22      -1      -1      -1       0   16.17  800.70    0.00  794.43    0.00    0.00    0.00    0.00  804.36  166.81  246.48    0.00    0.00    0.00    0.00    0.00    0.01    0.00    0.00
  12.640       0    3459       0       0    0.00   -0.23    2.41  151.53    0.20    5.18      -1      -1      -1       0    0.00    0.00  748.82    0.00  772.23  801.47  732.83  779.40    0.00    0.00    0.00    1.28    0.06    0.00    0.01    0.01    0.00    0.00    0.00
  12.650       0    3459       0       0    0.00   -0.23    2.49  151.60    0.20    5.17      -1      -1      -1       0   16.48  801.39    0.00  795.10    0.00    0.00    0.00    0.00  805.24  166.71  246.53    0.00    0.00    0.00    0.00    0.00    0.01    0.00    0.00
  12.660       0    3449       0       0    0.00   -0.23    2.50  151.62    0.22    5.49      -1      -1      -1       0    0.00    0.00  751.02    0.00  772.49  802.00  733.15  780.95    0.00    0.00    0.00    1.30    0.06    0.00    0.00    0.01    0.00    0.00    0.00
  12.670       0    3449       0       0    0.00   -0.23    2.51  151.63    0.24    5.57      -1      -1      -1       0   16.68  801.73    0.00  795.29    0.00    0.00    0.00    0.00  805.80  166.34  246.36    0.00    0.00    0.00    0.00    0.00    0.01    0.00    0.00
  12.680       0    3449       0       0    0.00   -0.23    2.51  151.63    0.26    5.59      -1      -1      -1       0    0.00    0.00  752.77    0.00  774.11  802.32  733.37  781.54    0.00    0.00    0.00    1.44    0.06    0.01    0.00    0.01    0.00    0.00    0.00
  12.690       0    3449       0       0    0.00   -0.23    2.51  151.63    0.28    5.43      -1      -1      -1       0   16.70  802.70    0.00  795.50    0.00    0.00    0.00    0.00  806.09  166.31  245.24    0.00    0.00    0.00    0.00    0.00    0.01    0.00    0.00
  12.700       0    3449       0       0    0.00   -0.23    2.48  151.57    0.29    5.39      -1      -1      -1       0    0.00    0.00  754.01    0.00  776.09  802.94  734.08  782.42    0.00    0.00    0.00    1.35    0.07    0.01    0.00    0.00    0.00    0.00    0.00
  12.710       0    3449       0       0    0.00   -0.23    2.44  151.50    0.29    5.38      -1      -1      -1       0   16.68  804.32    0.00  796.63    0.00    0.00    0.00    0.00  806.71  166.30  245.32    0.00    0.00    0.00    0.00    0.00    0.01    0.00    0.00
  12.720       0    3449       0       0    0.00   -0.23    2.39  151.43    0.27    5.38      -1      -1      -1       0    0.00    0.00  753.71    0.00  777.71  803.14  735.49  783.16    0.00    0.00    0.00    1.26    0.07    0.01    0.00    0.00    0.00    0.00    0.00
  12.730       0    3435       0       0    0.00   -0.22    2.38  151.46    0.25    5.38      -1      -1      -1       0   16.57  805.74    0.00  798.25    0.00    0.00    0.00    0.00  806.89  166.35  245.70    0.00    0.00    0.00    0.00    0.00    0.00    0.00    0.00
  12.740       0    3435       0       0    0.00   -0.22    2.38  151.47    0.21    5.38      -1      -1      -1       0    0.00    0.00  753.97    0.00  778.43  803.37  736.81  783.94    0.00    0.00    0.00    0.97    0.06    0.01    0.01    0.00    0.00    0.00    0.00
  12.750       0    3431       0       0    0.00   -0.22    2.38  151.53    0.20    5.38      -1      -1      -1       0   16.35  807.24    0.00  799.70    0.00    0.00    0.00    0.00  808.85  166.42  245.98    0.00    0.00    0.00    0.00    0.00    0.00    0.00    0.00
  12.760       0    3431       0       0    0.00   -0.22    2.38  151.49    0.20    5.38      -1      -1      -1       0    0.00    0.00  754.66    0.00  778.90  804.73  738.26  784.38    0.00    0.00    0.00    0.97    0.04    0.02    0.01    0.01    0.00    0.00    0.00
  12.770       0    3431       0       0    0.00   -0.22    2.35  151.48    0.23    5.38      -1      -1      -1       0   16.06  807.83    0.00  800.32    0.00    0.00    0.00    0.00  811.08  166.61  246.05    0.00    0.00    0.00    0.00    0.00    0.00    0.00    0.00
  12.780       0    3422       0       0    0.00   -0.22    2.31  151.42    0.26    5.38      -1      -1      -1       0    0.00    0.00  755.30    0.00  779.59  805.95  738.36  785.83    0.00    0.00    0.00    1.10    0.00    0.02    0.01    0.01    0.00    0.00    0.00
  12.790       0    3422       0       0    0.00   -0.23    2.23  151.40    0.26    5.38      -1      -1      -1       0   15.94  808.25    0.00  801.63    0.00    0.00    0.00    0.00  813.27  166.83  246.42    0.00    0.00    0.00    0.00    0.00    0.01    0.00    0.00
  12.800       0    3416       0       0    0.00   -0.23    2.21  151.35    0.23    5.22      -1      -1      -1       0    0.00    0.00  755.55    0.00  779.82  807.82  739.15  787.11    0.00    0.00    0.00    1.26    0.05    0.00    0.02    0.01    0.00    0.00    0.00
  12.810       0    3416       0       0    0.00   -0.23    2.24  151.39    0.23    5.18      -1      -1      -1       0   16.26  808.90    0.00  801.57    0.00    0.00    0.00    0.00  814.15  166.77  247.41    0.00    0.00    0.00    0.00    0.00    0.01    0.00    0.00
  12.820       0    3414       0       0    0.00   -0.23    2.31  151.46    0.24    5.33      -1      -1      -1       0    0.00    0.00  757.23    0.00  780.45  807.99  739.62  789.01    0.00    0.00    0.00    1.36    0.05    0.00    0.02    0.02    0.00    0.00    0.00
  12.830       0    3414       0       0    0.00   -0.23    2.36  151.59    0.28    5.69      -1      -1      -1       0   16.57  809.11    0.00  801.82    0.00    0.00    0.00    0.00  814.77  166.64  247.30    0.00    0.00    0.00    0.00    0.00    0.01    0.00    0.00
  12.840       0    3414       0       0    0.00   -0.22    2.38  151.62    0.29    5.95      -1      -1      -1       0    0.00    0.00  759.41    0.00  780.65  808.39  740.34  790.55    0.00    0.00    0.00    1.52    0.06    0.00    0.00    0.02    0.00    0.00    0.00
  12.850       0    3403       0       0    0.00   -0.22    2.38  151.63    0.29    6.01      -1      -1      -1       0   16.68  809.28    0.00  802.32    0.00    0.00    0.00    0.00  815.52  166.44  246.56    0.00    0.00    0.00    0.00    0.00    0.01    0.00    0.00
  12.860       0    3403       0       0    0.00   -0.20    2.38  151.63    0.27    6.02      -1      -1      -1       0    0.00    0.00  761.09    0.00  782.59  808.96  740.74  791.24    0.00    0.00    0.00    1.50    0.06    0.01    0.00    0.00    0.00    0.00    0.00
  12.870       0    3392       0       0    0.00   -0.20    2.35  151.63    0.25    6.03      -1      -1      -1       0   16.70  810.75    0.00  802.45    0.00    0.00    0.00    0.00  816.24  166.50  245.65    0.00    0.00    0.00    0.00    0.00    0.02    0.00    0.00
  12.880       0    3392       0       0    0.00   -0.19    2.31  151.63    0.23    6.03      -1      -1      -1       0    0.00    0.00  761.86    0.00  783.92  809.15  742.27  791.23    0.00    0.00    0.00    1.36    0.09    0.01    0.01    0.00    0.00    0.00    0.00
  12.890       0    3371       0       0    0.00   -0.18    2.26  151.63    0.24    6.03      -1      -1      -1       0   16.64  812.39    0.00  802.58    0.00    0.00    0.00    0.00  816.99  166.57  245.96    0.00    0.00    0.00    0.00    0.00    0.02    0.00    0.00
  12.900       0    3371       0       0    0.00   -0.19    2.25  151.63    0.24    6.03      -1      -1      -1       0    0.00    0.00  762.35    0.00  785.92  809.30  744.00  791.37    0.00    0.00    0.00    1.06    0.09    0.01    0.01    0.00    0.00    0.00    0.00
  12.910       0    3371       0       0    0.00   -0.19    2.25  151.63    0.24    6.03      -1      -1      -1       0   16.53  813.91    0.00  803.61    0.00    0.00    0.00    0.00  817.29  166.70  246.40    0.00    0.00    0.00    0.00    0.00    0.00    0.00    0.00
  12.920       0    3371       0       0    0.00   -0.19    2.25  151.63    0.23    6.03      -1      -1      -1       0    0.00    0.00  763.05    0.00  786.59  810.32  745.11  791.50    0.00    0.00    0.00    0.93    0.07    0.01    0.01    0.01    0.00    0.00    0.00
  12.930       0    3371       0       0    0.00   -0.20    2.25  151.63    0.22    6.03      -1      -1      -1       0   16.28  814.09    0.00  804.67    0.00    0.00    0.00    0.00  819.29  166.79  246.51    0.00    0.00    0.00    0.00    0.00    0.00    0.00    0.00
  12.940       0    3371       0       0    0.00   -0.21    2.25  151.63    0.22    6.03      -1      -1      -1       0    0.00    0.00  763.74    0.00  786.67  811.41  745.67  791.66    0.00    0.00    0.00    1.02    0.00    0.01    0.01    0.01    0.00    0.00    0.00
  12.950       0    3371       0       0    0.00   -0.22    2.25  151.57    0.22    6.03      -1      -1      -1       0   16.01  813.98    0.00  805.09    0.00    0.00    0.00    0.00  821.11  166.98  246.72    0.00    0.00    0.00    0.00    0.00    0.00    0.00    0.00
  12.960       0    3371       0       0    0.00   -0.23    2.22  151.50    0.22    6.03      -1      -1      -1       0    0.00    0.00  764.47    0.00  786.82  812.28  746.01  792.99    0.00    0.00    0.00    1.18    0.04    0.00    0.01    0.01    0.00    0.00    0.00
  12.970       0    3371       0       0    0.00   -0.23    2.14  151.43    0.21    5.87      -1      -1      -1       0   16.08  814.13    0.00  805.38    0.00    0.00    0.00    0.00  822.77  166.92  247.49    0.00    0.00    0.00    0.00    0.00    0.01    0.00    0.00
  12.980       0    3370       0       0    0.00   -0.22    2.13  151.46    0.20    5.83      -1      -1      -1       0    0.00    0.00  765.20    0.00  787.40  813.12  745.74  794.51    0.00    0.00    0.00    1.28    0.04    0.00    0.02    0.01    0.00    0.00    0.00
  12.990       0    3360       0       0    0.00   -0.22    2.15  151.53    0.20    5.82      -1      -1      -1       0   16.39  814.32    0.00  805.62    0.00    0.00    0.00    0.00  822.56  166.79  247.50    0.00    0.00    0.00    0.00    0.00    0.01    0.00    0.00
  13.000       0    3360       0       0    0.00   -0.22    2.23  151.61    0.22    5.98      -1      -1      -1       0    0.00    0.00  766.85    0.00  788.01  813.46  745.75  796.42    0.00    0.00    0.00    1.30    0.05    0.00    0.02    0.02    0.00    0.00    0.00
  13.010       0    3356       0       0    0.00   -0.21    2.24  151.62    0.22    6.02      -1      -1      -1       0   16.64  814.40    0.00  805.81    0.00    0.00    0.00    0.00  822.63  166.53  246.96    0.00    0.00    0.00    0.00    0.00    0.01    0.00    0.00
  13.020       0    3356       0       0    0.00   -0.21    2.25  151.63    0.22    6.03      -1      -1      -1       0    0.00    0.00  768.22    0.00  788.28  814.15  746.22  797.56    0.00    0.00    0.00    1.64    0.06    0.01    0.00    0.02    0.00    0.00    0.00
  13.030       0    3356       0       0    0.00   -0.21    2.25  151.63    0.22    6.03      -1      -1      -1       0   16.73  815.66    0.00  805.95    0.00    0.00    0.00    0.00  822.93  166.53  246.11    0.00    0.00    0.00    0.00    0.00    0.01    0.00    0.00
  13.040       0    3356       0       0    0.00   -0.21    2.25  151.63    0.22    6.03      -1      -1      -1       0    0.00    0.00  769.28    0.00  789.68  814.35  746.33  797.72    0.00    0.00    0.00    1.66    0.07    0.01    0.00    0.00    0.00    0.00    0.00
  13.050       0    3327       0       0    0.00   -0.20    2.25  151.63    0.24    6.03      -1      -1      -1       0   16.68  817.10    0.00  806.68    0.00    0.00    0.00    0.00  823.52  166.58  246.26    0.00    0.00    0.00    0.00    0.00    0.01    0.00    0.00
  13.060       0    3327       0       0    0.00   -0.20    2.22  151.63    0.24    6.03      -1      -1      -1       0    0.00    0.00  769.05    0.00  791.36  815.03  747.73  798.43    0.00    0.00    0.00    1.53    0.06    0.01    0.00    0.01    0.00    0.00    0.00
  13.070       0    3327       0       0    0.00   -0.20    2.21  151.63    0.24    6.03      -1      -1      -1       0   16.59  818.54    0.00  807.76    0.00    0.00    0.00    0.00  823.68  166.70  246.65    0.00    0.00    0.00    0.00    0.00    0.01    0.00    0.00
  13.080       0    3327       0       0    0.00   -0.20    2.21  151.63    0.23    6.03      -1      -1      -1       0    0.00    0.00  769.04    0.00  792.88  815.35  749.36  798.63    0.00    0.00    0.00    1.04    0.05    0.01    0.01    0.00    0.00    0.00    0.00
  13.090       0    3327       0       0    0.00   -0.20    2.24  151.63    0.24    6.03      -1      -1      -1       0   16.46  819.57    0.00  809.02    0.00    0.00    0.00    0.00  825.17  166.79  246.93    0.00    0.00    0.00    0.00    0.00    0.00    0.00    0.00
  13.100       0    3327       0       0    0.00   -0.20    2.25  151.63    0.26    6.03      -1      -1      -1       0    0.00    0.00  769.20    0.00  792.62  816.26  750.87  799.29    0.00    0.00    0.00    1.05    0.04    0.01    0.01    0.01    0.00    0.00    0.00
  13.110       0    3327       0       0    0.00   -0.20    2.22  151.63    0.26    6.03      -1      -1      -1       0   16.17  819.16    0.00  809.94    0.00    0.00    0.00    0.00  826.71  166.87  247.18    0.00    0.00    0.00    0.00    0.00    0.00    0.00    0.00
  13.120       0    3327       0       0    0.00   -0.20    2.18  151.63    0.25    6.03      -1      -1      -1       0    0.00    0.00  769.40    0.00  792.11  816.51  750.60  799.60    0.00    0.00    0.00    1.18    0.02    0.01    0.01    0.01    0.00    0.00    0.00
  13.130       0    3327       0       0    0.00   -0.20    2.13  151.63    0.21    5.87      -1      -1      -1       0   15.97  819.44    0.00  809.92    0.00    0.00    0.00    0.00  827.77  167.12  247.60    0.00    0.00    0.00    0.00    0.00    0.01    0.00    0.00
  13.140       0    3323       0       0    0.00   -0.20    2.09  151.57    0.19    5.66      -1      -1      -1       0    0.00    0.00  769.42    0.00  792.39  817.64  750.68  800.96    0.00    0.00    0.00    1.28    0.03    0.00    0.01    0.01    0.00    0.00    0.00
  13.150       0    3323       0       0    0.00   -0.20    2.11  151.56    0.18    5.29      -1      -1      -1       0   16.19  820.08    0.00  809.71    0.00    0.00    0.00    0.00  828.29  167.12  248.60    0.00    0.00    0.00    0.00    0.00    0.01    0.00    0.00
  13.160       0    3323       0       0    0.00   -0.20    2.15  151.55    0.21    5.36      -1      -1      -1       0    0.00    0.00  770.68    0.00  792.59  818.37  750.95  802.19    0.00    0.00    0.00    1.31    0.04    0.00    0.01    0.01    0.00    0.00    0.00
  13.170       0    3320       0       0    0.00   -0.20    2.23  151.61    0.25    5.54      -1      -1      -1       0   16.53  820.26    0.00  809.91    0.00    0.00    0.00    0.00  828.61  167.06  248.50    0.00    0.00    0.00    0.00    0.00    0.01    0.00    0.00
  13.180       0    3320       0       0    0.00   -0.20    2.24  151.63    0.28    5.91      -1      -1      -1       0    0.00    0.00  772.09    0.00  792.53  818.74  751.10  803.61    0.00    0.00    0.00    1.44    0.05    0.01    0.01    0.01    0.00    0.00    0.00
  13.190       0    3309       0       0    0.00   -0.20    2.25  151.63    0.27    6.00      -1      -1      -1       0   16.70  820.40    0.00  810.09    0.00    0.00    0.00    0.00  828.77  166.77  248.11    0.00    0.00    0.00    0.00    0.00    0.01    0.00    0.00
  13.200       0    3309       0       0    0.00   -0.20    2.25  151.63    0.25    6.02      -1      -1      -1       0    0.00    0.00  773.52    0.00  793.59  818.51  751.15  803.24    0.00    0.00    0.00    1.48    0.06    0.01    0.00    0.00    0.00    0.00    0.00
  13.210       0    3303       0       0    0.00   -0.20    2.25  151.63    0.23    6.03      -1      -1      -1       0   16.70  821.49    0.00  810.12    0.00    0.00    0.00    0.00  828.87  166.81  246.94    0.00    0.00    0.00    0.00    0.00    0.02    0.00    0.00
  13.220       0    3303       0       0    0.00   -0.20    2.22  151.63    0.22    5.87      -1      -1      -1       0    0.00    0.00  774.08    0.00  795.26  818.67  752.51  803.04    0.00    0.00    0.00    1.35    0.07    0.01    0.00    0.01    0.00    0.00    0.00
  13.230       0    3303       0       0    0.00   -0.20    2.18  151.63    0.22    5.83      -1      -1      -1       0   16.66  822.62    0.00  810.86    0.00    0.00    0.00    0.00  828.92  166.93  247.00    0.00    0.00    0.00    0.00    0.00    0.02    0.00    0.00
  13.240       0    3303       0       0    0.00   -0.20    2.13  151.63    0.22    5.82      -1      -1      -1       0    0.00    0.00  774.03    0.00  797.15  818.85  753.99  803.71    0.00    0.00    0.00    1.13    0.06    0.01    0.00    0.00    0.00    0.00    0.00
  13.250       0    3273       0       0    0.00   -0.20    2.16  151.63    0.22    5.81      -1      -1      -1       0   16.59  823.96    0.00  811.68    0.00    0.00    0.00    0.00  828.95  167.07  247.38    0.00    0.00    0.00    0.00    0.00    0.00    0.00    0.00
  13.260       0    3273       0       0    0.00   -0.20    2.16  151.63    0.22    5.65      -1      -1      -1       0    0.00    0.00  773.85    0.00  798.31  818.95  755.46  804.02    0.00    0.00    0.00    1.07    0.06    0.01    0.01    0.00    0.00    0.00    0.00
  13.270       0    3273       0       0    0.00   -0.21    2.20  151.63    0.22    5.45      -1      -1      -1       0   16.37  824.90    0.00  812.89    0.00    0.00    0.00    0.00  830.32  167.05  248.01    0.00    0.00    0.00    0.00    0.00    0.00    0.00    0.00
  13.280       0    3273       0       0    0.00   -0.20    2.17  151.63    0.21    5.40      -1      -1      -1       0    0.00    0.00  774.09    0.00  798.03  819.74  756.50  804.10    0.00    0.00    0.00    1.19    0.04    0.02    0.01    0.01    0.00    0.00    0.00
  13.290       0    3273       0       0    0.00   -0.20    2.17  151.63    0.20    5.38      -1      -1      -1       0   16.06  824.91    0.00  813.30    0.00    0.00    0.00    0.00  831.95  167.10  248.35    0.00    0.00    0.00    0.00    0.00    0.01    0.00    0.00
  13.300       0    3273       0       0    0.00   -0.20    2.13  151.63    0.20    5.38      -1      -1      -1       0    0.00    0.00  774.20    0.00  798.13  820.63  756.10  805.40    0.00    0.00    0.00    1.22    0.04    0.02    0.01    0.01    0.00    0.00    0.00
  13.310       0    3273       0       0    0.00   -0.20    2.09  151.57    0.22    5.38      -1      -1      -1       0   15.99  825.10    0.00  812.86    0.00    0.00    0.00    0.00  833.45  167.12  248.61    0.00    0.00    0.00    0.00    0.00    0.01    0.00    0.00
  13.320       0    3273       0       0    0.00   -0.20    2.11  151.50    0.20    5.22      -1      -1      -1       0    0.00    0.00  774.22    0.00  798.33  821.41  755.93  806.68    0.00    0.00    0.00    1.29    0.00    0.00    0.02    0.01    0.00    0.00    0.00
  13.330       0    3273       0       0    0.00   -0.20    2.15  151.48    0.20    5.18      -1      -1      -1       0   16.30  825.22    0.00  813.10    0.00    0.00    0.00    0.00  834.07  167.12  248.86    0.00    0.00    0.00    0.00    0.00    0.01    0.00    0.00
  13.340       0    3265       0       0    0.00   -0.21    2.23  151.54    0.20    5.17      -1      -1      -1       0    0.00    0.00  775.38    0.00  798.95  821.25  756.18  807.65    0.00    0.00    0.00    1.37    0.05    0.01    0.02    0.01    0.00    0.00    0.00
  13.350       0    3265       0       0    0.00   -0.21    2.24  151.61    0.22    5.33      -1      -1      -1       0   16.61  825.83    0.00  813.14    0.00    0.00    0.00    0.00  833.74  166.95  248.74    0.00    0.00    0.00    0.00    0.00    0.01    0.00    0.00
  13.360       0    3240       0       0    0.00   -0.20    2.25  151.62    0.22    5.37      -1      -1      -1       0    0.00    0.00  776.24    0.00  799.08  821.10  756.33  808.10    0.00    0.00    0.00    1.65    0.06    0.00    0.00    0.01    0.00    0.00    0.00
  13.370       0    3240       0       0    0.00   -0.20    2.25  151.63    0.22    5.38      -1      -1      -1       0   16.75  826.01    0.00  813.20    0.00    0.00    0.00    0.00  833.65  166.80  248.35    0.00    0.00    0.00    0.00    0.00    0.01    0.00    0.00
  13.380       0    3240       0       0    0.00   -0.20    2.25  151.63    0.22    5.38      -1      -1      -1       0    0.00    0.00  777.54    0.00  800.06  821.32  756.29  807.97    0.00    0.00    0.00    1.59    0.06    0.01    0.00    0.00    0.00    0.00    0.00
  13.390       0    3240       0       0    0.00   -0.20    2.22  151.63    0.22    5.38      -1      -1      -1       0   16.70  827.01    0.00  813.18    0.00    0.00    0.00    0.00  833.56  166.81  247.71    0.00    0.00    0.00    0.00    0.00    0.02    0.00    0.00
  13.400       0    3240       0       0    0.00   -0.19    2.18  151.63    0.22    5.38      -1      -1      -1       0    0.00    0.00  777.97    0.00  801.45  821.46  756.98  808.23    0.00    0.00    0.00    1.38    0.09    0.01    0.00    0.00    0.00    0.00    0.00
  13.410       0    3240       0       0    0.00   -0.20    2.13  151.63    0.24    5.38      -1      -1      -1       0   16.64  828.00    0.00  814.11    0.00    0.00    0.00    0.00  833.70  166.99  247.73    0.00    0.00    0.00    0.00    0.00    0.02    0.00    0.00
  13.420       0    3240       0       0    0.00   -0.20    2.12  151.63    0.26    5.38      -1      -1      -1       0    0.00    0.00  777.87    0.00  802.38  821.47  757.72  808.80    0.00    0.00    0.00    1.01    0.09    0.01    0.01    0.00    0.00    0.00    0.00
  13.430       0    3240       0       0    0.00   -0.20    2.12  151.63    0.26    5.38      -1      -1      -1       0   16.53  828.85    0.00  815.20    0.00    0.00    0.00    0.00  833.63  167.14  247.92    0.00    0.00    0.00    0.00    0.00    0.00    0.00    0.00
  13.440       0    3240       0       0    0.00   -0.20    2.12  151.63    0.25    5.38      -1      -1      -1       0    0.00    0.00  777.55    0.00  802.85  821.74  758.45  809.41    0.00    0.00    0.00    1.04    0.07    0.01    0.01    0.01    0.00    0.00    0.00
  13.450       0    3240       0       0    0.00   -0.20    2.12  151.63    0.23    5.38      -1      -1      -1       0   16.26  828.37    0.00  816.50    0.00    0.00    0.00    0.00  834.51  167.18  248.50    0.00    0.00    0.00    0.00    0.00    0.00    0.00    0.00
  13.460       0    3240       0       0    0.00   -0.20    2.12  151.63    0.22    5.38      -1      -1      -1       0    0.00    0.00  778.08    0.00  802.57  822.43  759.19  809.68    0.00    0.00    0.00    1.18    0.03    0.01    0.01    0.01    0.00    0.00    0.00
  13.470       0    3234       0       0    0.00   -0.20    2.12  151.63    0.22    5.38      -1      -1      -1       0   15.99  828.24    0.00  816.53    0.00    0.00    0.00    0.00  835.56  167.30  248.65    0.00    0.00    0.00    0.00    0.00    0.01    0.00    0.00
  13.480       0    3234       0       0    0.00   -0.20    2.09  151.57    0.22    5.22      -1      -1      -1       0    0.00    0.00  778.18    0.00  802.70  823.07  758.74  810.87    0.00    0.00    0.00    1.35    0.04    0.00    0.01    0.01    0.00    0.00    0.00
  13.490       0    3208       0       0    0.00   -0.20    2.01  151.50    0.21    5.02      -1      -1      -1       0   16.08  828.94    0.00  816.34    0.00    0.00    0.00    0.00  836.81  167.28  249.23    0.00    0.00    0.00    0.00    0.00    0.01    0.00    0.00
  13.500       0    3208       0       0    0.00   -0.20    2.03  151.48    0.20    4.97      -1      -1      -1       0    0.00    0.00  778.68    0.00  802.94  823.79  758.95  812.04    0.00    0.00    0.00    1.39    0.05    0.00    0.02    0.01    0.00    0.00    0.00
  13.510       0    3208       0       0    0.00   -0.20    2.10  151.54    0.20    5.12      -1      -1      -1       0   16.39  829.13    0.00  816.06    0.00    0.00    0.00    0.00  836.57  167.22  249.01    0.00    0.00    0.00    0.00    0.00    0.01    0.00    0.00
  13.520       0    3208       0       0    0.00   -0.19    2.18  151.61    0.22    5.31      -1      -1      -1       0    0.00    0.00  780.12    0.00  803.51  823.65  759.50  812.51    0.00    0.00    0.00    1.46    0.06    0.00    0.02    0.02    0.00    0.00    0.00
  13.530       0    3208       0       0    0.00   -0.19    2.20  151.62    0.22    5.36      -1      -1      -1       0   16.68  829.18    0.00  816.18    0.00    0.00    0.00    0.00  836.53  166.98  248.95    0.00    0.00    0.00    0.00    0.00    0.01    0.00    0.00
  13.540       0    3208       0       0    0.00   -0.19    2.17  151.63    0.22    5.38      -1      -1      -1       0    0.00    0.00  781.23    0.00  803.64  823.48  759.65  812.84    0.00    0.00    0.00    1.81    0.06    0.00    0.00    0.02    0.00    0.00    0.00
  13.550       0    3208       0       0    0.00   -0.19    2.17  151.63    0.22    5.38      -1      -1      -1       0   16.75  830.40    0.00  816.11    0.00    0.00    0.00    0.00  836.73  166.97  248.40    0.00    0.00    0.00    0.00    0.00    0.02    0.00    0.00
  13.560       0    3208       0       0    0.00   -0.18    2.13  151.63    0.24    5.38      -1      -1      -1       0    0.00    0.00  782.19    0.00  804.61  823.70  759.74  812.77    0.00    0.00    0.00    1.76    0.06    0.01    0.00    0.00    0.00    0.00    0.00
  13.570       0    3208       0       0    0.00   -0.18    2.12  151.63    0.24    5.22      -1      -1      -1       0   16.70  831.56    0.00  816.48    0.00    0.00    0.00    0.00  836.93  167.03  248.63    0.00    0.00    0.00    0.00    0.00    0.01    0.00    0.00
  13.580       0    3204       0       0    0.00   -0.18    2.12  151.63    0.24    5.02      -1      -1      -1       0    0.00    0.00  782.15    0.00  805.98  823.82  760.80  812.91    0.00    0.00    0.00    1.56    0.06    0.01    0.00    0.01    0.00    0.00    0.00
  13.590       0    3204       0       0    0.00   -0.18    2.12  151.63    0.23    4.81      -1      -1      -1       0   16.61  832.48    0.00  817.30    0.00    0.00    0.00    0.00  836.95  167.15  248.86    0.00    0.00    0.00    0.00    0.00    0.00    0.00    0.00
  13.600       0    3198       0       0    0.00   -0.17    2.12  151.63    0.21    4.76      -1      -1      -1       0    0.00    0.00  781.79    0.00  806.45  823.83  761.42  813.44    0.00    0.00    0.00    1.05    0.05    0.01    0.01    0.00    0.00    0.00    0.00
  13.610       0    3198       0       0    0.00   -0.17    2.12  151.63    0.19    4.74      -1      -1      -1       0   16.46  832.90    0.00  818.29    0.00    0.00    0.00    0.00  837.77  167.24  249.10    0.00    0.00    0.00    0.00    0.00    0.00    0.00    0.00
  13.620       0    3196       0       0    0.00   -0.17    2.12  151.63    0.18    4.74      -1      -1      -1       0    0.00    0.00  781.81    0.00  805.99  824.51  762.65  813.58    0.00    0.00    0.00    1.05    0.03    0.02    0.01    0.01    0.00    0.00    0.00
  13.630       0    3196       0       0    0.00   -0.18    2.12  151.63    0.20    4.74      -1      -1      -1       0   16.15  832.79    0.00  819.11    0.00    0.00    0.00    0.00  839.09  167.31  249.34    0.00    0.00    0.00    0.00    0.00    0.00    0.00    0.00
  13.640       0    3173       0       0    0.00   -0.18    2.09  151.63    0.21    4.74      -1      -1      -1       0    0.00    0.00  781.93    0.00  805.90  825.26  762.12  813.72    0.00    0.00    0.00    1.18    0.02    0.02    0.01    0.01    0.00    0.00    0.00
  13.650       0    3173       0       0    0.00   -0.19    2.05  151.63    0.20    4.74      -1      -1      -1       0   15.99  833.03    0.00  819.02    0.00    0.00    0.00    0.00  840.42  167.62  249.57    0.00    0.00    0.00    0.00    0.00    0.01    0.00    0.00
  13.660       0    3173       0       0    0.00   -0.19    1.97  151.57    0.17    4.74      -1      -1      -1       0    0.00    0.00  781.88    0.00  806.16  825.99  761.81  814.79    0.00    0.00    0.00    1.28    0.03    0.00    0.01    0.01    0.00    0.00    0.00
  13.670       0    3173       0       0    0.00   -0.19    1.99  151.56    0.13    4.58      -1      -1      -1       0   16.23  833.14    0.00  818.83    0.00    0.00    0.00    0.00  841.40  167.64  250.35    0.00    0.00    0.00    0.00    0.00    0.01    0.00    0.00
  13.680       0    3173       0       0    0.00   -0.19    2.02  151.55    0.12    4.54      -1      -1      -1       0    0.00    0.00  782.72    0.00  806.19  826.29  761.64  815.89    0.00    0.00    0.00    1.31    0.04    0.00    0.01    0.01    0.00    0.00    0.00
  13.690       0    3173       0       0    0.00   -0.19    2.10  151.61    0.16    4.53      -1      -1      -1       0   16.53  833.21    0.00  819.04    0.00    0.00    0.00    0.00  841.18  167.53  250.36    0.00    0.00    0.00    0.00    0.00    0.01    0.00    0.00
  13.700       0    3173       0       0    0.00   -0.19    2.11  151.63    0.24    4.69      -1      -1      -1       0    0.00    0.00  783.34    0.00  806.14  826.20  761.93  816.77    0.00    0.00    0.00    1.44    0.05    0.00    0.01    0.01    0.00    0.00    0.00
  13.710       0    3173       0       0    0.00   -0.19    2.12  151.63    0.29    4.73      -1      -1      -1       0   16.73  833.27    0.00  819.20    0.00    0.00    0.00    0.00  841.15  167.11  250.01    0.00    0.00    0.00    0.00    0.00    0.01    0.00    0.00
  13.720       0    3173       0       0    0.00   -0.19    2.12  151.63    0.29    4.74      -1      -1      -1       0    0.00    0.00  784.03    0.00  806.74  826.09  761.79  816.58    0.00    0.00    0.00    1.48    0.05    0.01    0.00    0.00    0.00    0.00    0.00
  13.730       0    3171       0       0    0.00   -0.19    2.12  151.63    0.24    4.74      -1      -1      -1       0   16.75  833.84    0.00  819.21    0.00    0.00    0.00    0.00  840.88  167.06  249.03    0.00    0.00    0.00    0.00    0.00    0.02    0.00    0.00
  13.740       0    3171       0       0    0.00   -0.19    2.12  151.63    0.21    4.74      -1      -1      -1       0    0.00    0.00  784.29    0.00  807.37  825.81  762.62  816.49    0.00    0.00    0.00    1.35    0.07    0.01    0.00    0.00    0.00    0.00    0.00
  13.750       0    3163       0       0    0.00   -0.20    2.12  151.63    0.20    4.74      -1      -1      -1       0   16.68  834.42    0.00  819.48    0.00    0.00    0.00    0.00  840.97  167.22  248.96    0.00    0.00    0.00    0.00    0.00    0.02    0.00    0.00
  13.760       0    3163       0       0    0.00   -0.20    2.12  151.63    0.22    4.74      -1      -1      -1       0    0.00    0.00  783.91    0.00  808.05  825.77  763.64  816.69    0.00    0.00    0.00    1.13    0.07    0.01    0.00    0.00    0.00    0.00    0.00
  13.770       0    3163       0       0    0.00   -0.20    2.12  151.63    0.22    4.74      -1      -1      -1       0   16.57  834.60    0.00  820.18    0.00    0.00    0.00    0.00  840.89  167.37  249.48    0.00    0.00    0.00    0.00    0.00    0.00    0.00    0.00
  13.780       0    3163       0       0    0.00   -0.20    2.09  151.63    0.22    4.74      -1      -1      -1       0    0.00    0.00  783.96    0.00  808.32  825.67  764.81  816.85    0.00    0.00    0.00    1.07    0.06    0.01    0.01    0.00    0.00    0.00    0.00
  13.790       0    3154       0       0    0.00   -0.19    2.05  151.63    0.22    4.74      -1      -1      -1       0   16.37  834.87    0.00  820.82    0.00    0.00    0.00    0.00  841.73  167.40  249.97    0.00    0.00    0.00    0.00    0.00    0.01    0.00    0.00
  13.800       0    3154       0       0    0.00   -0.19    2.00  151.63    0.22    4.74      -1      -1      -1       0    0.00    0.00  783.97    0.00  808.24  826.02  765.70  816.87    0.00    0.00    0.00    1.19    0.04    0.02    0.01    0.01    0.00    0.00    0.00
  13.810       0    3142       0       0    0.00   -0.18    1.99  151.63    0.22    4.74      -1      -1      -1       0   16.03  834.69    0.00  821.09    0.00    0.00    0.00    0.00  842.17  167.47  250.09    0.00    0.00    0.00    0.00    0.00    0.00    0.00    0.00
  13.820       0    3142       0       0    0.00   -0.20    1.99  151.63    0.22    4.74      -1      -1      -1       0    0.00    0.00  784.02    0.00  808.14  826.21  765.20  817.63    0.00    0.00    0.00    1.28    0.00    0.02    0.01    0.01    0.00    0.00    0.00
  13.830       0    3130       0       0    0.00   -0.20    1.96  151.57    0.22    4.58      -1      -1      -1       0   16.03  834.41    0.00  820.86    0.00    0.00    0.00    0.00  843.18  167.43  250.12    0.00    0.00    0.00    0.00    0.00    0.01    0.00    0.00
  13.840       0    3130       0       0    0.00   -0.21    1.92  151.50    0.22    4.37      -1      -1      -1       0    0.00    0.00  783.97    0.00  808.29  826.94  765.51  818.44    0.00    0.00    0.00    1.44    0.05    0.01    0.01    0.01    0.00    0.00    0.00
  13.850       0    3130       0       0    0.00   -0.20    1.94  151.48    0.22    4.32      -1      -1      -1       0   16.37  834.14    0.00  821.03    0.00    0.00    0.00    0.00  843.47  167.36  249.95    0.00    0.00    0.00    0.00    0.00    0.01    0.00    0.00
  13.860       0    3130       0       0    0.00   -0.20    2.01  151.54    0.22    4.47      -1      -1      -1       0    0.00    0.00  784.87    0.00  808.34  826.52  766.11  819.20    0.00    0.00    0.00    1.47    0.05    0.00    0.01    0.02    0.00    0.00    0.00
  13.870       0    3130       0       0    0.00   -0.19    2.09  151.61    0.22    4.67      -1      -1      -1       0   16.57  834.32    0.00  821.21    0.00    0.00    0.00    0.00  843.21  167.18  249.73    0.00    0.00    0.00    0.00    0.00    0.01    0.00    0.00
  13.880       0    3126       0       0    0.00   -0.19    2.11  151.62    0.22    4.72      -1      -1      -1       0    0.00    0.00  785.95    0.00  808.35  826.44  766.29  819.52    0.00    0.00    0.00    1.68    0.05    0.00    0.00    0.02    0.00    0.00    0.00
  13.890       0    3126       0       0    0.00   -0.18    2.12  151.63    0.22    4.74      -1      -1      -1       0   16.73  834.21    0.00  821.28    0.00    0.00    0.00    0.00  842.97  167.19  249.32    0.00    0.00    0.00    0.00    0.00    0.01    0.00    0.00
  13.900       0    3126       0       0    0.00   -0.18    2.12  151.63    0.22    4.74      -1      -1      -1       0    0.00    0.00  787.24    0.00  809.38  826.08  766.41  819.42    0.00    0.00    0.00    1.60    0.06    0.01    0.00    0.00    0.00    0.00    0.00
  13.910       0    3126       0       0    0.00   -0.17    2.09  151.63    0.22    4.74      -1      -1      -1       0   16.73  835.01    0.00  821.32    0.00    0.00    0.00    0.00  843.52  167.31  249.39    0.00    0.00    0.00    0.00    0.00    0.02    0.00    0.00
  13.920       0    3120       0       0    0.00   -0.16    2.05  151.63    0.22    4.74      -1      -1      -1       0    0.00    0.00  786.99    0.00  810.13  826.09  767.04  819.31    0.00    0.00    0.00    1.51    0.09    0.01    0.00    0.00    0.00    0.00    0.00
  13.930       0    3120       0       0    0.00   -0.16    2.00  151.63    0.20    4.74      -1      -1      -1       0   16.66  835.46    0.00  821.65    0.00    0.00    0.00    0.00  843.58  167.39  249.77    0.00    0.00    0.00    0.00    0.00    0.02    0.00    0.00
  13.940       0    3114       0       0    0.00   -0.16    1.99  151.63    0.19    4.74      -1      -1      -1       0    0.00    0.00  786.70    0.00  810.93  825.92  767.60  819.49    0.00    0.00    0.00    1.17    0.09    0.01    0.01    0.00    0.00    0.00    0.00
  13.950       0    3114       0       0    0.00   -0.17    1.99  151.63    0.17    4.74      -1      -1      -1       0   16.53  836.44    0.00  821.93    0.00    0.00    0.00    0.00  843.61  167.41  250.04    0.00    0.00    0.00    0.00    0.00    0.01    0.00    0.00
  13.960       0    3114       0       0    0.00   -0.17    1.99  151.63    0.18    4.74      -1      -1      -1       0    0.00    0.00  786.17    0.00  811.24  826.25  767.48  819.54    0.00    0.00    0.00    1.15    0.08    0.01    0.01    0.01    0.00    0.00    0.00
  13.970       0    3114       0       0    0.00   -0.17    1.99  151.63    0.19    4.74      -1      -1      -1       0   16.23  836.13    0.00  822.06    0.00    0.00    0.00    0.00  844.04  167.47  250.11    0.00    0.00    0.00    0.00    0.00    0.00    0.00    0.00
  13.980       0    3114       0       0    0.00   -0.18    1.99  151.63    0.21    4.74      -1      -1      -1       0    0.00    0.00  786.21    0.00  810.85  826.83  767.70  819.55    0.00    0.00    0.00    1.27    0.00    0.01    0.01    0.01    0.00    0.00    0.00
  13.990       0    3114       0       0    0.00   -0.20    1.99  151.63    0.22    4.58      -1      -1      -1       0   15.94  835.76    0.00  822.02    0.00    0.00    0.00    0.00  844.83  167.71  250.30    0.00    0.00    0.00    0.00    0.00    0.00    0.00    0.00
  14.000       0    3101       0       0    0.00   -0.20    1.96  151.63    0.22    4.37      -1      -1      -1       0    0.00    0.00  786.00    0.00  810.77  827.56  767.60  820.16    0.00    0.00    0.00    1.43    0.05    0.01    0.01    0.01    0.00    0.00    0.00
  14.010       0    3101       0       0    0.00   -0.20    1.88  151.57    0.19    4.16      -1      -1      -1       0   16.15  835.76    0.00  821.98    0.00    0.00    0.00    0.00  845.52  167.71  251.07    0.00    0.00    0.00    0.00    0.00    0.01    0.00    0.00
  14.020       0    3092       0       0    0.00   -0.19    1.90  151.56    0.16    4.27      -1      -1      -1       0    0.00    0.00  786.71    0.00  810.95  827.82  767.26  820.83    0.00    0.00    0.00    1.47    0.04    0.00    0.02    0.01    0.00    0.00    0.00
  14.030       0    3092       0       0    0.00   -0.19    1.97  151.61    0.14    4.46      -1      -1      -1       0   16.39  835.96    0.00  821.59    0.00    0.00    0.00    0.00  845.23  167.60  251.09    0.00    0.00    0.00    0.00    0.00    0.01    0.00    0.00
  14.040       0    3082       0       0    0.00   -0.18    2.08  151.68    0.16    4.67      -1      -1      -1       0    0.00    0.00  787.65    0.00  811.41  827.59  767.20  821.54    0.00    0.00    0.00    1.42    0.05    0.00    0.02    0.02    0.00    0.00    0.00
  14.050       0    3082       0       0    0.00   -0.17    2.11  151.70    0.17    4.72      -1      -1      -1       0   16.70  835.87    0.00  821.53    0.00    0.00    0.00    0.00  844.88  167.35  250.73    0.00    0.00    0.00    0.00    0.00    0.01    0.00    0.00
  14.060       0    3082       0       0    0.00   -0.16    2.12  151.70    0.19    4.74      -1      -1      -1       0    0.00    0.00  788.39    0.00  811.44  827.76  767.59  821.40    0.00    0.00    0.00    1.73    0.06    0.01    0.00    0.02    0.00    0.00    0.00
  14.070       0    3082       0       0    0.00   -0.16    2.09  151.70    0.21    4.58      -1      -1      -1       0   16.77  836.27    0.00  821.42    0.00    0.00    0.00    0.00  845.04  167.40  249.92    0.00    0.00    0.00    0.00    0.00    0.01    0.00    0.00
  14.080       0    3082       0       0    0.00   -0.17    2.05  151.70    0.22    4.54      -1      -1      -1       0    0.00    0.00  789.18    0.00  812.05  827.49  767.57  821.23    0.00    0.00    0.00    1.68    0.07    0.01    0.00    0.00    0.00    0.00    0.00
  14.090       0    3082       0       0    0.00   -0.17    2.00  151.65    0.20    4.36      -1      -1      -1       0   16.70  836.82    0.00  821.75    0.00    0.00    0.00    0.00  845.08  167.53  250.08    0.00    0.00    0.00    0.00    0.00    0.01    0.00    0.00
  14.100       0    3072       0       0    0.00   -0.17    1.99  151.63    0.20    4.32      -1      -1      -1       0    0.00    0.00  788.87    0.00  812.63  827.48  768.21  821.44    0.00    0.00    0.00    1.54    0.06    0.01    0.00    0.00    0.00    0.00    0.00
  14.110       0    3072       0       0    0.00   -0.17    1.99  151.63    0.19    4.15      -1      -1      -1       0   16.64  837.41    0.00  822.32    0.00    0.00    0.00    0.00  845.00  167.61  250.48    0.00    0.00    0.00    0.00    0.00    0.00    0.00    0.00
  14.120       0    3072       0       0    0.00   -0.17    1.99  151.63    0.20    4.10      -1      -1      -1       0    0.00    0.00  788.51    0.00  812.87  827.41  768.97  821.57    0.00    0.00    0.00    1.11    0.05    0.01    0.01    0.00    0.00    0.00    0.00
  14.130       0    3072       0       0    0.00   -0.17    1.99  151.63    0.20    4.09      -1      -1      -1       0   16.46  837.64    0.00  823.05    0.00    0.00    0.00    0.00  845.40  167.64  250.76    0.00    0.00    0.00    0.00    0.00    0.00    0.00    0.00
  14.140       0    3070       0       0    0.00   -0.17    1.99  151.63    0.21    4.09      -1      -1      -1       0    0.00    0.00  788.68    0.00  812.80  827.82  769.70  821.57    0.00    0.00    0.00    1.13    0.03    0.02    0.01    0.01    0.00    0.00    0.00
  14.150       0    3070       0       0    0.00   -0.17    1.99  151.63    0.22    4.09      -1      -1      -1       0   16.19  837.57    0.00  823.31    0.00    0.00    0.00    0.00  845.91  167.70  250.83    0.00    0.00    0.00    0.00    0.00    0.01    0.00    0.00
  14.160       0    3062       0       0    0.00   -0.16    1.99  151.63    0.20    4.09      -1      -1      -1       0    0.00    0.00  789.19    0.00  812.71  828.15  769.55  821.81    0.00    0.00    0.00    1.20    0.03    0.02    0.01    0.01    0.00    0.00    0.00
  14.170       0    3062       0       0    0.00   -0.16    1.96  151.63    0.19    4.09      -1      -1      -1       0   15.94  837.49    0.00  823.08    0.00    0.00    0.00    0.00  846.91  167.99  251.02    0.00    0.00    0.00    0.00    0.00    0.01    0.00    0.00
  14.180       0    3050       0       0    0.00   -0.16    1.88  151.57    0.15    3.93      -1      -1      -1       0    0.00    0.00  789.19    0.00  812.40  829.04  769.38  822.46    0.00    0.00    0.00    1.29    0.04    0.01    0.01    0.01    0.00    0.00    0.00
  14.190       0    3050       0       0    0.00   -0.17    1.87  151.61    0.14    3.89      -1      -1      -1       0   16.28  837.17    0.00  823.25    0.00    0.00    0.00    0.00  847.66  168.01  252.15    0.00    0.00    0.00    0.00    0.00    0.01    0.00    0.00
  14.200       0    3050       0       0    0.00   -0.17    1.89  151.68    0.15    3.88      -1      -1      -1       0    0.00    0.00  789.69    0.00  812.35  828.60  769.61  822.64    0.00    0.00    0.00    1.31    0.05    0.00    0.01    0.01    0.00    0.00    0.00
  14.210       0    3049       0       0    0.00   -0.17    1.97  151.81    0.19    4.04      -1      -1      -1       0   16.53  837.12    0.00  822.98    0.00    0.00    0.00    0.00  847.35  167.85  252.25    0.00    0.00    0.00    0.00    0.00    0.01    0.00    0.00
  14.220       0    3049       0       0    0.00   -0.17    1.98  151.84    0.21    4.08      -1      -1      -1       0    0.00    0.00  790.65    0.00  812.24  828.51  769.74  823.26    0.00    0.00    0.00    1.44    0.05    0.00    0.00    0.01    0.00    0.00    0.00
  14.230       0    3042       0       0    0.00   -0.17    1.99  151.79    0.22    4.09      -1      -1      -1       0   16.73  837.02    0.00  822.97    0.00    0.00    0.00    0.00  846.96  167.47  251.73    0.00    0.00    0.00    0.00    0.00    0.01    0.00    0.00
  14.240       0    3042       0       0    0.00   -0.17    1.99  151.78    0.22    4.09      -1      -1      -1       0    0.00    0.00  790.94    0.00  813.03  828.65  769.74  823.02    0.00    0.00    0.00    1.41    0.05    0.01    0.00    0.00    0.00    0.00    0.00
  14.250       0    3029       0       0    0.00   -0.17    1.99  151.72    0.20    4.09      -1      -1      -1       0   16.70  837.36    0.00  822.90    0.00    0.00    0.00    0.00  847.63  167.43  250.53    0.00    0.00    0.00    0.00    0.00    0.02    0.00    0.00
  14.260       0    3029       0       0    0.00   -0.18    1.99  151.71    0.20    4.09      -1      -1      -1       0    0.00    0.00  791.19    0.00  813.29  828.75  769.99  822.72    0.00    0.00    0.00    1.34    0.07    0.01    0.01    0.00    0.00    0.00    0.00
  14.270       0    3029       0       0    0.00   -0.18    1.96  151.65    0.20    4.09      -1      -1      -1       0   16.68  837.53    0.00  823.32    0.00    0.00    0.00    0.00  847.77  167.48  250.59    0.00    0.00    0.00    0.00    0.00    0.02    0.00    0.00
  14.280       0    3029       0       0    0.00   -0.18    1.92  151.63    0.22    4.09      -1      -1      -1       0    0.00    0.00  790.84    0.00  814.10  828.70  770.66  822.57    0.00    0.00    0.00    1.12    0.07    0.01    0.01    0.00    0.00    0.00    0.00
  14.290       0    3027       0       0    0.00   -0.17    1.87  151.63    0.20    4.09      -1      -1      -1       0   16.55  838.22    0.00  823.65    0.00    0.00    0.00    0.00  847.79  167.60  250.97    0.00    0.00    0.00    0.00    0.00    0.00    0.00    0.00
  14.300       0    3027       0       0    0.00   -0.17    1.86  151.63    0.20    4.09      -1      -1      -1       0    0.00    0.00  790.87    0.00  814.76  828.82  770.84  822.76    0.00    0.00    0.00    1.07    0.06    0.01    0.01    0.01    0.00    0.00    0.00
  14.310       0    3021       0       0    0.00   -0.17    1.86  151.63    0.20    4.09      -1      -1      -1       0   16.37  837.94    0.00  824.08    0.00    0.00    0.00    0.00  848.34  167.69  251.24    0.00    0.00    0.00    0.00    0.00    0.00    0.00    0.00
  14.320       0    3021       0       0    0.00   -0.17    1.86  151.63    0.22    4.09      -1      -1      -1       0    0.00    0.00  790.81    0.00  814.17  828.91  771.47  822.66    0.00    0.00    0.00    1.12    0.00    0.02    0.01    0.01    0.00    0.00    0.00
  14.330       0    3018       0       0    0.00   -0.18    1.86  151.63    0.22    4.09      -1      -1      -1       0   16.08  837.89    0.00  824.23    0.00    0.00    0.00    0.00  848.78  167.82  251.48    0.00    0.00    0.00    0.00    0.00    0.00    0.00    0.00
  14.340       0    3018       0       0    0.00   -0.18    1.86  151.63    0.22    4.09      -1      -1      -1       0    0.00    0.00  790.88    0.00  813.91  828.94  771.22  823.04    0.00    0.00    0.00    1.27    0.04    0.02    0.01    0.01    0.00    0.00    0.00
  14.350       0    3018       0       0    0.00   -0.18    1.80  151.63    0.20    4.09      -1      -1      -1       0   16.01  837.87    0.00  824.18    0.00    0.00    0.00    0.00  848.97  167.80  251.90    0.00    0.00    0.00    0.00    0.00    0.01    0.00    0.00
  14.360       0    3018       0       0    0.00   -0.17    1.81  151.63    0.19    3.93      -1      -1      -1       0    0.00    0.00  790.82    0.00  814.48  829.41  770.93  823.48    0.00    0.00    0.00    1.37    0.04    0.00    0.02    0.01    0.00    0.00    0.00
  14.370       0    3014       0       0    0.00   -0.18    1.85  151.68    0.18    3.89      -1      -1      -1       0   16.39  837.98    0.00  824.12    0.00    0.00    0.00    0.00  849.10  167.74  251.83    0.00    0.00    0.00    0.00    0.00    0.01    0.00    0.00
  14.380       0    3014       0       0    0.00   -0.18    1.95  151.75    0.20    3.88      -1      -1      -1       0    0.00    0.00  791.27    0.00  814.56  829.50  770.77  824.44    0.00    0.00    0.00    1.39    0.05    0.00    0.02    0.02    0.00    0.00    0.00
  14.390       0    3003       0       0    0.00   -0.17    1.98  151.83    0.21    4.04      -1      -1      -1       0   16.61  837.93    0.00  823.77    0.00    0.00    0.00    0.00  849.07  167.56  251.45    0.00    0.00    0.00    0.00    0.00    0.01    0.00    0.00
  14.400       0    3003       0       0    0.00   -0.17    1.99  151.84    0.22    4.08      -1      -1      -1       0    0.00    0.00  791.78    0.00  814.52  829.17  770.97  824.72    0.00    0.00    0.00    1.66    0.06    0.00    0.00    0.02    0.00    0.00    0.00
  14.410       0    2997       0       0    0.00   -0.18    1.99  151.85    0.22    4.09      -1      -1      -1       0   16.75  838.38    0.00  823.71    0.00    0.00    0.00    0.00  849.03  167.45  250.82    0.00    0.00    0.00    0.00    0.00    0.01    0.00    0.00
  14.420       0    2997       0       0    0.00   -0.18    1.99  151.85    0.22    4.09      -1      -1      -1       0    0.00    0.00  792.39    0.00  814.90  829.21  770.87  824.32    0.00    0.00    0.00    1.59    0.06    0.01    0.00    0.00    0.00    0.00    0.00
  14.430       0    2993       0       0    0.00   -0.18    1.96  151.79    0.20    4.09      -1      -1      -1       0   16.68  838.96    0.00  823.60    0.00    0.00    0.00    0.00  849.09  167.54  250.66    0.00    0.00    0.00    0.00    0.00    0.02    0.00    0.00
  14.440       0    2993       0       0    0.00   -0.18    1.92  151.73    0.20    4.09      -1      -1      -1       0    0.00    0.00  792.27    0.00  815.63  829.26  771.24  824.49    0.00    0.00    0.00    1.45    0.09    0.01    0.00    0.01    0.00    0.00    0.00
  14.450       0    2987       0       0    0.00   -0.18    1.87  151.65    0.19    4.09      -1      -1      -1       0   16.61  839.62    0.00  823.94    0.00    0.00    0.00    0.00  849.11  167.73  250.80    0.00    0.00    0.00    0.00    0.00    0.01    0.00    0.00
  14.460       0    2987       0       0    0.00   -0.18    1.86  151.64    0.20    4.09      -1      -1      -1       0    0.00    0.00  792.13    0.00  816.29  829.22  772.14  824.52    0.00    0.00    0.00    1.09    0.09    0.01    0.01    0.00    0.00    0.00    0.00
  14.470       0    2981       0       0    0.00   -0.18    1.86  151.63    0.20    4.09      -1      -1      -1       0   16.50  840.32    0.00  824.53    0.00    0.00    0.00    0.00  849.11  167.89  251.02    0.00    0.00    0.00    0.00    0.00    0.00    0.00    0.00
  14.480       0    2981       0       0    0.00   -0.19    1.86  151.63    0.21    4.09      -1      -1      -1       0    0.00    0.00  791.85    0.00  816.57  829.62  773.19  824.54    0.00    0.00    0.00    1.13    0.08    0.01    0.01    0.01    0.00    0.00    0.00
  14.490       0    2981       0       0    0.00   -0.19    1.86  151.63    0.22    4.09      -1      -1      -1       0   16.23  839.88    0.00  825.28    0.00    0.00    0.00    0.00  849.16  167.87  251.43    0.00    0.00    0.00    0.00    0.00    0.00    0.00    0.00
  14.500       0    2981       0       0    0.00   -0.19    1.86  151.63    0.22    4.09      -1      -1      -1       0    0.00    0.00  791.87    0.00  816.34  830.12  773.58  824.50    0.00    0.00    0.00    1.27    0.05    0.01    0.01    0.01    0.00    0.00    0.00
  14.510       0    2971       0       0    0.00   -0.19    1.86  151.63    0.20    4.09      -1      -1      -1       0   15.97  840.06    0.00  824.99    0.00    0.00    0.00    0.00  849.65  168.04  251.71    0.00    0.00    0.00    0.00    0.00    0.01    0.00    0.00
  14.520       0    2971       0       0    0.00   -0.19    1.83  151.63    0.19    3.93      -1      -1      -1       0    0.00    0.00  791.76    0.00  816.51  830.69  773.31  824.96    0.00    0.00    0.00    1.43    0.00    0.00    0.01    0.01    0.00    0.00    0.00
  14.530       0    2964       0       0    0.00   -0.18    1.82  151.57    0.15    3.72      -1      -1      -1       0   16.17  840.14    0.00  824.64    0.00    0.00    0.00    0.00  850.21  168.02  252.67    0.00    0.00    0.00    0.00    0.00    0.01    0.00    0.00
  14.540       0    2964       0       0    0.00   -0.18    1.82  151.61    0.15    3.67      -1      -1      -1       0    0.00    0.00  792.57    0.00  816.69  830.91  773.54  825.05    0.00    0.00    0.00    1.47    0.05    0.00    0.02    0.01    0.00    0.00    0.00
  14.550       0    2960       0       0    0.00   -0.17    1.85  151.62    0.17    3.82      -1      -1      -1       0   16.46  840.20    0.00  824.33    0.00    0.00    0.00    0.00  849.96  167.96  252.74    0.00    0.00    0.00    0.00    0.00    0.01    0.00    0.00
  14.560       0    2960       0       0    0.00   -0.17    1.86  151.74    0.21    4.02      -1      -1      -1       0    0.00    0.00  792.89    0.00  816.77  830.84  773.71  825.60    0.00    0.00    0.00    1.55    0.05    0.00    0.01    0.01    0.00    0.00    0.00
  14.570       0    2960       0       0    0.00   -0.17    1.86  151.71    0.22    4.07      -1      -1      -1       0   16.70  840.18    0.00  824.30    0.00    0.00    0.00    0.00  849.65  167.67  252.40    0.00    0.00    0.00    0.00    0.00    0.01    0.00    0.00
  14.580       0    2960       0       0    0.00   -0.17    1.86  151.76    0.22    4.09      -1      -1      -1       0    0.00    0.00  793.77    0.00  816.81  830.76  773.82  825.37    0.00    0.00    0.00    1.83    0.06    0.00    0.00    0.01    0.00    0.00    0.00
  14.590       0    2954       0       0    0.00   -0.17    1.86  151.77    0.20    4.09      -1      -1      -1       0   16.73  840.68    0.00  824.00    0.00    0.00    0.00    0.00  849.74  167.71  251.42    0.00    0.00    0.00    0.00    0.00    0.01    0.00    0.00
  14.600       0    2954       0       0    0.00   -0.16    1.86  151.78    0.19    4.09      -1      -1      -1       0    0.00    0.00  794.01    0.00  817.59  830.44  773.86  825.09    0.00    0.00    0.00    1.83    0.07    0.01    0.00    0.00    0.00    0.00    0.00
  14.610       0    2949       0       0    0.00   -0.16    1.86  151.72    0.18    4.09      -1      -1      -1       0   16.70  841.23    0.00  824.35    0.00    0.00    0.00    0.00  849.76  167.83  251.53    0.00    0.00    0.00    0.00    0.00    0.01    0.00    0.00
  14.620       0    2949       0       0    0.00   -0.16    1.86  151.65    0.20    4.09      -1      -1      -1       0    0.00    0.00  793.77    0.00  817.78  830.39  774.25  824.89    0.00    0.00    0.00    1.71    0.07    0.01    0.00    0.00    0.00    0.00    0.00
  14.630       0    2945       0       0    0.00   -0.16    1.86  151.64    0.21    4.09      -1      -1      -1       0   16.61  841.88    0.00  824.84    0.00    0.00    0.00    0.00  849.67  167.91  251.91    0.00    0.00    0.00    0.00    0.00    0.00    0.00    0.00
  14.640       0    2945       0       0    0.00   -0.16    1.86  151.63    0.22    4.09      -1      -1      -1       0    0.00    0.00  793.94    0.00  818.43  830.28  774.36  825.09    0.00    0.00    0.00    1.22    0.06    0.01    0.01    0.00    0.00    0.00    0.00
  14.650       0    2943       0       0    0.00   -0.16    1.86  151.63    0.22    4.09      -1      -1      -1       0   16.44  842.12    0.00  824.98    0.00    0.00    0.00    0.00  850.06  167.94  252.19    0.00    0.00    0.00    0.00    0.00    0.00    0.00    0.00
  14.660       0    2943       0       0    0.00   -0.15    1.86  151.63    0.20    4.09      -1      -1      -1       0    0.00    0.00  794.43    0.00  818.12  830.62  774.47  824.98    0.00    0.00    0.00    1.16    0.03    0.02    0.01    0.01    0.00    0.00    0.00
  14.670       0    2936       0       0    0.00   -0.16    1.86  151.63    0.19    4.09      -1      -1      -1       0   16.15  842.05    0.00  825.10    0.00    0.00    0.00    0.00  850.97  168.00  252.08    0.00    0.00    0.00    0.00    0.00    0.00    0.00    0.00
  14.680       0    2936       0       0    0.00   -0.16    1.86  151.63    0.18    4.09      -1      -1      -1       0    0.00    0.00  794.56    0.00  817.48  830.78  774.38  825.36    0.00    0.00    0.00    1.21    0.02    0.02    0.01    0.01    0.00    0.00    0.00
  14.690       0    2929       0       0    0.00   -0.16    1.83  151.63    0.20    3.93      -1      -1      -1       0   15.92  841.95    0.00  825.22    0.00    0.00    0.00    0.00  851.56  168.29  252.41    0.00    0.00    0.00    0.00    0.00    0.01    0.00    0.00
  14.700       0    2929       0       0    0.00   -0.16    1.75  151.57    0.20    3.72      -1      -1      -1       0    0.00    0.00  794.67    0.00  816.86  831.02  774.03  825.78    0.00    0.00    0.00    1.35    0.03    0.00    0.02    0.01    0.00    0.00    0.00
  14.710       0    2929       0       0    0.00   -0.16    1.74  151.56    0.20    3.67      -1      -1      -1       0   16.28  841.65    0.00  824.92    0.00    0.00    0.00    0.00  851.86  168.26  253.57    0.00    0.00    0.00    0.00    0.00    0.01    0.00    0.00
  14.720       0    2929       0       0    0.00   -0.16    1.76  151.55    0.20    3.82      -1      -1      -1       0    0.00    0.00  795.42    0.00  817.27  830.98  773.63  826.26    0.00    0.00    0.00    1.39    0.04    0.00    0.02    0.01    0.00    0.00    0.00
  14.730       0    2923       0       0    0.00   -0.16    1.84  151.61    0.21    4.02      -1      -1      -1       0   16.59  841.60    0.00  824.34    0.00    0.00    0.00    0.00  851.48  168.08  253.68    0.00    0.00    0.00    0.00    0.00    0.01    0.00    0.00
  14.740       0       0       0       0    0.00   -0.15    1.85  151.63    0.22    4.07      -1      -1      -1       0    0.00    0.00  796.04    0.00  817.04  830.93  773.84  826.90    0.00    0.00    0.00    1.53    0.05    0.00    0.00    0.01    0.00    0.00    0.00
  14.750       0    2923       0       0    0.00   -0.14    1.86  151.63    0.20    4.09      -1      -1      -1       0   16.73  841.50    0.00  824.36    0.00    0.00    0.00    0.00  851.58  167.75  253.35    0.00    0.00    0.00    0.00    0.00    0.01    0.00    0.00
  14.760       0    2915       0       0    0.00   -0.13    1.86  151.63    0.19    4.09      -1      -1      -1       0    0.00    0.00  796.32    0.00  817.73  830.99  773.71  826.67    0.00    0.00    0.00    1.50    0.06    0.01    0.00    0.00    0.00    0.00    0.00
  14.770       0    2915       0       0    0.00   -0.13    1.86  151.63    0.18    4.09      -1      -1      -1       0   16.70  841.84    0.00  824.22    0.00    0.00    0.00    0.00  851.53  167.78  252.19    0.00    0.00    0.00    0.00    0.00    0.02    0.00    0.00
  14.780       0    2912       0       0    0.00   -0.13    1.86  151.63    0.20    4.09      -1      -1      -1       0    0.00    0.00  796.54    0.00  817.95  831.03  774.03  826.63    0.00    0.00    0.00    1.36    0.09    0.01    0.01    0.00    0.00    0.00    0.00
  14.790       0    2912       0       0    0.00   -0.13    1.86  151.63    0.21    4.09      -1      -1      -1       0   16.68  842.02    0.00  824.92    0.00    0.00    0.00    0.00  851.59  167.90  252.26    0.00    0.00    0.00    0.00    0.00    0.02    0.00    0.00
  14.800       0    2912       0       0    0.00   -0.13    1.86  151.63    0.22    4.09      -1      -1      -1       0    0.00    0.00  796.36    0.00  818.22  831.04  774.29  826.60    0.00    0.00    0.00    1.06    0.08    0.01    0.01    0.01    0.00    0.00    0.00
  14.810       0    2912       0       0    0.00   -0.14    1.86  151.63    0.22    3.93      -1      -1      -1       0   16.59  842.27    0.00  824.97    0.00    0.00    0.00    0.00  851.54  167.99  252.45    0.00    0.00    0.00    0.00    0.00    0.00    0.00    0.00
  14.820       0    2912       0       0    0.00   -0.15    1.83  151.63    0.22    3.72      -1      -1      -1       0    0.00    0.00  796.09    0.00  818.32  831.11  774.41  826.71    0.00    0.00    0.00    0.99    0.07    0.01    0.01    0.01    0.00    0.00    0.00
  14.830       0    2912       0       0    0.00   -0.15    1.82  151.63    0.22    3.67      -1      -1      -1       0   16.37  842.23    0.00  825.56    0.00    0.00    0.00    0.00  851.55  168.01  252.68    0.00    0.00    0.00    0.00    0.00    0.00    0.00    0.00
  14.840       0    2908       0       0    0.00   -0.15    1.82  151.63    0.22    3.66      -1      -1      -1       0    0.00    0.00  796.10    0.00  817.99  831.17  774.97  826.67    0.00    0.00    0.00    1.10    0.04    0.02    0.01    0.01    0.00    0.00    0.00
  14.850       0    2908       0       0    0.00   -0.15    1.82  151.63    0.22    3.82      -1      -1      -1       0   16.08  842.17    0.00  825.33    0.00    0.00    0.00    0.00  851.99  168.19  252.92    0.00    0.00    0.00    0.00    0.00    0.00    0.00    0.00
  14.860       0    2900       0       0    0.00   -0.15    1.78  151.63    0.20    3.70      -1      -1      -1       0    0.00    0.00  796.51    0.00  817.92  831.20  774.53  827.12    0.00    0.00    0.00    1.26    0.04    0.02    0.01    0.01    0.00    0.00    0.00
  14.870       0    2900       0       0    0.00   -0.15    1.68  151.57    0.19    3.67      -1      -1      -1       0   16.03  841.79    0.00  825.05    0.00    0.00    0.00    0.00  852.53  168.12  253.52    0.00    0.00    0.00    0.00    0.00    0.01    0.00    0.00
  14.880       0    2900       0       0    0.00   -0.15    1.68  151.56    0.18    3.33      -1      -1      -1       0    0.00    0.00  796.51    0.00  817.92  831.22  774.17  827.69    0.00    0.00    0.00    1.37    0.04    0.00    0.03    0.01    0.00    0.00    0.00
  14.890       0    2900       0       0    0.00   -0.14    1.72  151.55    0.20    3.41      -1      -1      -1       0   16.39  841.34    0.00  824.86    0.00    0.00    0.00    0.00  852.72  167.99  253.49    0.00    0.00    0.00    0.00    0.00    0.01    0.00    0.00
  14.900       0    2891       0       0    0.00   -0.14    1.82  151.61    0.21    3.60      -1      -1      -1       0    0.00    0.00  796.81    0.00  817.98  831.21  773.70  828.36    0.00    0.00    0.00    1.39    0.05    0.00    0.02    0.02    0.00    0.00    0.00
  14.910       0    2891       0       0    0.00   -0.14    1.85  151.63    0.22    3.97      -1      -1      -1       0   16.66  841.16    0.00  824.84    0.00    0.00    0.00    0.00  852.51  167.67  252.94    0.00    0.00    0.00    0.00    0.00    0.01    0.00    0.00
  14.920       0    2887       0       0    0.00   -0.14    1.86  151.63    0.22    4.06      -1      -1      -1       0    0.00    0.00  797.14    0.00  817.91  831.21  774.01  828.60    0.00    0.00    0.00    1.66    0.05    0.00    0.00    0.02    0.00    0.00    0.00
  14.930       0    2887       0       0    0.00   -0.15    1.86  151.63    0.22    4.08      -1      -1      -1       0   16.77  841.34    0.00  824.74    0.00    0.00    0.00    0.00  852.70  167.71  252.09    0.00    0.00    0.00    0.00    0.00    0.01    0.00    0.00
  14.940       0    2887       0       0    0.00   -0.16    1.86  151.63    0.20    4.09      -1      -1      -1       0    0.00    0.00  797.72    0.00  818.34  830.77  773.82  828.53    0.00    0.00    0.00    1.66    0.06    0.01    0.00    0.00    0.00    0.00    0.00
  14.950       0    2887       0       0    0.00   -0.16    1.86  151.63    0.19    3.93      -1      -1      -1       0   16.75  841.63    0.00  824.68    0.00    0.00    0.00    0.00  852.84  167.88  252.05    0.00    0.00    0.00    0.00    0.00    0.01    0.00    0.00
  14.960       0    2879       0       0    0.00   -0.16    1.83  151.63    0.18    3.72      -1      -1      -1       0    0.00    0.00  797.32    0.00  818.84  830.68  774.58  828.69    0.00    0.00    0.00    1.53    0.09    0.01    0.00    0.01    0.00    0.00    0.00
  14.970       0    2879       0       0    0.00   -0.16    1.79  151.63    0.20    3.51      -1      -1      -1       0   16.66  841.86    0.00  824.72    0.00    0.00    0.00    0.00  852.91  168.04  252.58    0.00    0.00    0.00    0.00    0.00    0.01    0.00    0.00
  14.980       0    2871       0       0    0.00   -0.16    1.74  151.63    0.21    3.46      -1      -1      -1       0    0.00    0.00  797.29    0.00  819.02  830.57  774.91  828.63    0.00    0.00    0.00    1.11    0.09    0.01    0.01    0.01    0.00    0.00    0.00
  14.990       0    2871       0       0    0.00   -0.16    1.73  151.63    0.22    3.44      -1      -1      -1       0   16.50  842.65    0.00  825.14    0.00    0.00    0.00    0.00  852.94  168.08  252.90    0.00    0.00    0.00    0.00    0.00    0.00    0.00    0.00
  15.000       0    2860       0       0    0.00   -0.16    1.73  151.63    0.20    3.44      -1      -1      -1       0    0.00    0.00  797.33    0.00  818.82  830.89  775.31  828.69    0.00    0.00    0.00    1.07    0.07    0.01    0.01    0.01    0.00    0.00    0.00
  15.010       0       0       0       0    0.00   -0.16    1.73  151.63    0.19    3.44      -1      -1      -1       0   16.28  842.68    0.00  825.61    0.00    0.00    0.00    0.00  853.03  168.09  252.97    0.00    0.00    0.00    0.00    0.00    0.00    0.00    0.00
  15.020       0    2860       0       0    0.00   -0.16    1.73  151.63    0.17    3.44      -1      -1      -1       0    0.00    0.00  797.42    0.00  818.55  830.96  775.46  828.71    0.00    0.00    0.00    1.12    0.00    0.01    0.01    0.01    0.00    0.00    0.00
  15.030       0    2856       0       0    0.00   -0.16    1.73  151.63    0.16    3.44      -1      -1      -1       0   16.01  842.26    0.00  825.38    0.00    0.00    0.00    0.00  853.28  168.43  252.99    0.00    0.00    0.00    0.00    0.00    0.00    0.00    0.00
  15.040       0    2856       0       0    0.00   -0.16    1.70  151.57    0.16    3.44      -1      -1      -1       0    0.00    0.00  797.36    0.00  818.33  831.57  775.11  828.81    0.00    0.00    0.00    1.27    0.05    0.00    0.01    0.01    0.00    0.00    0.00
  15.050       0    2854       0       0    0.00   -0.16    1.72  151.56    0.13    3.28      -1      -1      -1       0   16.21  841.90    0.00  825.52    0.00    0.00    0.00    0.00  853.36  168.46  253.90    0.00    0.00    0.00    0.00    0.00    0.01    0.00    0.00
  15.060       0    2854       0       0    0.00   -0.16    1.76  151.55    0.12    3.24      -1      -1      -1       0    0.00    0.00  797.41    0.00  818.01  831.70  775.04  828.84    0.00    0.00    0.00    1.30    0.04    0.00    0.01    0.01    0.00    0.00    0.00
  15.070       0    2851       0       0    0.00   -0.16    1.84  151.61    0.12    3.23      -1      -1      -1       0   16.53  841.91    0.00  825.23    0.00    0.00    0.00    0.00  853.27  168.35  253.94    0.00    0.00    0.00    0.00    0.00    0.01    0.00    0.00
  15.080       0    2851       0       0    0.00   -0.15    1.85  151.63    0.16    3.55      -1      -1      -1       0    0.00    0.00  797.89    0.00  818.07  831.34  774.62  829.37    0.00    0.00    0.00    1.44    0.05    0.00    0.01    0.01    0.00    0.00    0.00
  15.090       0    2848       0       0    0.00   -0.15    1.86  151.63    0.19    3.79      -1      -1      -1       0   16.75  841.77    0.00  825.02    0.00    0.00    0.00    0.00  852.89  167.99  253.59    0.00    0.00    0.00    0.00    0.00    0.01    0.00    0.00
  15.100       0    2848       0       0    0.00   -0.15    1.86  151.63    0.21    4.02      -1      -1      -1       0    0.00    0.00  797.99    0.00  818.14  831.36  774.58  829.49    0.00    0.00    0.00    1.74    0.05    0.00    0.00    0.01    0.00    0.00    0.00
  15.110       0    2848       0       0    0.00   -0.15    1.86  151.63    0.22    4.07      -1      -1      -1       0   16.77  842.07    0.00  824.92    0.00    0.00    0.00    0.00  852.86  168.01  252.61    0.00    0.00    0.00    0.00    0.00    0.01    0.00    0.00
  15.120       0    2848       0       0    0.00   -0.15    1.83  151.63    0.22    3.92      -1      -1      -1       0    0.00    0.00  798.10    0.00  818.51  831.44  774.41  829.14    0.00    0.00    0.00    1.74    0.07    0.01    0.00    0.00    0.00    0.00    0.00
  15.130       0    2841       0       0    0.00   -0.14    1.79  151.63    0.20    3.72      -1      -1      -1       0   16.70  842.18    0.00  825.03    0.00    0.00    0.00    0.00  852.78  168.13  252.72    0.00    0.00    0.00    0.00    0.00    0.01    0.00    0.00
  15.140       0    2841       0       0    0.00   -0.14    1.74  151.63    0.20    3.51      -1      -1      -1       0    0.00    0.00  797.78    0.00  818.94  831.42  775.17  829.07    0.00    0.00    0.00    1.55    0.07    0.01    0.01    0.00    0.00    0.00    0.00
  15.150       0    2832       0       0    0.00   -0.14    1.73  151.63    0.19    3.46      -1      -1      -1       0   16.61  842.80    0.00  825.38    0.00    0.00    0.00    0.00  852.66  168.16  253.11    0.00    0.00    0.00    0.00    0.00    0.01    0.00    0.00
  15.160       0    2832       0       0    0.00   -0.14    1.73  151.63    0.20    3.44      -1      -1      -1       0    0.00    0.00  797.84    0.00  819.48  831.32  775.30  829.11    0.00    0.00    0.00    1.11    0.07    0.01    0.01    0.01    0.00    0.00    0.00
  15.170       0    2830       0       0    0.00   -0.14    1.73  151.63    0.20    3.44      -1      -1      -1       0   16.39  843.40    0.00  825.42    0.00    0.00    0.00    0.00  852.99  168.16  253.39    0.00    0.00    0.00    0.00    0.00    0.00    0.00    0.00
  15.180       0    2830       0       0    0.00   -0.14    1.73  151.63    0.21    3.44      -1      -1      -1       0    0.00    0.00  797.71    0.00  819.38  831.32  775.96  829.06    0.00    0.00    0.00    1.07    0.05    0.02    0.01    0.01    0.00    0.00    0.00
  15.190       0       0       0       0    0.00   -0.14    1.73  151.63    0.20    3.44      -1      -1      -1       0   16.17  843.57    0.00  825.86    0.00    0.00    0.00    0.00  853.23  168.17  253.46    0.00    0.00    0.00    0.00    0.00    0.00    0.00    0.00
  15.200       0    2824       0       0    0.00   -0.14    1.73  151.63    0.19    3.44      -1      -1      -1       0    0.00    0.00  797.78    0.00  819.26  831.35  775.71  829.07    0.00    0.00    0.00    1.25    0.00    0.02    0.01    0.00    0.00    0.00    0.00
  15.210       0    2824       0       0    0.00   -0.14    1.70  151.63    0.17    3.44      -1      -1      -1       0   15.97  843.34    0.00  825.68    0.00    0.00    0.00    0.00  853.50  168.45  253.83    0.00    0.00    0.00    0.00    0.00    0.01    0.00    0.00
  15.220       0    2820       0       0    0.00   -0.14    1.66  151.57    0.14    3.28      -1      -1      -1       0    0.00    0.00  797.71    0.00  818.95  831.78  775.42  829.51    0.00    0.00    0.00    1.43    0.05    0.00    0.02    0.01    0.00    0.00    0.00
  15.230       0    2820       0       0    0.00   -0.14    1.68  151.56    0.14    3.24      -1      -1      -1       0   16.32  842.67    0.00  825.36    0.00    0.00    0.00    0.00  853.60  168.40  254.82    0.00    0.00    0.00    0.00    0.00    0.01    0.00    0.00
  15.240       0    2813       0       0    0.00   -0.14    1.72  151.55    0.14    3.23      -1      -1      -1       0    0.00    0.00  798.15    0.00  818.96  831.40  775.26  830.03    0.00    0.00    0.00    1.47    0.05    0.00    0.02    0.01    0.00    0.00    0.00
  15.250       0    2813       0       0    0.00   -0.14    1.76  151.61    0.17    3.39      -1      -1      -1       0   16.57  842.65    0.00  825.08    0.00    0.00    0.00    0.00  853.57  168.28  254.89    0.00    0.00    0.00    0.00    0.00    0.01    0.00    0.00
  15.260       0    2813       0       0    0.00   -0.14    1.74  151.63    0.19    3.43      -1      -1      -1       0    0.00    0.00  798.61    0.00  818.86  831.42  775.25  830.65    0.00    0.00    0.00    1.55    0.05    0.00    0.00    0.01    0.00    0.00    0.00
  15.270       0    2813       0       0    0.00   -0.14    1.73  151.63    0.21    3.44      -1      -1      -1       0   16.79  842.50    0.00  825.29    0.00    0.00    0.00    0.00  853.53  168.03  254.37    0.00    0.00    0.00    0.00    0.00    0.01    0.00    0.00
  15.280       0    2812       0       0    0.00   -0.14    1.73  151.63    0.20    3.44      -1      -1      -1       0    0.00    0.00  799.18    0.00  819.65  830.99  775.16  830.54    0.00    0.00    0.00    1.50    0.06    0.01    0.00    0.00    0.00    0.00    0.00
  15.290       0    2812       0       0    0.00   -0.14    1.73  151.63    0.20    3.44      -1      -1      -1       0   16.75  843.18    0.00  825.18    0.00    0.00    0.00    0.00  853.59  168.13  253.34    0.00    0.00    0.00    0.00    0.00    0.02    0.00    0.00
  15.300       0    2807       0       0    0.00   -0.14    1.73  151.63    0.20    3.44      -1      -1      -1       0    0.00    0.00  799.38    0.00  819.95  830.81  775.21  830.39    0.00    0.00    0.00    1.43    0.09    0.01    0.00    0.00    0.00    0.00    0.00
  15.310       0    2807       0       0    0.00   -0.15    1.73  151.63    0.22    3.44      -1      -1      -1       0   16.70  843.15    0.00  825.53    0.00    0.00    0.00    0.00  853.61  168.33  253.45    0.00    0.00    0.00    0.00    0.00    0.02    0.00    0.00
  15.320       0    2803       0       0    0.00   -0.15    1.73  151.63    0.20    3.44      -1      -1      -1       0    0.00    0.00  799.32    0.00  820.36  830.65  775.16  830.12    0.00    0.00    0.00    1.15    0.09    0.01    0.01    0.00    0.00    0.00    0.00
  15.330       0    2803       0       0    0.00   -0.15    1.73  151.63    0.19    3.44      -1      -1      -1       0   16.57  843.70    0.00  825.56    0.00    0.00    0.00    0.00  853.61  168.38  253.83    0.00    0.00    0.00    0.00    0.00    0.01    0.00    0.00
  15.340       0    2800       0       0    0.00   -0.14    1.73  151.63    0.17    3.44      -1      -1      -1       0    0.00    0.00  799.24    0.00  820.50  830.99  775.15  830.14    0.00    0.00    0.00    1.08    0.07    0.01    0.01    0.01    0.00    0.00    0.00
  15.350       0       0       0       0    0.00   -0.14    1.73  151.63    0.16    3.44      -1      -1      -1       0   16.32  843.46    0.00  825.97    0.00    0.00    0.00    0.00  853.67  168.39  254.11    0.00    0.00    0.00    0.00    0.00    0.00    0.00    0.00
  15.360       0    2800       0       0    0.00   -0.13    1.73  151.63    0.16    3.44      -1      -1      -1       0    0.00    0.00  798.92    0.00  820.15  831.05  775.57  830.04    0.00    0.00    0.00    1.12    0.00    0.01    0.01    0.01    0.00    0.00    0.00
  15.370       0    2792       0       0    0.00   -0.14    1.70  151.63    0.16    3.44      -1      -1      -1       0   16.08  843.20    0.00  825.80    0.00    0.00    0.00    0.00  853.71  168.50  254.35    0.00    0.00    0.00    0.00    0.00    0.00    0.00    0.00
  15.380       0    2792       0       0    0.00   -0.14    1.66  151.57    0.16    3.44      -1      -1      -1       0    0.00    0.00  798.86    0.00  820.09  831.15  775.21  830.39    0.00    0.00    0.00    1.27    0.05    0.01    0.01    0.01    0.00    0.00    0.00
  15.390       0    2787       0       0    0.00   -0.14    1.58  151.50    0.14    3.28      -1      -1      -1       0   16.10  842.96    0.00  825.47    0.00    0.00    0.00    0.00  853.70  168.48  254.77    0.00    0.00    0.00    0.00    0.00    0.01    0.00    0.00
  15.400       0    2787       0       0    0.00   -0.15    1.60  151.48    0.14    3.07      -1      -1      -1       0    0.00    0.00  798.76    0.00  819.66  831.18  775.08  830.63    0.00    0.00    0.00    1.37    0.04    0.00    0.02    0.01    0.00    0.00    0.00
  15.410       0    2784       0       0    0.00   -0.16    1.63  151.54    0.15    3.02      -1      -1      -1       0   16.44  842.92    0.00  825.16    0.00    0.00    0.00    0.00  853.72  168.36  254.70    0.00    0.00    0.00    0.00    0.00    0.01    0.00    0.00
  15.420       0    2784       0       0    0.00   -0.17    1.71  151.61    0.19    3.17      -1      -1      -1       0    0.00    0.00  799.10    0.00  819.63  831.17  774.61  830.73    0.00    0.00    0.00    1.39    0.05    0.00    0.02    0.02    0.00    0.00    0.00
  15.430       0    2784       0       0    0.00   -0.17    1.72  151.62    0.21    3.37      -1      -1      -1       0   16.70  842.82    0.00  825.08    0.00    0.00    0.00    0.00  853.71  168.10  254.14    0.00    0.00    0.00    0.00    0.00    0.01    0.00    0.00
  15.440       0    2784       0       0    0.00   -0.17    1.73  151.63    0.22    3.42      -1      -1      -1       0    0.00    0.00  799.07    0.00  819.45  831.16  774.63  830.84    0.00    0.00    0.00    1.73    0.06    0.00    0.00    0.02    0.00    0.00    0.00
  15.450       0    2776       0       0    0.00   -0.17    1.73  151.63    0.22    3.44      -1      -1      -1       0   16.79  842.88    0.00  824.93    0.00    0.00    0.00    0.00  853.27  168.10  253.47    0.00    0.00    0.00    0.00    0.00    0.01    0.00    0.00
  15.460       0    2776       0       0    0.00   -0.16    1.73  151.63    0.22    3.44      -1      -1      -1       0    0.00    0.00  799.29    0.00  820.21  831.18  774.44  830.76    0.00    0.00    0.00    1.74    0.06    0.01    0.01    0.00    0.00    0.00    0.00
  15.470       0    2764       0       0    0.00   -0.15    1.73  151.63    0.22    3.44      -1      -1      -1       0   16.75  843.27    0.00  825.02    0.00    0.00    0.00    0.00  852.74  168.15  253.48    0.00    0.00    0.00    0.00    0.00    0.01    0.00    0.00
  15.480       0       0       0       0    0.00   -0.15    1.73  151.63    0.20    3.44      -1      -1      -1       0    0.00    0.00  799.19    0.00  820.34  831.19  774.74  830.39    0.00    0.00    0.00    1.62    0.07    0.01    0.00    0.01    0.00    0.00    0.00
  15.490       0    2764       0       0    0.00   -0.14    1.73  151.63    0.19    3.44      -1      -1      -1       0   16.66  843.71    0.00  824.93    0.00    0.00    0.00    0.00  852.99  168.27  253.84    0.00    0.00    0.00    0.00    0.00    0.01    0.00    0.00
  15.500       0    2763       0       0    0.00   -0.13    1.70  151.63    0.17    3.44      -1      -1      -1       0    0.00    0.00  798.82    0.00  821.00  831.19  774.77  830.34    0.00    0.00    0.00    1.13    0.06    0.01    0.01    0.00    0.00    0.00    0.00
  15.510       0    2763       0       0    0.00   -0.12    1.69  151.63    0.16    3.44      -1      -1      -1       0   16.55  844.25    0.00  824.89    0.00    0.00    0.00    0.00  852.84  168.36  254.11    0.00    0.00    0.00    0.00    0.00    0.00    0.00    0.00
  15.520       0    2756       0       0    0.00   -0.12    1.65  151.63    0.16    3.44      -1      -1      -1       0    0.00    0.00  798.40    0.00  820.75  831.21  774.87  830.72    0.00    0.00    0.00    1.07    0.05    0.01    0.01    0.01    0.00    0.00    0.00
  15.530       0    2756       0       0    0.00   -0.13    1.65  151.63    0.16    3.44      -1      -1      -1       0   16.26  844.14    0.00  825.30    0.00    0.00    0.00    0.00  853.12  168.50  254.35    0.00    0.00    0.00    0.00    0.00    0.00    0.00    0.00
  15.540       0    2756       0       0    0.00   -0.13    1.61  151.63    0.16    3.44      -1      -1      -1       0    0.00    0.00  798.63    0.00  820.46  831.22  774.89  830.69    0.00    0.00    0.00    1.19    0.03    0.01    0.01    0.01    0.00    0.00    0.00
  15.550       0    2756       0       0    0.00   -0.14    1.60  151.63    0.18    3.44      -1      -1      -1       0   16.03  844.02    0.00  824.93    0.00    0.00    0.00    0.00  853.29  168.64  254.59    0.00    0.00    0.00    0.00    0.00    0.01    0.00    0.00
  15.560       0    2750       0       0    0.00   -0.15    1.57  151.57    0.18    3.28      -1      -1      -1       0    0.00    0.00  798.50    0.00  819.40  831.23  774.88  830.86    0.00    0.00    0.00    1.35    0.03    0.00    0.01    0.01    0.00    0.00    0.00
  15.570       0    2750       0       0    0.00   -0.16    1.49  151.50    0.18    3.07      -1      -1      -1       0   16.23  843.28    0.00  824.74    0.00    0.00    0.00    0.00  853.54  168.57  255.37    0.00    0.00    0.00    0.00    0.00    0.01    0.00    0.00
  15.580       0    2750       0       0    0.00   -0.15    1.51  151.48    0.18    3.02      -1      -1      -1       0    0.00    0.00  798.81    0.00  819.21  831.23  774.87  830.95    0.00    0.00    0.00    1.39    0.04    0.00    0.01    0.01    0.00    0.00    0.00
  15.590       0    2750       0       0    0.00   -0.15    1.58  151.54    0.19    3.17      -1      -1      -1       0   16.55  843.19    0.00  824.25    0.00    0.00    0.00    0.00  853.49  168.44  255.20    0.00    0.00    0.00    0.00    0.00    0.01    0.00    0.00
  15.600       0       0       0       0    0.00   -0.15    1.69  151.61    0.21    3.37      -1      -1      -1       0    0.00    0.00  799.07    0.00  818.90  831.23  774.89  831.00    0.00    0.00    0.00    1.53    0.05    0.01    0.00    0.01    0.00    0.00    0.00
  15.610       0    2742       0       0    0.00   -0.15    1.72  151.62    0.22    3.42      -1      -1      -1       0   16.73  842.98    0.00  824.29    0.00    0.00    0.00    0.00  853.44  168.23  254.99    0.00    0.00    0.00    0.00    0.00    0.01    0.00    0.00
  15.620       0    2742       0       0    0.00   -0.14    1.73  151.63    0.22    3.44      -1      -1      -1       0    0.00    0.00  799.40    0.00  819.59  831.23  774.90  830.95    0.00    0.00    0.00    1.82    0.06    0.00    0.00    0.00    0.00    0.00    0.00
  15.630       0    2727       0       0    0.00   -0.14    1.73  151.63    0.20    3.44      -1      -1      -1       0   16.77  844.09    0.00  824.09    0.00    0.00    0.00    0.00  853.05  168.30  254.22    0.00    0.00    0.00    0.00    0.00    0.02    0.00    0.00
  15.640       0    2727       0       0    0.00   -0.14    1.70  151.63    0.19    3.44      -1      -1      -1       0    0.00    0.00  799.52    0.00  819.63  830.78  774.90  830.55    0.00    0.00    0.00    1.77    0.06    0.01    0.00    0.01    0.00    0.00    0.00
  15.650       0    2722       0       0    0.00   -0.14    1.66  151.63    0.17    3.28      -1      -1      -1       0   16.70  844.46    0.00  824.82    0.00    0.00    0.00    0.00  853.01  168.37  254.38    0.00    0.00    0.00    0.00    0.00    0.02    0.00    0.00
  15.660       0    2722       0       0    0.00   -0.14    1.61  151.63    0.16    3.07      -1      -1      -1       0    0.00    0.00  799.48    0.00  819.83  830.69  774.91  830.08    0.00    0.00    0.00    1.49    0.06    0.01    0.00    0.00    0.00    0.00    0.00
  15.670       0    2722       0       0    0.00   -0.14    1.60  151.63    0.16    2.86      -1      -1      -1       0   16.64  845.01    0.00  824.91    0.00    0.00    0.00    0.00  852.90  168.44  254.60    0.00    0.00    0.00    0.00    0.00    0.00    0.00    0.00
  15.680       0    2722       0       0    0.00   -0.14    1.60  151.63    0.16    2.97      -1      -1      -1       0    0.00    0.00  799.44    0.00  820.33  830.59  774.93  830.31    0.00    0.00    0.00    1.10    0.05    0.01    0.01    0.00    0.00    0.00    0.00
  15.690       0    2719       0       0    0.00   -0.14    1.60  151.63    0.18    3.00      -1      -1      -1       0   16.44  845.19    0.00  825.09    0.00    0.00    0.00    0.00  853.68  168.52  255.01    0.00    0.00    0.00    0.00    0.00    0.00    0.00    0.00
  15.700       0    2719       0       0    0.00   -0.14    1.60  151.63    0.19    3.00      -1      -1      -1       0    0.00    0.00  799.06    0.00  819.95  830.91  775.38  830.18    0.00    0.00    0.00    1.13    0.03    0.02    0.01    0.01    0.00    0.00    0.00
  15.710       0       0       0       0    0.00   -0.14    1.60  151.63    0.21    3.01      -1      -1      -1       0   16.15  844.83    0.00  825.21    0.00    0.00    0.00    0.00  853.90  168.65  255.30    0.00    0.00    0.00    0.00    0.00    0.01    0.00    0.00
  15.720       0    2713       0       0    0.00   -0.15    1.60  151.57    0.20    3.01      -1      -1      -1       0    0.00    0.00  798.99    0.00  819.88  830.97  775.02  830.47    0.00    0.00    0.00    1.20    0.03    0.02    0.01    0.01    0.00    0.00    0.00
  15.730       0    2713       0       0    0.00   -0.15    1.57  151.50    0.19    3.01      -1      -1      -1       0   16.01  844.76    0.00  824.90    0.00    0.00    0.00    0.00  854.22  168.91  255.55    0.00    0.00    0.00    0.00    0.00    0.01    0.00    0.00
  15.740       0    2709       0       0    0.00   -0.15    1.56  151.37    0.15    2.68      -1      -1      -1       0    0.00    0.00  798.89    0.00  819.47  831.12  774.95  830.69    0.00    0.00    0.00    1.29    0.00    0.00    0.01    0.01    0.00    0.00    0.00
  15.750       0    2709       0       0    0.00   -0.15    1.59  151.34    0.12    2.44      -1      -1      -1       0   16.32  844.37    0.00  824.77    0.00    0.00    0.00    0.00  854.33  168.86  256.15    0.00    0.00    0.00    0.00    0.00    0.01    0.00    0.00
  15.760       0    2704       0       0    0.00   -0.15    1.66  151.39    0.12    2.54      -1      -1      -1       0    0.00    0.00  799.67    0.00  819.47  831.10  774.50  831.43    0.00    0.00    0.00    1.31    0.04    0.00    0.01    0.01    0.00    0.00    0.00
  15.770       0    2704       0       0    0.00   -0.14    1.71  151.51    0.13    2.89      -1      -1      -1       0   16.61  844.33    0.00  824.74    0.00    0.00    0.00    0.00  854.00  168.73  255.94    0.00    0.00    0.00    0.00    0.00    0.01    0.00    0.00
  15.780       0    2695       0       0    0.00   -0.13    1.73  151.60    0.15    3.30      -1      -1      -1       0    0.00    0.00  799.88    0.00  819.30  831.07  774.51  831.62    0.00    0.00    0.00    1.51    0.05    0.00    0.00    0.01    0.00    0.00    0.00
  15.790       0    2695       0       0    0.00   -0.13    1.73  151.62    0.16    3.41      -1      -1      -1       0   16.77  844.14    0.00  824.82    0.00    0.00    0.00    0.00  853.93  168.48  255.53    0.00    0.00    0.00    0.00    0.00    0.01    0.00    0.00
  15.800       0       0       0       0    0.00   -0.13    1.73  151.63    0.16    3.27      -1      -1      -1       0    0.00    0.00  800.19    0.00  820.07  830.65  774.33  831.24    0.00    0.00    0.00    1.49    0.06    0.01    0.01    0.00    0.00    0.00    0.00
  15.810       0    2687       0       0    0.00   -0.13    1.73  151.63    0.14    3.07      -1      -1      -1       0   16.77  844.47    0.00  824.74    0.00    0.00    0.00    0.00  853.93  168.47  254.53    0.00    0.00    0.00    0.00    0.00    0.02    0.00    0.00
  15.820       0    2687       0       0    0.00   -0.13    1.70  151.63    0.12    2.86      -1      -1      -1       0    0.00    0.00  800.29    0.00  820.25  830.16  775.10  831.24    0.00    0.00    0.00    1.36    0.07    0.01    0.00    0.01    0.00    0.00    0.00
  15.830       0    2687       0       0    0.00   -0.13    1.66  151.63    0.10    2.81      -1      -1      -1       0   16.70  844.53    0.00  824.71    0.00    0.00    0.00    0.00  853.99  168.47  254.46    0.00    0.00    0.00    0.00    0.00    0.02    0.00    0.00
  15.840       0    2687       0       0    0.00   -0.13    1.61  151.63    0.11    2.79      -1      -1      -1       0    0.00    0.00  799.95    0.00  820.50  829.97  775.25  831.35    0.00    0.00    0.00    1.06    0.07    0.01    0.01    0.00    0.00    0.00    0.00
  15.850       0    2682       0       0    0.00   -0.13    1.60  151.63    0.13    2.79      -1      -1      -1       0   16.61  844.65    0.00  824.70    0.00    0.00    0.00    0.00  853.87  168.53  254.62    0.00    0.00    0.00    0.00    0.00    0.00    0.00    0.00
  15.860       0    2682       0       0    0.00   -0.14    1.60  151.63    0.15    2.79      -1      -1      -1       0    0.00    0.00  799.89    0.00  820.61  830.17  775.40  831.34    0.00    0.00    0.00    0.99    0.06    0.01    0.01    0.01    0.00    0.00    0.00
  15.870       0    2678       0       0    0.00   -0.15    1.60  151.63    0.17    2.79      -1      -1      -1       0   16.39  844.69    0.00  825.14    0.00    0.00    0.00    0.00  853.90  168.59  255.02    0.00    0.00    0.00    0.00    0.00    0.00    0.00    0.00
  15.880       0    2678       0       0    0.00   -0.16    1.60  151.57    0.18    2.79      -1      -1      -1       0    0.00    0.00  799.89    0.00  820.28  830.44  775.57  831.26    0.00    0.00    0.00    1.10    0.04    0.01    0.01    0.01    0.00    0.00    0.00
  15.890       0    2670       0       0    0.00   -0.16    1.60  151.50    0.16    2.79      -1      -1      -1       0   16.08  844.67    0.00  824.76    0.00    0.00    0.00    0.00  853.89  168.84  255.30    0.00    0.00    0.00    0.00    0.00    0.01    0.00    0.00
  15.900       0       0       0       0    0.00   -0.16    1.57  151.43    0.11    2.79      -1      -1      -1       0    0.00    0.00  799.95    0.00  820.20  830.65  775.25  831.26    0.00    0.00    0.00    1.20    0.04    0.01    0.01    0.01    0.00    0.00    0.00
  15.910       0    2670       0       0    0.00   -0.16    1.49  151.41    0.08    2.63      -1      -1      -1       0   16.10  844.66    0.00  824.63    0.00    0.00    0.00    0.00  853.88  169.23  255.90    0.00    0.00    0.00    0.00    0.00    0.01    0.00    0.00
  15.920       0    2665       0       0    0.00   -0.16    1.48  151.46    0.09    2.59      -1      -1      -1       0    0.00    0.00  799.88    0.00  820.31  830.96  774.71  831.29    0.00    0.00    0.00    1.28    0.00    0.00    0.02    0.01    0.00    0.00    0.00
  15.930       0    2665       0       0    0.00   -0.16    1.54  151.53    0.13    2.58      -1      -1      -1       0   16.44  844.68    0.00  824.16    0.00    0.00    0.00    0.00  853.86  169.28  255.88    0.00    0.00    0.00    0.00    0.00    0.01    0.00    0.00
  15.940       0    2658       0       0    0.00   -0.15    1.65  151.60    0.15    2.74      -1      -1      -1       0    0.00    0.00  800.31    0.00  820.73  831.07  774.15  831.73    0.00    0.00    0.00    1.37    0.05    0.01    0.02    0.02    0.00    0.00    0.00
  15.950       0    2658       0       0    0.00   -0.14    1.71  151.62    0.16    2.78      -1      -1      -1       0   16.68  844.69    0.00  824.05    0.00    0.00    0.00    0.00  853.86  169.06  255.69    0.00    0.00    0.00    0.00    0.00    0.01    0.00    0.00
  15.960       0    2650       0       0    0.00   -0.12    1.69  151.63    0.14    2.79      -1      -1      -1       0    0.00    0.00  800.40    0.00  820.30  831.03  774.47  831.81    0.00    0.00    0.00    1.72    0.06    0.00    0.01    0.02    0.00    0.00    0.00
  15.970       0    2650       0       0    0.00   -0.11    1.69  151.63    0.12    2.79      -1      -1      -1       0   16.77  844.69    0.00  823.91    0.00    0.00    0.00    0.00  853.82  168.56  254.93    0.00    0.00    0.00    0.00    0.00    0.01    0.00    0.00
  15.980       0       0       0       0    0.00   -0.11    1.65  151.63    0.12    2.79      -1      -1      -1       0    0.00    0.00  800.92    0.00  820.30  830.99  774.25  831.92    0.00    0.00    0.00    1.74    0.06    0.01    0.00    0.01    0.00    0.00    0.00
  15.990       0    2650       0       0    0.00   -0.11    1.65  151.63    0.15    2.79      -1      -1      -1       0   16.75  844.71    0.00  824.22    0.00    0.00    0.00    0.00  853.81  168.49  254.74    0.00    0.00    0.00    0.00    0.00    0.01    0.00    0.00
  16.000       0    2650       0       0    0.00   -0.13    1.61  151.63    0.19    2.79      -1      -1      -1       0    0.00    0.00  800.69    0.00  820.32  831.06  774.50  832.05    0.00    0.00    0.00    1.55    0.07    0.01    0.00    0.00    0.00    0.00    0.00
  16.010       0    2650       0       0    0.00   -0.14    1.60  151.63    0.21    2.79      -1      -1      -1       0   16.68  844.73    0.00  824.28    0.00    0.00    0.00    0.00  853.82  168.59  254.87    0.00    0.00    0.00    0.00    0.00    0.00    0.00    0.00
  16.020       0    2650       0       0    0.00   -0.16    1.60  151.63    0.20    2.79      -1      -1      -1       0    0.00    0.00  800.41    0.00  820.18  830.63  774.46  831.75    0.00    0.00    0.00    1.18    0.07    0.01    0.01    0.00    0.00    0.00    0.00
  16.030       0    2650       0       0    0.00   -0.16    1.60  151.57    0.19    2.79      -1      -1      -1       0   16.50  845.19    0.00  824.30    0.00    0.00    0.00    0.00  853.82  168.78  255.44    0.00    0.00    0.00    0.00    0.00    0.00    0.00    0.00
  16.040       0    2650       0       0    0.00   -0.16    1.60  151.56    0.18    2.79      -1      -1      -1       0    0.00    0.00  799.73    0.00  820.08  830.54  775.11  831.59    0.00    0.00    0.00    1.15    0.06    0.01    0.01    0.01    0.00    0.00    0.00
  16.050       0    2646       0       0    0.00   -0.16    1.60  151.50    0.20    2.79      -1      -1      -1       0   16.26  844.83    0.00  824.35    0.00    0.00    0.00    0.00  854.26  168.88  255.94    0.00    0.00    0.00    0.00    0.00    0.01    0.00    0.00
  16.060       0    2646       0       0    0.00   -0.16    1.60  151.48    0.21    2.79      -1      -1      -1       0    0.00    0.00  799.84    0.00  819.59  830.89  775.24  831.41    0.00    0.00    0.00    1.21    0.04    0.01    0.01    0.01    0.00    0.00    0.00
  16.070       0       0       0       0    0.00   -0.16    1.57  151.42    0.20    2.79      -1      -1      -1       0   16.01  844.84    0.00  824.32    0.00    0.00    0.00    0.00  854.34  169.13  256.25    0.00    0.00    0.00    0.00    0.00    0.01    0.00    0.00
  16.080       0    2643       0       0    0.00   -0.15    1.49  151.41    0.17    2.79      -1      -1      -1       0    0.00    0.00  799.63    0.00  819.02  831.01  774.85  831.34    0.00    0.00    0.00    1.29    0.00    0.00    0.01    0.01    0.00    0.00    0.00
  16.090       0    2643       0       0    0.00   -0.15    1.48  151.46    0.14    2.46      -1      -1      -1       0   16.23  844.42    0.00  823.90    0.00    0.00    0.00    0.00  854.89  169.08  256.86    0.00    0.00    0.00    0.00    0.00    0.01    0.00    0.00
  16.100       0    2635       0       0    0.00   -0.13    1.50  151.53    0.15    2.38      -1      -1      -1       0    0.00    0.00  800.31    0.00  819.28  831.00  774.47  831.37    0.00    0.00    0.00    1.37    0.05    0.01    0.01    0.01    0.00    0.00    0.00
  16.110       0    2635       0       0    0.00   -0.13    1.58  151.60    0.19    2.36      -1      -1      -1       0   16.55  844.27    0.00  823.82    0.00    0.00    0.00    0.00  854.66  169.01  256.84    0.00    0.00    0.00    0.00    0.00    0.01    0.00    0.00
  16.120       0    2628       0       0    0.00   -0.13    1.59  151.62    0.20    2.68      -1      -1      -1       0    0.00    0.00  800.31    0.00  819.14  831.08  774.92  831.39    0.00    0.00    0.00    1.52    0.06    0.00    0.00    0.01    0.00    0.00    0.00
  16.130       0    2628       0       0    0.00   -0.14    1.60  151.63    0.17    2.76      -1      -1      -1       0   16.73  844.14    0.00  824.62    0.00    0.00    0.00    0.00  854.38  168.66  256.47    0.00    0.00    0.00    0.00    0.00    0.01    0.00    0.00
  16.140       0    2621       0       0    0.00   -0.14    1.63  151.63    0.14    2.78      -1      -1      -1       0    0.00    0.00  800.88    0.00  819.40  831.04  774.89  831.35    0.00    0.00    0.00    1.76    0.06    0.01    0.00    0.00    0.00    0.00    0.00
  16.150       0       0       0       0    0.00   -0.14    1.64  151.63    0.15    2.79      -1      -1      -1       0   16.77  844.46    0.00  824.23    0.00    0.00    0.00    0.00  853.73  168.57  255.48    0.00    0.00    0.00    0.00    0.00    0.01    0.00    0.00
  16.160       0    2621       0       0    0.00   -0.15    1.64  151.63    0.19    2.79      -1      -1      -1       0    0.00    0.00  801.08    0.00  820.01  830.17  774.82  831.34    0.00    0.00    0.00    1.62    0.07    0.01    0.00    0.01    0.00    0.00    0.00
  16.170       0    2621       0       0    0.00   -0.16    1.61  151.57    0.21    2.79      -1      -1      -1       0   16.73  844.53    0.00  824.34    0.00    0.00    0.00    0.00  853.83  168.61  255.23    0.00    0.00    0.00    0.00    0.00    0.01    0.00    0.00
  16.180       0    2621       0       0    0.00   -0.16    1.60  151.56    0.24    2.79      -1      -1      -1       0    0.00    0.00  800.91    0.00  820.32  830.01  774.90  831.34    0.00    0.00    0.00    1.45    0.06    0.01    0.00    0.00    0.00    0.00    0.00
  16.190       0    2621       0       0    0.00   -0.16    1.60  151.50    0.24    2.79      -1      -1      -1       0   16.66  844.65    0.00  824.93    0.00    0.00    0.00    0.00  853.62  168.73  255.53    0.00    0.00    0.00    0.00    0.00    0.00    0.00    0.00
  16.200       0    2621       0       0    0.00   -0.16    1.60  151.48    0.24    2.79      -1      -1      -1       0    0.00    0.00  800.58    0.00  820.50  829.81  775.38  831.30    0.00    0.00    0.00    1.15    0.06    0.01    0.01    0.00    0.00    0.00    0.00
  16.210       0    2619       0       0    0.00   -0.16    1.60  151.42    0.23    2.79      -1      -1      -1       0   16.46  844.69    0.00  824.60    0.00    0.00    0.00    0.00  854.32  168.87  255.97    0.00    0.00    0.00    0.00    0.00    0.00    0.00    0.00
  16.220       0    2619       0       0    0.00   -0.16    1.60  151.41    0.21    2.79      -1      -1      -1       0    0.00    0.00  800.63    0.00  820.16  830.00  775.92  831.27    0.00    0.00    0.00    1.21    0.04    0.02    0.01    0.01    0.00    0.00    0.00
  16.230       0       0       0       0    0.00   -0.15    1.60  151.40    0.19    2.79      -1      -1      -1       0   16.17  844.67    0.00  824.59    0.00    0.00    0.00    0.00  854.33  168.96  256.25    0.00    0.00    0.00    0.00    0.00    0.00    0.00    0.00
  16.240       0    2612       0       0    0.00   -0.15    1.57  151.40    0.17    2.79      -1      -1      -1       0    0.00    0.00  800.58    0.00  820.19  829.80  775.67  831.28    0.00    0.00    0.00    1.29    0.00    0.02    0.01    0.01    0.00    0.00    0.00
  16.250       0    2612       0       0    0.00   -0.14    1.53  151.40    0.16    2.79      -1      -1      -1       0   16.03  844.66    0.00  824.62    0.00    0.00    0.00    0.00  854.90  169.15  256.68    0.00    0.00    0.00    0.00    0.00    0.01    0.00    0.00
  16.260       0    2607       0       0    0.00   -0.14    1.48  151.35    0.16    2.63      -1      -1      -1       0    0.00    0.00  800.48    0.00  820.13  830.17  775.81  831.29    0.00    0.00    0.00    1.37    0.04    0.00    0.02    0.01    0.00    0.00    0.00
  16.270       0    2607       0       0    0.00   -0.14    1.51  151.39    0.16    2.59      -1      -1      -1       0   16.35  844.23    0.00  824.64    0.00    0.00    0.00    0.00  855.11  169.14  257.69    0.00    0.00    0.00    0.00    0.00    0.01    0.00    0.00
  16.280       0    2604       0       0    0.00   -0.13    1.54  151.46    0.16    2.58      -1      -1      -1       0    0.00    0.00  800.40    0.00  820.19  829.75  775.09  831.28    0.00    0.00    0.00    1.39    0.05    0.00    0.02    0.01    0.00    0.00    0.00
  16.290       0    2604       0       0    0.00   -0.13    1.59  151.59    0.18    2.74      -1      -1      -1       0   16.64  844.15    0.00  824.10    0.00    0.00    0.00    0.00  854.93  168.97  257.58    0.00    0.00    0.00    0.00    0.00    0.01    0.00    0.00
  16.300       0       0       0       0    0.00   -0.13    1.60  151.62    0.18    2.78      -1      -1      -1       0    0.00    0.00  800.36    0.00  820.09  829.51  774.84  831.72    0.00    0.00    0.00    1.53    0.05    0.00    0.00    0.01    0.00    0.00    0.00
  16.310       0    2590       0       0    0.00   -0.14    1.60  151.63    0.16    2.79      -1      -1      -1       0   16.79  844.04    0.00  824.01    0.00    0.00    0.00    0.00  854.61  168.71  257.01    0.00    0.00    0.00    0.00    0.00    0.01    0.00    0.00
  16.320       0    2590       0       0    0.00   -0.15    1.60  151.63    0.14    2.79      -1      -1      -1       0    0.00    0.00  800.31    0.00  820.07  828.95  774.50  831.81    0.00    0.00    0.00    1.50    0.06    0.01    0.00    0.00    0.00    0.00    0.00
  16.330       0    2590       0       0    0.00   -0.16    1.60  151.57    0.14    2.79      -1      -1      -1       0   16.79  844.37    0.00  823.86    0.00    0.00    0.00    0.00  854.66  168.75  255.80    0.00    0.00    0.00    0.00    0.00    0.02    0.00    0.00
  16.340       0    2590       0       0    0.00   -0.15    1.60  151.50    0.15    2.79      -1      -1      -1       0    0.00    0.00  800.25    0.00  820.05  828.79  774.86  831.47    0.00    0.00    0.00    1.36    0.09    0.01    0.00    0.00    0.00    0.00    0.00
  16.350       0    2588       0       0    0.00   -0.15    1.60  151.43    0.16    2.79      -1      -1      -1       0   16.73  844.45    0.00  824.19    0.00    0.00    0.00    0.00  854.62  168.88  255.85    0.00    0.00    0.00    0.00    0.00    0.02    0.00    0.00
  16.360       0    2588       0       0    0.00   -0.15    1.57  151.41    0.16    2.79      -1      -1      -1       0    0.00    0.00  800.07    0.00  820.03  828.49  774.90  830.94    0.00    0.00    0.00    1.06    0.09    0.01    0.01    0.00    0.00    0.00    0.00
  16.370       0       0       0       0    0.00   -0.14    1.53  151.40    0.16    2.79      -1      -1      -1       0   16.59  844.61    0.00  824.13    0.00    0.00    0.00    0.00  854.52  168.96  256.05    0.00    0.00    0.00    0.00    0.00    0.00    0.00    0.00
  16.380       0    2575       0       0    0.00   -0.13    1.48  151.40    0.16    2.79      -1      -1      -1       0    0.00    0.00  799.56    0.00  820.02  828.84  774.92  830.98    0.00    0.00    0.00    0.99    0.07    0.01    0.01    0.01    0.00    0.00    0.00
  16.390       0    2575       0       0    0.00   -0.13    1.47  151.40    0.16    2.79      -1      -1      -1       0   16.37  844.59    0.00  824.26    0.00    0.00    0.00    0.00  854.88  168.99  256.27    0.00    0.00    0.00    0.00    0.00    0.00    0.00    0.00
  16.400       0    2567       0       0    0.00   -0.13    1.47  151.40    0.14    2.79      -1      -1      -1       0    0.00    0.00  799.41    0.00  820.01  828.91  774.93  830.84    0.00    0.00    0.00    1.10    0.00    0.02    0.01    0.01    0.00    0.00    0.00
  16.410       0    2567       0       0    0.00   -0.13    1.47  151.40    0.14    2.79      -1      -1      -1       0   16.06  844.55    0.00  824.31    0.00    0.00    0.00    0.00  854.94  169.10  256.51    0.00    0.00    0.00    0.00    0.00    0.00    0.00    0.00
  16.420       0    2567       0       0    0.00   -0.13    1.47  151.40    0.14    2.63      -1      -1      -1       0    0.00    0.00  799.69    0.00  820.01  828.95  774.93  831.09    0.00    0.00    0.00    1.20    0.04    0.01    0.01    0.01    0.00    0.00    0.00
  16.430       0    2567       0       0    0.00   -0.13    1.41  151.35    0.14    2.42      -1      -1      -1       0   16.12  844.14    0.00  824.27    0.00    0.00    0.00    0.00  854.99  169.08  256.92    0.00    0.00    0.00    0.00    0.00    0.01    0.00    0.00
  16.440       0       0       0       0    0.00   -0.13    1.42  151.39    0.14    2.21      -1      -1      -1       0    0.00    0.00  799.62    0.00  820.00  828.97  774.92  831.55    0.00    0.00    0.00    1.22    0.05    0.00    0.02    0.01    0.00    0.00    0.00
  16.450       0    2565       0       0    0.00   -0.13    1.46  151.46    0.14    2.32      -1      -1      -1       0   16.46  844.08    0.00  823.84    0.00    0.00    0.00    0.00  855.07  169.01  258.10    0.00    0.00    0.00    0.00    0.00    0.01    0.00    0.00
  16.460       0    2565       0       0    0.00   -0.13    1.56  151.59    0.15    2.51      -1      -1      -1       0    0.00    0.00  799.66    0.00  820.00  828.96  774.93  831.72    0.00    0.00    0.00    1.29    0.05    0.01    0.02    0.02    0.00    0.00    0.00
  16.470       0    2555       0       0    0.00   -0.13    1.59  151.62    0.16    2.72      -1      -1      -1       0   16.73  843.97    0.00  823.78    0.00    0.00    0.00    0.00  854.73  168.83  258.22    0.00    0.00    0.00    0.00    0.00    0.01    0.00    0.00
  16.480       0    2555       0       0    0.00   -0.13    1.60  151.63    0.17    2.77      -1      -1      -1       0    0.00    0.00  799.70    0.00  820.00  828.95  774.93  831.85    0.00    0.00    0.00    1.63    0.06    0.00    0.00    0.02    0.00    0.00    0.00
  16.490       0    2552       0       0    0.00   -0.13    1.60  151.63    0.19    2.79      -1      -1      -1       0   16.79  844.30    0.00  823.27    0.00    0.00    0.00    0.00  854.44  168.84  257.71    0.00    0.00    0.00    0.00    0.00    0.01    0.00    0.00
  16.500       0    2552       0       0    0.00   -0.13    1.57  151.63    0.20    2.79      -1      -1      -1       0    0.00    0.00  799.70    0.00  820.00  828.51  774.93  831.52    0.00    0.00    0.00    1.65    0.06    0.01    0.00    0.01    0.00    0.00    0.00
  16.510       0       0       0       0    0.00   -0.13    1.53  151.57    0.17    2.79      -1      -1      -1       0   16.77  844.40    0.00  822.75    0.00    0.00    0.00    0.00  854.34  168.90  256.51    0.00    0.00    0.00    0.00    0.00    0.01    0.00    0.00
  16.520       0    2549       0       0    0.00   -0.13    1.48  151.50    0.13    2.79      -1      -1      -1       0    0.00    0.00  799.70    0.00  820.45  828.42  774.93  831.58    0.00    0.00    0.00    1.53    0.09    0.01    0.00    0.00    0.00    0.00    0.00
  16.530       0    2549       0       0    0.00   -0.13    1.47  151.43    0.12    2.79      -1      -1      -1       0   16.70  844.59    0.00  822.54    0.00    0.00    0.00    0.00  854.47  169.02  256.57    0.00    0.00    0.00    0.00    0.00    0.00    0.00    0.00
  16.540       0    2545       0       0    0.00   -0.13    1.47  151.41    0.13    2.79      -1      -1      -1       0    0.00    0.00  799.69    0.00  820.54  828.32  774.94  831.46    0.00    0.00    0.00    1.17    0.08    0.01    0.01    0.00    0.00    0.00    0.00
  16.550       0    2545       0       0    0.00   -0.13    1.47  151.40    0.15    2.79      -1      -1      -1       0   16.53  844.65    0.00  822.60    0.00    0.00    0.00    0.00  854.34  169.06  256.94    0.00    0.00    0.00    0.00    0.00    0.00    0.00    0.00
  16.560       0    2540       0       0    0.00   -0.13    1.47  151.40    0.16    2.79      -1      -1      -1       0    0.00    0.00  799.25    0.00  820.19  828.64  774.94  831.53    0.00    0.00    0.00    1.15    0.07    0.01    0.01    0.01    0.00    0.00    0.00
  16.570       0       0       0       0    0.00   -0.14    1.47  151.40    0.16    2.79      -1      -1      -1       0   16.30  844.63    0.00  822.68    0.00    0.00    0.00    0.00  854.27  169.12  257.21    0.00    0.00    0.00    0.00    0.00    0.01    0.00    0.00
  16.580       0    2540       0       0    0.00   -0.14    1.47  151.40    0.16    2.79      -1      -1      -1       0    0.00    0.00  799.16    0.00  820.12  828.71  774.94  831.46    0.00    0.00    0.00    1.14    0.04    0.01    0.01    0.01    0.00    0.00    0.00
  16.590       0    2540       0       0    0.00   -0.14    1.47  151.40    0.16    2.79      -1      -1      -1       0   16.06  844.60    0.00  822.56    0.00    0.00    0.00    0.00  854.23  169.36  257.10    0.00    0.00    0.00    0.00    0.00    0.00    0.00    0.00
  16.600       0    2540       0       0    0.00   -0.14    1.41  151.40    0.16    2.63      -1      -1      -1       0    0.00    0.00  799.05    0.00  819.69  828.86  774.94  831.90    0.00    0.00    0.00    1.27    0.04    0.01    0.01    0.01    0.00    0.00    0.00
  16.610       0    2536       0       0    0.00   -0.14    1.42  151.46    0.14    2.26      -1      -1      -1       0   16.23  844.19    0.00  822.52    0.00    0.00    0.00    0.00  854.66  169.42  257.97    0.00    0.00    0.00    0.00    0.00    0.01    0.00    0.00
  16.620       0    2536       0       0    0.00   -0.14    1.46  151.53    0.14    2.17      -1      -1      -1       0    0.00    0.00  799.82    0.00  819.50  828.91  774.94  831.97    0.00    0.00    0.00    1.37    0.05    0.00    0.01    0.01    0.00    0.00    0.00
  16.630       0    2522       0       0    0.00   -0.13    1.56  151.60    0.14    2.31      -1      -1      -1       0   16.55  844.12    0.00  822.52    0.00    0.00    0.00    0.00  854.25  169.33  258.01    0.00    0.00    0.00    0.00    0.00    0.01    0.00    0.00
  16.640       0       0       0       0    0.00   -0.13    1.59  151.62    0.15    2.67      -1      -1      -1       0    0.00    0.00  800.43    0.00  819.38  828.89  774.49  832.48    0.00    0.00    0.00    1.52    0.05    0.00    0.01    0.01    0.00    0.00    0.00
  16.650       0    2522       0       0    0.00   -0.13    1.60  151.63    0.16    2.76      -1      -1      -1       0   16.75  844.01    0.00  822.41    0.00    0.00    0.00    0.00  854.06  168.96  257.84    0.00    0.00    0.00    0.00    0.00    0.01    0.00    0.00
  16.660       0    2520       0       0    0.00   -0.13    1.60  151.63    0.16    2.78      -1      -1      -1       0    0.00    0.00  801.23    0.00  819.71  828.87  774.40  832.26    0.00    0.00    0.00    1.76    0.05    0.01    0.00    0.01    0.00    0.00    0.00
  16.670       0    2520       0       0    0.00   -0.13    1.60  151.63    0.16    2.79      -1      -1      -1       0   16.79  844.33    0.00  822.32    0.00    0.00    0.00    0.00  853.56  168.99  256.72    0.00    0.00    0.00    0.00    0.00    0.01    0.00    0.00
  16.680       0    2520       0       0    0.00   -0.13    1.57  151.57    0.16    2.63      -1      -1      -1       0    0.00    0.00  801.51    0.00  819.77  828.45  774.29  831.97    0.00    0.00    0.00    1.75    0.07    0.01    0.00    0.00    0.00    0.00    0.00
  16.690       0    2520       0       0    0.00   -0.13    1.53  151.50    0.17    2.42      -1      -1      -1       0   16.75  844.43    0.00  822.34    0.00    0.00    0.00    0.00  853.61  169.05  256.80    0.00    0.00    0.00    0.00    0.00    0.01    0.00    0.00
  16.700       0       0       0       0    0.00   -0.14    1.48  151.43    0.19    2.37      -1      -1      -1       0    0.00    0.00  801.42    0.00  819.88  828.37  774.61  831.74    0.00    0.00    0.00    1.55    0.07    0.01    0.00    0.00    0.00    0.00    0.00
  16.710       0    2517       0       0    0.00   -0.14    1.47  151.41    0.21    2.52      -1      -1      -1       0   16.66  844.60    0.00  822.31    0.00    0.00    0.00    0.00  853.40  169.17  257.18    0.00    0.00    0.00    0.00    0.00    0.00    0.00    0.00
  16.720       0    2517       0       0    0.00   -0.15    1.47  151.40    0.22    2.72      -1      -1      -1       0    0.00    0.00  801.31    0.00  819.92  828.26  774.68  831.69    0.00    0.00    0.00    1.11    0.07    0.01    0.01    0.01    0.00    0.00    0.00
  16.730       0    2509       0       0    0.00   -0.14    1.47  151.40    0.20    2.61      -1      -1      -1       0   16.50  844.66    0.00  822.29    0.00    0.00    0.00    0.00  853.68  169.15  257.45    0.00    0.00    0.00    0.00    0.00    0.00    0.00    0.00
  16.740       0    2509       0       0    0.00   -0.14    1.47  151.40    0.19    2.42      -1      -1      -1       0    0.00    0.00  801.03    0.00  819.91  828.59  774.82  831.58    0.00    0.00    0.00    1.00    0.05    0.02    0.01    0.01    0.00    0.00    0.00
  16.750       0    2500       0       0    0.00   -0.14    1.47  151.40    0.17    2.21      -1      -1      -1       0   16.19  844.70    0.00  822.30    0.00    0.00    0.00    0.00  853.67  169.25  257.52    0.00    0.00    0.00    0.00    0.00    0.00    0.00    0.00
  16.760       0       0       0       0    0.00   -0.14    1.47  151.40    0.16    2.16      -1      -1      -1       0    0.00    0.00  801.00    0.00  819.89  828.68  774.80  831.64    0.00    0.00    0.00    1.04    0.00    0.02    0.01    0.01    0.00    0.00    0.00
  16.770       0    2500       0       0    0.00   -0.14    1.44  151.40    0.16    2.14      -1      -1      -1       0   16.03  844.69    0.00  822.29    0.00    0.00    0.00    0.00  854.18  169.51  257.71    0.00    0.00    0.00    0.00    0.00    0.01    0.00    0.00
  16.780       0    2500       0       0    0.00   -0.14    1.40  151.35    0.14    1.98      -1      -1      -1       0    0.00    0.00  800.89    0.00  819.47  829.30  774.77  831.58    0.00    0.00    0.00    1.18    0.05    0.00    0.02    0.01    0.00    0.00    0.00
  16.790       0    2500       0       0    0.00   -0.14    1.42  151.39    0.15    1.94      -1      -1      -1       0   16.35  844.68    0.00  822.27    0.00    0.00    0.00    0.00  854.28  169.51  258.84    0.00    0.00    0.00    0.00    0.00    0.01    0.00    0.00
  16.800       0    2500       0       0    0.00   -0.14    1.49  151.46    0.17    2.09      -1      -1      -1       0    0.00    0.00  800.79    0.00  819.38  828.91  773.90  831.54    0.00    0.00    0.00    1.28    0.05    0.00    0.02    0.01    0.00    0.00    0.00
  16.810       0    2500       0       0    0.00   -0.14    1.57  151.59    0.21    2.29      -1      -1      -1       0   16.64  844.70    0.00  821.81    0.00    0.00    0.00    0.00  853.93  169.35  258.77    0.00    0.00    0.00    0.00    0.00    0.01    0.00    0.00
  16.820       0       0       0       0    0.00   -0.14    1.59  151.62    0.22    2.50      -1      -1      -1       0    0.00    0.00  801.13    0.00  819.28  828.83  773.32  831.97    0.00    0.00    0.00    1.50    0.05    0.00    0.00    0.01    0.00    0.00    0.00
  16.830       0    2484       0       0    0.00   -0.14    1.60  151.63    0.20    2.56      -1      -1      -1       0   16.82  844.70    0.00  821.72    0.00    0.00    0.00    0.00  853.96  169.08  258.21    0.00    0.00    0.00    0.00    0.00    0.01    0.00    0.00
  16.840       0    2484       0       0    0.00   -0.14    1.60  151.63    0.20    2.73      -1      -1      -1       0    0.00    0.00  801.15    0.00  819.60  828.43  772.61  831.59    0.00    0.00    0.00    1.56    0.06    0.01    0.00    0.00    0.00    0.00    0.00
  16.850       0    2484       0       0    0.00   -0.14    1.57  151.57    0.20    2.78      -1      -1      -1       0   16.82  844.70    0.00  821.60    0.00    0.00    0.00    0.00  854.02  169.13  256.99    0.00    0.00    0.00    0.00    0.00    0.02    0.00    0.00
  16.860       0    2484       0       0    0.00   -0.14    1.53  151.50    0.22    2.62      -1      -1      -1       0    0.00    0.00  801.19    0.00  819.68  828.38  773.04  831.44    0.00    0.00    0.00    1.50    0.09    0.01    0.00    0.00    0.00    0.00    0.00
  16.870       0       0       0       0    0.00   -0.14    1.48  151.43    0.20    2.42      -1      -1      -1       0   16.73  844.72    0.00  821.92    0.00    0.00    0.00    0.00  853.99  169.19  257.05    0.00    0.00    0.00    0.00    0.00    0.02    0.00    0.00
  16.880       0    2478       0       0    0.00   -0.14    1.47  151.41    0.19    2.21      -1      -1      -1       0    0.00    0.00  800.79    0.00  819.72  828.26  772.89  830.96    0.00    0.00    0.00    1.23    0.08    0.00    0.01    0.00    0.00    0.00    0.00
  16.890       0    2478       0       0    0.00   -0.14    1.47  151.40    0.17    2.16      -1      -1      -1       0   16.64  844.74    0.00  821.98    0.00    0.00    0.00    0.00  853.88  169.21  257.42    0.00    0.00    0.00    0.00    0.00    0.01    0.00    0.00
  16.900       0    2474       0       0    0.00   -0.14    1.47  151.40    0.16    2.14      -1      -1      -1       0    0.00    0.00  800.80    0.00  819.79  828.58  772.80  830.84    0.00    0.00    0.00    1.10    0.06    0.01    0.01    0.01    0.00    0.00    0.00
  16.910       0    2474       0       0    0.00   -0.14    1.47  151.40    0.16    2.14      -1      -1      -1       0   16.39  844.73    0.00  822.12    0.00    0.00    0.00    0.00  853.92  169.27  258.05    0.00    0.00    0.00    0.00    0.00    0.00    0.00    0.00
  16.920       0    2462       0       0    0.00   -0.14    1.47  151.40    0.16    2.14      -1      -1      -1       0    0.00    0.00  800.43    0.00  819.76  828.67  772.82  830.70    0.00    0.00    0.00    1.26    0.03    0.02    0.01    0.01    0.00    0.00    0.00
  16.930       0       0       0       0    0.00   -0.14    1.47  151.40    0.16    2.14      -1      -1      -1       0   16.12  844.73    0.00  822.10    0.00    0.00    0.00    0.00  854.36  169.45  259.64    0.00    0.00    0.00    0.00    0.00    0.00    0.00    0.00
  16.940       0    2462       0       0    0.00   -0.14    1.44  151.40    0.14    2.14      -1      -1      -1       0    0.00    0.00  800.58    0.00  819.34  828.84  772.85  831.04    0.00    0.00    0.00    1.49    0.03    0.02    0.01    0.01    0.00    0.00    0.00
  16.950       0    2461       0       0    0.00   -0.14    1.36  151.40    0.11    2.14      -1      -1      -1       0   16.12  844.28    0.00  822.07    0.00    0.00    0.00    0.00  854.43  169.50  260.76    0.00    0.00    0.00    0.00    0.00    0.01    0.00    0.00
  16.960       0    2461       0       0    0.00   -0.14    1.35  151.46    0.08    1.98      -1      -1      -1       0    0.00    0.00  800.46    0.00  818.86  828.90  772.32  831.06    0.00    0.00    0.00    1.62    0.04    0.00    0.03    0.01    0.00    0.00    0.00
  16.970       0    2451       0       0    0.00   -0.14    1.41  151.53    0.09    1.94      -1      -1      -1       0   16.46  843.75    0.00  821.65    0.00    0.00    0.00    0.00  854.52  169.34  260.68    0.00    0.00    0.00    0.00    0.00    0.01    0.00    0.00
  16.980       0    2451       0       0    0.00   -0.14    1.49  151.60    0.12    2.09      -1      -1      -1       0    0.00    0.00  800.85    0.00  819.09  828.88  771.76  831.16    0.00    0.00    0.00    1.58    0.05    0.00    0.02    0.02    0.00    0.00    0.00
  16.990       0       0       0       0    0.00   -0.14    1.51  151.62    0.17    2.45      -1      -1      -1       0   16.70  843.55    0.00  821.15    0.00    0.00    0.00    0.00  854.65  169.08  259.40    0.00    0.00    0.00    0.00    0.00    0.01    0.00    0.00
  17.000       0    2449       0       0    0.00   -0.14    1.48  151.63    0.18    2.71      -1      -1      -1       0    0.00    0.00  800.86    0.00  818.95  828.86  772.01  831.64    0.00    0.00    0.00    1.77    0.05    0.00    0.00    0.02    0.00    0.00    0.00
  17.010       0    2449       0       0    0.00   -0.14    1.47  151.63    0.18    2.61      -1      -1      -1       0   16.84  843.76    0.00  820.97    0.00    0.00    0.00    0.00  854.35  169.07  258.19    0.00    0.00    0.00    0.00    0.00    0.01    0.00    0.00
  17.020       0    2436       0       0    0.00   -0.14    1.47  151.63    0.16    2.58      -1      -1      -1       0    0.00    0.00  801.24    0.00  819.24  828.89  771.84  831.30    0.00    0.00    0.00    1.75    0.07    0.01    0.00    0.00    0.00    0.00    0.00
  17.030       0    2436       0       0    0.00   -0.14    1.47  151.57    0.14    2.41      -1      -1      -1       0   16.79  844.02    0.00  821.16    0.00    0.00    0.00    0.00  854.16  169.18  258.42    0.00    0.00    0.00    0.00    0.00    0.01    0.00    0.00
  17.040       0       0       0       0    0.00   -0.14    1.47  151.50    0.12    2.37      -1      -1      -1       0    0.00    0.00  801.07    0.00  819.23  828.90  772.13  831.24    0.00    0.00    0.00    1.62    0.09    0.01    0.00    0.00    0.00    0.00    0.00
  17.050       0    2436       0       0    0.00   -0.13    1.47  151.43    0.10    2.20      -1      -1      -1       0   16.68  843.97    0.00  821.43    0.00    0.00    0.00    0.00  854.11  169.32  259.55    0.00    0.00    0.00    0.00    0.00    0.01    0.00    0.00
  17.060       0    2436       0       0    0.00   -0.12    1.47  151.46    0.09    2.15      -1      -1      -1       0    0.00    0.00  800.75    0.00  819.30  828.90  772.09  831.24    0.00    0.00    0.00    1.26    0.09    0.01    0.01    0.01    0.00    0.00    0.00
  17.070       0    2425       0       0    0.00   -0.11    1.47  151.53    0.09    2.14      -1      -1      -1       0   16.55  844.25    0.00  821.39    0.00    0.00    0.00    0.00  853.91  169.36  260.38    0.00    0.00    0.00    0.00    0.00    0.00    0.00    0.00
  17.080       0    2425       0       0    0.00   -0.11    1.47  151.55    0.11    2.14      -1      -1      -1       0    0.00    0.00  799.97    0.00  819.34  828.94  772.15  831.33    0.00    0.00    0.00    1.23    0.07    0.01    0.01    0.01    0.00    0.00    0.00
  17.090       0       0       0       0    0.00   -0.12    1.47  151.49    0.13    2.14      -1      -1      -1       0   16.39  844.15    0.00  821.69    0.00    0.00    0.00    0.00  853.86  169.42  260.58    0.00    0.00    0.00    0.00    0.00    0.00    0.00    0.00
  17.100       0    2425       0       0    0.00   -0.12    1.47  151.42    0.15    2.14      -1      -1      -1       0    0.00    0.00  799.79    0.00  818.97  828.96  772.18  831.27    0.00    0.00    0.00    1.36    0.03    0.01    0.01    0.01    0.00    0.00    0.00
  17.110       0    2425       0       0    0.00   -0.13    1.44  151.41    0.16    2.14      -1      -1      -1       0   16.06  843.78    0.00  821.58    0.00    0.00    0.00    0.00  853.81  169.72  260.81    0.00    0.00    0.00    0.00    0.00    0.00    0.00    0.00
  17.120       0    2425       0       0    0.00   -0.13    1.36  151.40    0.14    2.14      -1      -1      -1       0    0.00    0.00  799.54    0.00  818.59  828.97  771.80  831.26    0.00    0.00    0.00    1.52    0.03    0.00    0.01    0.01    0.00    0.00    0.00
  17.130       0    2425       0       0    0.00   -0.13    1.35  151.40    0.11    1.98      -1      -1      -1       0   16.23  843.38    0.00  821.21    0.00    0.00    0.00    0.00  853.79  169.73  261.41    0.00    0.00    0.00    0.00    0.00    0.01    0.00    0.00
  17.140       0       0       0       0    0.00   -0.13    1.37  151.46    0.10    1.94      -1      -1      -1       0    0.00    0.00  799.95    0.00  818.46  828.98  771.38  831.27    0.00    0.00    0.00    1.56    0.04    0.00    0.01    0.01    0.00    0.00    0.00
  17.150       0    2420       0       0    0.00   -0.13    1.45  151.53    0.11    1.93      -1      -1      -1       0   16.55  843.61    0.00  820.38    0.00    0.00    0.00    0.00  853.78  169.63  261.20    0.00    0.00    0.00    0.00    0.00    0.01    0.00    0.00
  17.160       0    2420       0       0    0.00   -0.13    1.46  151.60    0.16    2.09      -1      -1      -1       0    0.00    0.00  800.28    0.00  818.62  828.98  771.24  831.72    0.00    0.00    0.00    1.57    0.05    0.00    0.00    0.02    0.00    0.00    0.00
  17.170       0    2420       0       0    0.00   -0.13    1.47  151.62    0.19    2.13      -1      -1      -1       0   16.77  843.48    0.00  820.52    0.00    0.00    0.00    0.00  853.77  169.32  260.61    0.00    0.00    0.00    0.00    0.00    0.01    0.00    0.00
  17.180       0    2420       0       0    0.00   -0.13    1.47  151.63    0.21    2.14      -1      -1      -1       0    0.00    0.00  800.34    0.00  818.47  828.98  771.41  831.35    0.00    0.00    0.00    1.83    0.06    0.01    0.00    0.02    0.00    0.00    0.00
  17.190       0       0       0       0    0.00   -0.13    1.47  151.63    0.20    2.30      -1      -1      -1       0   16.82  843.80    0.00  820.28    0.00    0.00    0.00    0.00  853.31  169.35  259.74    0.00    0.00    0.00    0.00    0.00    0.02    0.00    0.00
  17.200       0    2407       0       0    0.00   -0.12    1.47  151.63    0.19    2.34      -1      -1      -1       0    0.00    0.00  800.90    0.00  818.83  828.53  771.25  831.27    0.00    0.00    0.00    1.84    0.07    0.01    0.01    0.00    0.00    0.00    0.00
  17.210       0    2407       0       0    0.00   -0.12    1.47  151.57    0.17    2.35      -1      -1      -1       0   16.75  843.80    0.00  820.93    0.00    0.00    0.00    0.00  853.22  169.42  260.07    0.00    0.00    0.00    0.00    0.00    0.02    0.00    0.00
  17.220       0    2407       0       0    0.00   -0.12    1.47  151.50    0.16    2.19      -1      -1      -1       0    0.00    0.00  800.68    0.00  818.87  828.44  771.60  831.28    0.00    0.00    0.00    1.71    0.06    0.01    0.01    0.01    0.00    0.00    0.00
  17.230       0    2407       0       0    0.00   -0.12    1.47  151.43    0.16    2.15      -1      -1      -1       0   16.64  843.89    0.00  820.87    0.00    0.00    0.00    0.00  853.11  169.44  260.33    0.00    0.00    0.00    0.00    0.00    0.00    0.00    0.00
  17.240       0       0       0       0    0.00   -0.12    1.47  151.41    0.16    2.14      -1      -1      -1       0    0.00    0.00  800.38    0.00  819.26  828.33  771.64  831.28    0.00    0.00    0.00    1.28    0.05    0.01    0.01    0.01    0.00    0.00    0.00
  17.250       0    2394       0       0    0.00   -0.12    1.47  151.40    0.16    2.14      -1      -1      -1       0   16.53  843.95    0.00  820.97    0.00    0.00    0.00    0.00  853.43  169.44  260.57    0.00    0.00    0.00    0.00    0.00    0.00    0.00    0.00
  17.260       0    2394       0       0    0.00   -0.13    1.47  151.40    0.16    2.14      -1      -1      -1       0    0.00    0.00  799.71    0.00  819.38  828.65  772.00  831.26    0.00    0.00    0.00    1.24    0.03    0.02    0.01    0.01    0.00    0.00    0.00
  17.270       0    2394       0       0    0.00   -0.13    1.44  151.40    0.16    2.14      -1      -1      -1       0   16.23  843.59    0.00  821.05    0.00    0.00    0.00    0.00  853.50  169.55  260.81    0.00    0.00    0.00    0.00    0.00    0.00    0.00    0.00
  17.280       0    2394       0       0    0.00   -0.14    1.40  151.40    0.16    2.14      -1      -1      -1       0    0.00    0.00  799.83    0.00  819.26  828.72  771.84  831.27    0.00    0.00    0.00    1.36    0.02    0.02    0.01    0.01    0.00    0.00    0.00
  17.290       0       0       0       0    0.00   -0.14    1.35  151.40    0.14    2.14      -1      -1      -1       0   15.99  843.26    0.00  820.76    0.00    0.00    0.00    0.00  853.64  169.86  261.05    0.00    0.00    0.00    0.00    0.00    0.01    0.00    0.00
  17.300       0    2384       0       0    0.00   -0.14    1.31  151.35    0.11    1.98      -1      -1      -1       0    0.00    0.00  799.61    0.00  818.90  828.87  771.50  831.26    0.00    0.00    0.00    1.46    0.03    0.00    0.01    0.01    0.00    0.00    0.00
  17.310       0    2384       0       0    0.00   -0.14    1.33  151.39    0.10    1.94      -1      -1      -1       0   16.35  843.15    0.00  820.51    0.00    0.00    0.00    0.00  853.68  169.83  262.01    0.00    0.00    0.00    0.00    0.00    0.01    0.00    0.00
  17.320       0    2384       0       0    0.00   -0.13    1.37  151.46    0.11    1.93      -1      -1      -1       0    0.00    0.00  799.85    0.00  818.91  828.84  771.17  831.71    0.00    0.00    0.00    1.48    0.04    0.00    0.01    0.01    0.00    0.00    0.00
  17.330       0    2384       0       0    0.00   -0.12    1.45  151.53    0.15    2.09      -1      -1      -1       0   16.66  843.00    0.00  819.99    0.00    0.00    0.00    0.00  853.67  169.71  261.88    0.00    0.00    0.00    0.00    0.00    0.01    0.00    0.00
  17.340       0       0       0       0    0.00   -0.11    1.46  151.49    0.16    2.13      -1      -1      -1       0    0.00    0.00  800.21    0.00  818.84  828.82  771.39  832.24    0.00    0.00    0.00    1.55    0.06    0.01    0.01    0.01    0.00    0.00    0.00
  17.350       0    2380       0       0    0.00   -0.11    1.47  151.48    0.16    2.14      -1      -1      -1       0   16.82  842.73    0.00  819.79    0.00    0.00    0.00    0.00  853.65  169.40  262.03    0.00    0.00    0.00    0.00    0.00    0.01    0.00    0.00
  17.360       0    2380       0       0    0.00   -0.11    1.47  151.53    0.17    2.14      -1      -1      -1       0    0.00    0.00  800.31    0.00  818.42  828.40  771.27  831.99    0.00    0.00    0.00    1.57    0.06    0.01    0.00    0.00    0.00    0.00    0.00
  17.370       0    2374       0       0    0.00   -0.11    1.44  151.55    0.18    2.14      -1      -1      -1       0   16.82  842.77    0.00  819.49    0.00    0.00    0.00    0.00  853.23  169.43  261.35    0.00    0.00    0.00    0.00    0.00    0.02    0.00    0.00
  17.380       0    2374       0       0    0.00   -0.11    1.43  151.49    0.18    2.14      -1      -1      -1       0    0.00    0.00  800.41    0.00  818.56  828.33  771.60  831.69    0.00    0.00    0.00    1.51    0.08    0.01    0.00    0.00    0.00    0.00    0.00
  17.390       0       0       0       0    0.00   -0.12    1.43  151.42    0.16    2.14      -1      -1      -1       0   16.75  842.83    0.00  819.85    0.00    0.00    0.00    0.00  853.15  169.50  261.36    0.00    0.00    0.00    0.00    0.00    0.02    0.00    0.00
  17.400       0    2374       0       0    0.00   -0.13    1.46  151.41    0.16    2.14      -1      -1      -1       0    0.00    0.00  800.10    0.00  818.49  828.22  771.93  831.33    0.00    0.00    0.00    1.30    0.07    0.01    0.01    0.00    0.00    0.00    0.00
  17.410       0    2374       0       0    0.00   -0.15    1.47  151.40    0.18    2.14      -1      -1      -1       0   16.59  842.77    0.00  819.92    0.00    0.00    0.00    0.00  853.04  169.57  261.37    0.00    0.00    0.00    0.00    0.00    0.00    0.00    0.00
  17.420       0    2367       0       0    0.00   -0.16    1.44  151.40    0.18    2.14      -1      -1      -1       0    0.00    0.00  800.15    0.00  818.86  828.10  772.06  831.05    0.00    0.00    0.00    1.18    0.08    0.01    0.01    0.01    0.00    0.00    0.00
  17.430       0    2367       0       0    0.00   -0.15    1.40  151.40    0.18    2.14      -1      -1      -1       0   16.41  842.72    0.00  819.94    0.00    0.00    0.00    0.00  852.91  169.58  261.37    0.00    0.00    0.00    0.00    0.00    0.00    0.00    0.00
  17.440       0       0       0       0    0.00   -0.15    1.35  151.40    0.16    2.14      -1      -1      -1       0    0.00    0.00  800.00    0.00  818.41  827.96  772.19  830.77    0.00    0.00    0.00    1.15    0.00    0.02    0.01    0.01    0.00    0.00    0.00
  17.450       0    2361       0       0    0.00   -0.15    1.34  151.40    0.16    2.14      -1      -1      -1       0   16.12  842.27    0.00  819.93    0.00    0.00    0.00    0.00  853.22  169.70  261.19    0.00    0.00    0.00    0.00    0.00    0.00    0.00    0.00
  17.460       0    2361       0       0    0.00   -0.15    1.34  151.40    0.16    1.98      -1      -1      -1       0    0.00    0.00  800.07    0.00  818.41  827.87  772.10  831.12    0.00    0.00    0.00    1.27    0.00    0.02    0.01    0.01    0.00    0.00    0.00
  17.470       0    2344       0       0    0.00   -0.15    1.28  151.35    0.14    1.77      -1      -1      -1       0   16.10  842.10    0.00  819.92    0.00    0.00    0.00    0.00  853.22  169.68  261.14    0.00    0.00    0.00    0.00    0.00    0.01    0.00    0.00
  17.480       0       0       0       0    0.00   -0.14    1.29  151.39    0.14    1.56      -1      -1      -1       0    0.00    0.00  799.92    0.00  818.15  827.78  771.74  831.18    0.00    0.00    0.00    1.43    0.06    0.00    0.02    0.01    0.00    0.00    0.00
  17.490       0    2344       0       0    0.00   -0.14    1.33  151.46    0.14    1.67      -1      -1      -1       0   16.46  841.92    0.00  819.49    0.00    0.00    0.00    0.00  853.23  169.61  260.95    0.00    0.00    0.00    0.00    0.00    0.01    0.00    0.00
  17.500       0    2342       0       0    0.00   -0.14    1.43  151.53    0.14    1.86      -1      -1      -1       0    0.00    0.00  799.88    0.00  818.31  827.41  771.36  831.20    0.00    0.00    0.00    1.60    0.06    0.00    0.02    0.02    0.00    0.00    0.00
  17.510       0    2342       0       0    0.00   -0.14    1.46  151.49    0.12    2.07      -1      -1      -1       0   16.68  842.26    0.00  818.96    0.00    0.00    0.00    0.00  852.81  169.43  260.73    0.00    0.00    0.00    0.00    0.00    0.01    0.00    0.00
  17.520       0    2333       0       0    0.00   -0.13    1.47  151.42    0.10    2.12      -1      -1      -1       0    0.00    0.00  799.84    0.00  818.07  827.30  771.57  831.22    0.00    0.00    0.00    1.84    0.05    0.00    0.00    0.02    0.00    0.00    0.00
  17.530       0       0       0       0    0.00   -0.13    1.47  151.41    0.11    2.14      -1      -1      -1       0   16.79  842.33    0.00  818.77    0.00    0.00    0.00    0.00  852.80  169.39  259.60    0.00    0.00    0.00    0.00    0.00    0.01    0.00    0.00
  17.540       0    2333       0       0    0.00   -0.13    1.47  151.40    0.13    2.14      -1      -1      -1       0    0.00    0.00  799.81    0.00  818.00  826.74  771.11  831.22    0.00    0.00    0.00    1.77    0.06    0.01    0.00    0.00    0.00    0.00    0.00
  17.550       0    2333       0       0    0.00   -0.14    1.44  151.40    0.15    1.98      -1      -1      -1       0   16.79  842.42    0.00  818.54    0.00    0.00    0.00    0.00  852.37  169.48  259.13    0.00    0.00    0.00    0.00    0.00    0.01    0.00    0.00
  17.560       0    2333       0       0    0.00   -0.14    1.40  151.40    0.16    1.77      -1      -1      -1       0    0.00    0.00  799.76    0.00  818.05  826.53  770.98  831.21    0.00    0.00    0.00    1.62    0.09    0.01    0.00    0.00    0.00    0.00    0.00
  17.570       0       0       0       0    0.00   -0.14    1.35  151.40    0.16    1.56      -1      -1      -1       0   16.73  842.45    0.00  818.34    0.00    0.00    0.00    0.00  852.54  169.62  259.56    0.00    0.00    0.00    0.00    0.00    0.01    0.00    0.00
  17.580       0    2324       0       0    0.00   -0.14    1.34  151.40    0.16    1.67      -1      -1      -1       0    0.00    0.00  799.29    0.00  818.03  826.36  770.87  830.77    0.00    0.00    0.00    1.26    0.10    0.01    0.01    0.00    0.00    0.00    0.00
  17.590       0    2324       0       0    0.00   -0.14    1.34  151.40    0.16    1.86      -1      -1      -1       0   16.55  842.47    0.00  818.47    0.00    0.00    0.00    0.00  852.40  169.71  260.56    0.00    0.00    0.00    0.00    0.00    0.00    0.00    0.00
  17.600       0    2324       0       0    0.00   -0.14    1.34  151.40    0.16    2.07      -1      -1      -1       0    0.00    0.00  798.74    0.00  817.91  826.62  770.77  830.68    0.00    0.00    0.00    1.24    0.09    0.01    0.01    0.01    0.00    0.00    0.00
  17.610       0       0       0       0    0.00   -0.13    1.34  151.40    0.16    2.12      -1      -1      -1       0   16.26  842.47    0.00  818.82    0.00    0.00    0.00    0.00  852.32  169.73  261.16    0.00    0.00    0.00    0.00    0.00    0.00    0.00    0.00
  17.620       0    2324       0       0    0.00   -0.13    1.34  151.40    0.16    1.97      -1      -1      -1       0    0.00    0.00  798.99    0.00  817.88  826.67  770.70  830.57    0.00    0.00    0.00    1.29    0.00    0.01    0.01    0.01    0.00    0.00    0.00
  17.630       0    2314       0       0    0.00   -0.13    1.34  151.40    0.14    1.77      -1      -1      -1       0   16.03  842.46    0.00  818.38    0.00    0.00    0.00    0.00  852.23  169.96  261.14    0.00    0.00    0.00    0.00    0.00    0.00    0.00    0.00
  17.640       0    2314       0       0    0.00   -0.13    1.31  151.35    0.12    1.56      -1      -1      -1       0    0.00    0.00  798.85    0.00  817.40  826.70  770.64  830.90    0.00    0.00    0.00    1.44    0.00    0.00    0.01    0.01    0.00    0.00    0.00
  17.650       0    2310       0       0    0.00   -0.13    1.33  151.33    0.08    1.51      -1      -1      -1       0   16.19  842.02    0.00  818.35    0.00    0.00    0.00    0.00  852.65  170.02  261.85    0.00    0.00    0.00    0.00    0.00    0.01    0.00    0.00
  17.660       0       0       0       0    0.00   -0.13    1.37  151.33    0.09    1.66      -1      -1      -1       0    0.00    0.00  799.11    0.00  817.24  826.71  770.60  830.97    0.00    0.00    0.00    1.54    0.00    0.00    0.01    0.01    0.00    0.00    0.00
  17.670       0    2310       0       0    0.00   -0.13    1.45  151.38    0.11    1.86      -1      -1      -1       0   16.55  841.93    0.00  818.35    0.00    0.00    0.00    0.00  852.22  169.92  261.85    0.00    0.00    0.00    0.00    0.00    0.01    0.00    0.00
  17.680       0    2310       0       0    0.00   -0.13    1.46  151.40    0.15    2.07      -1      -1      -1       0    0.00    0.00  799.27    0.00  817.15  826.71  770.56  831.12    0.00    0.00    0.00    1.63    0.06    0.00    0.01    0.01    0.00    0.00    0.00
  17.690       0    2310       0       0    0.00   -0.13    1.47  151.40    0.17    2.12      -1      -1      -1       0   16.75  841.83    0.00  818.32    0.00    0.00    0.00    0.00  851.95  169.56  261.67    0.00    0.00    0.00    0.00    0.00    0.01    0.00    0.00
  17.700       0       0       0       0    0.00   -0.13    1.44  151.40    0.19    2.14      -1      -1      -1       0    0.00    0.00  799.36    0.00  817.45  826.70  770.59  831.09    0.00    0.00    0.00    1.91    0.05    0.00    0.00    0.01    0.00    0.00    0.00
  17.710       0    2305       0       0    0.00   -0.14    1.43  151.40    0.20    2.14      -1      -1      -1       0   16.82  842.15    0.00  818.10    0.00    0.00    0.00    0.00  851.43  169.53  260.37    0.00    0.00    0.00    0.00    0.00    0.01    0.00    0.00
  17.720       0    2305       0       0    0.00   -0.13    1.39  151.40    0.17    2.14      -1      -1      -1       0    0.00    0.00  799.43    0.00  817.51  826.26  770.53  831.06    0.00    0.00    0.00    1.86    0.07    0.01    0.00    0.00    0.00    0.00    0.00
  17.730       0    2300       0       0    0.00   -0.13    1.39  151.40    0.13    2.14      -1      -1      -1       0   16.77  842.22    0.00  818.05    0.00    0.00    0.00    0.00  851.50  169.63  260.22    0.00    0.00    0.00    0.00    0.00    0.01    0.00    0.00
  17.740       0       0       0       0    0.00   -0.14    1.35  151.40    0.12    2.14      -1      -1      -1       0    0.00    0.00  799.38    0.00  817.63  826.17  770.51  830.64    0.00    0.00    0.00    1.71    0.06    0.01    0.00    0.00    0.00    0.00    0.00
  17.750       0    2300       0       0    0.00   -0.13    1.34  151.40    0.13    1.98      -1      -1      -1       0   16.64  842.37    0.00  817.99    0.00    0.00    0.00    0.00  851.27  169.76  260.54    0.00    0.00    0.00    0.00    0.00    0.00    0.00    0.00
  17.760       0    2289       0       0    0.00   -0.13    1.34  151.40    0.15    1.77      -1      -1      -1       0    0.00    0.00  798.98    0.00  818.12  826.06  770.50  830.58    0.00    0.00    0.00    1.35    0.06    0.01    0.01    0.00    0.00    0.00    0.00
  17.770       0    2289       0       0    0.00   -0.13    1.34  151.40    0.16    1.72      -1      -1      -1       0   16.46  842.42    0.00  818.04    0.00    0.00    0.00    0.00  851.98  169.80  261.70    0.00    0.00    0.00    0.00    0.00    0.01    0.00    0.00
  17.780       0    2289       0       0    0.00   -0.13    1.34  151.40    0.16    1.71      -1      -1      -1       0    0.00    0.00  798.53    0.00  817.74  826.39  770.48  830.47    0.00    0.00    0.00    1.32    0.04    0.02    0.01    0.01    0.00    0.00    0.00
  17.790       0       0       0       0    0.00   -0.13    1.34  151.40    0.14    1.71      -1      -1      -1       0   16.17  842.40    0.00  817.98    0.00    0.00    0.00    0.00  852.03  169.81  262.17    0.00    0.00    0.00    0.00    0.00    0.00    0.00    0.00
  17.800       0    2289       0       0    0.00   -0.13    1.34  151.40    0.12    1.54      -1      -1      -1       0    0.00    0.00  798.76    0.00  817.75  826.32  770.46  830.80    0.00    0.00    0.00    1.38    0.00    0.02    0.01    0.01    0.00    0.00    0.00
  17.810       0    2281       0       0    0.00   -0.13    1.31  151.40    0.12    1.50      -1      -1      -1       0   16.01  842.38    0.00  817.96    0.00    0.00    0.00    0.00  852.16  169.98  262.28    0.00    0.00    0.00    0.00    0.00    0.01    0.00    0.00
  17.820       0    2281       0       0    0.00   -0.13    1.23  151.35    0.11    1.33      -1      -1      -1       0    0.00    0.00  798.62    0.00  817.34  826.47  770.45  830.75    0.00    0.00    0.00    1.40    0.00    0.00    0.01    0.01    0.00    0.00    0.00
  17.830       0       0       0       0    0.00   -0.13    1.22  151.33    0.13    1.45      -1      -1      -1       0   16.35  841.97    0.00  817.49    0.00    0.00    0.00    0.00  852.29  169.97  262.31    0.00    0.00    0.00    0.00    0.00    0.01    0.00    0.00
  17.840       0    2279       0       0    0.00   -0.13    1.24  151.33    0.14    1.65      -1      -1      -1       0    0.00    0.00  798.92    0.00  817.28  826.39  769.54  830.92    0.00    0.00    0.00    1.53    0.05    0.00    0.01    0.01    0.00    0.00    0.00
  17.850       0    2279       0       0    0.00   -0.13    1.32  151.38    0.15    2.02      -1      -1      -1       0   16.64  841.88    0.00  817.39    0.00    0.00    0.00    0.00  851.99  169.91  262.14    0.00    0.00    0.00    0.00    0.00    0.01    0.00    0.00
  17.860       0    2264       0       0    0.00   -0.13    1.33  151.40    0.16    2.11      -1      -1      -1       0    0.00    0.00  799.14    0.00  817.12  826.01  769.36  830.99    0.00    0.00    0.00    1.69    0.05    0.00    0.00    0.01    0.00    0.00    0.00
  17.870       0       0       0       0    0.00   -0.13    1.34  151.40    0.16    2.13      -1      -1      -1       0   16.79  841.78    0.00  817.21    0.00    0.00    0.00    0.00  851.84  169.67  261.56    0.00    0.00    0.00    0.00    0.00    0.01    0.00    0.00
  17.880       0    2264       0       0    0.00   -0.13    1.34  151.40    0.16    2.14      -1      -1      -1       0    0.00    0.00  799.25    0.00  817.89  825.54  769.14  830.94    0.00    0.00    0.00    1.67    0.05    0.01    0.01    0.00    0.00    0.00    0.00
  17.890       0    2264       0       0    0.00   -0.13    1.34  151.40    0.16    2.14      -1      -1      -1       0   16.77  841.65    0.00  817.06    0.00    0.00    0.00    0.00  851.80  169.66  259.98    0.00    0.00    0.00    0.00    0.00    0.02    0.00    0.00
  17.900       0    2264       0       0    0.00   -0.13    1.34  151.40    0.16    2.14      -1      -1      -1       0    0.00    0.00  799.35    0.00  818.05  825.78  769.79  830.52    0.00    0.00    0.00    1.40    0.07    0.01    0.00    0.01    0.00    0.00    0.00
  17.910       0       0       0       0    0.00   -0.13    1.34  151.40    0.16    1.98      -1      -1      -1       0   16.70  841.51    0.00  817.37    0.00    0.00    0.00    0.00  851.88  169.72  259.59    0.00    0.00    0.00    0.00    0.00    0.02    0.00    0.00
  17.920       0    2257       0       0    0.00   -0.13    1.34  151.40    0.16    1.77      -1      -1      -1       0    0.00    0.00  799.27    0.00  818.19  825.64  769.91  830.02    0.00    0.00    0.00    1.08    0.07    0.01    0.01    0.00    0.00    0.00    0.00
  17.930       0    2257       0       0    0.00   -0.13    1.34  151.40    0.14    1.56      -1      -1      -1       0   16.61  841.86    0.00  817.35    0.00    0.00    0.00    0.00  851.80  169.84  259.67    0.00    0.00    0.00    0.00    0.00    0.00    0.00    0.00
  17.940       0    2250       0       0    0.00   -0.13    1.34  151.40    0.12    1.51      -1      -1      -1       0    0.00    0.00  798.89    0.00  818.37  825.49  769.99  829.84    0.00    0.00    0.00    0.93    0.06    0.01    0.01    0.01    0.00    0.00    0.00
  17.950       0       0       0       0    0.00   -0.13    1.34  151.40    0.12    1.49      -1      -1      -1       0   16.37  841.41    0.00  817.48    0.00    0.00    0.00    0.00  851.76  169.93  259.86    0.00    0.00    0.00    0.00    0.00    0.00    0.00    0.00
  17.960       0    2250       0       0    0.00   -0.13    1.34  151.40    0.13    1.49      -1      -1      -1       0    0.00    0.00  798.84    0.00  818.04  825.83  770.11  829.61    0.00    0.00    0.00    1.02    0.00    0.02    0.01    0.01    0.00    0.00    0.00
  17.970       0    2245       0       0    0.00   -0.14    1.34  151.40    0.15    1.49      -1      -1      -1       0   16.08  841.01    0.00  817.40    0.00    0.00    0.00    0.00  851.75  170.13  260.09    0.00    0.00    0.00    0.00    0.00    0.00    0.00    0.00
  17.980       0    2245       0       0    0.00   -0.14    1.31  151.35    0.16    1.49      -1      -1      -1       0    0.00    0.00  799.21    0.00  817.50  826.14  770.05  830.25    0.00    0.00    0.00    1.18    0.04    0.02    0.01    0.01    0.00    0.00    0.00
  17.990       0       0       0       0    0.00   -0.15    1.23  151.28    0.14    1.49      -1      -1      -1       0   16.08  840.89    0.00  817.01    0.00    0.00    0.00    0.00  851.74  170.06  260.69    0.00    0.00    0.00    0.00    0.00    0.01    0.00    0.00
  18.000       0    2242       0       0    0.00   -0.14    1.22  151.26    0.14    1.33      -1      -1      -1       0    0.00    0.00  799.19    0.00  816.93  826.22  769.20  830.19    0.00    0.00    0.00    1.34    0.04    0.00    0.03    0.01    0.00    0.00    0.00
  18.010       0    2242       0       0    0.00   -0.14    1.24  151.31    0.14    1.29      -1      -1      -1       0   16.41  840.76    0.00  816.54    0.00    0.00    0.00    0.00  851.71  169.99  260.66    0.00    0.00    0.00    0.00    0.00    0.01    0.00    0.00
  18.020       0    2238       0       0    0.00   -0.14    1.32  151.38    0.15    1.44      -1      -1      -1       0    0.00    0.00  799.34    0.00  817.13  826.08  768.22  830.23    0.00    0.00    0.00    1.39    0.05    0.00    0.02    0.02    0.00    0.00    0.00
  18.030       0       0       0       0    0.00   -0.14    1.33  151.39    0.16    1.64      -1      -1      -1       0   16.68  840.48    0.00  816.38    0.00    0.00    0.00    0.00  851.64  169.80  260.30    0.00    0.00    0.00    0.00    0.00    0.01    0.00    0.00
  18.040       0    2238       0       0    0.00   -0.14    1.34  151.40    0.16    1.69      -1      -1      -1       0    0.00    0.00  799.43    0.00  816.95  826.20  768.70  830.30    0.00    0.00    0.00    1.46    0.06    0.01    0.00    0.02    0.00    0.00    0.00
  18.050       0    2228       0       0    0.00   -0.14    1.34  151.40    0.16    1.70      -1      -1      -1       0   16.77  840.53    0.00  815.87    0.00    0.00    0.00    0.00  851.62  169.81  259.67    0.00    0.00    0.00    0.00    0.00    0.01    0.00    0.00
  18.060       0    2228       0       0    0.00   -0.14    1.34  151.40    0.16    1.71      -1      -1      -1       0    0.00    0.00  799.38    0.00  817.25  825.37  768.05  829.99    0.00    0.00    0.00    1.42    0.07    0.01    0.01    0.00    0.00    0.00    0.00
  18.070       0       0       0       0    0.00   -0.14    1.34  151.40    0.16    1.71      -1      -1      -1       0   16.73  840.58    0.00  815.94    0.00    0.00    0.00    0.00  851.59  169.87  259.69    0.00    0.00    0.00    0.00    0.00    0.01    0.00    0.00
  18.080       0    2228       0       0    0.00   -0.15    1.34  151.40    0.16    1.54      -1      -1      -1       0    0.00    0.00  798.96    0.00  817.36  825.22  768.47  829.68    0.00    0.00    0.00    1.27    0.09    0.00    0.01    0.00    0.00    0.00    0.00
  18.090       0    2228       0       0    0.00   -0.15    1.34  151.40    0.16    1.50      -1      -1      -1       0   16.64  840.52    0.00  815.83    0.00    0.00    0.00    0.00  851.61  169.88  260.05    0.00    0.00    0.00    0.00    0.00    0.01    0.00    0.00
  18.100       0       0       0       0    0.00   -0.15    1.34  151.40    0.16    1.49      -1      -1      -1       0    0.00    0.00  798.52    0.00  817.44  825.02  768.35  829.12    0.00    0.00    0.00    1.04    0.08    0.01    0.01    0.01    0.00    0.00    0.00
  18.110       0    2220       0       0    0.00   -0.15    1.34  151.40    0.16    1.49      -1      -1      -1       0   16.48  840.92    0.00  815.72    0.00    0.00    0.00    0.00  851.56  169.89  260.32    0.00    0.00    0.00    0.00    0.00    0.00    0.00    0.00
  18.120       0    2220       0       0    0.00   -0.15    1.34  151.35    0.16    1.49      -1      -1      -1       0    0.00    0.00  797.97    0.00  817.35  825.26  768.38  829.16    0.00    0.00    0.00    1.05    0.06    0.01    0.01    0.01    0.00    0.00    0.00
  18.130       0    2216       0       0    0.00   -0.15    1.34  151.28    0.16    1.49      -1      -1      -1       0   16.26  841.01    0.00  815.76    0.00    0.00    0.00    0.00  851.55  169.94  260.57    0.00    0.00    0.00    0.00    0.00    0.00    0.00    0.00
  18.140       0       0       0       0    0.00   -0.15    1.31  151.20    0.16    1.49      -1      -1      -1       0    0.00    0.00  798.07    0.00  816.97  825.07  768.32  828.94    0.00    0.00    0.00    1.25    0.00    0.01    0.01    0.01    0.00    0.00    0.00
  18.150       0    2216       0       0    0.00   -0.15    1.27  151.19    0.14    1.49      -1      -1      -1       0   16.01  840.66    0.00  815.74    0.00    0.00    0.00    0.00  851.54  170.24  260.81    0.00    0.00    0.00    0.00    0.00    0.00    0.00    0.00
  18.160       0    2200       0       0    0.00   -0.14    1.19  151.18    0.12    1.49      -1      -1      -1       0    0.00    0.00  798.20    0.00  816.52  825.46  768.34  829.63    0.00    0.00    0.00    1.43    0.04    0.00    0.01    0.01    0.00    0.00    0.00
  18.170       0    2200       0       0    0.00   -0.14    1.21  151.18    0.08    1.33      -1      -1      -1       0   16.17  840.52    0.00  815.63    0.00    0.00    0.00    0.00  851.55  170.26  261.59    0.00    0.00    0.00    0.00    0.00    0.01    0.00    0.00
  18.180       0       0       0       0    0.00   -0.14    1.24  151.24    0.09    1.29      -1      -1      -1       0    0.00    0.00  798.49    0.00  815.53  825.51  768.28  829.63    0.00    0.00    0.00    1.47    0.04    0.00    0.01    0.01    0.00    0.00    0.00
  18.190       0    2200       0       0    0.00   -0.14    1.32  151.30    0.11    1.28      -1      -1      -1       0   16.50  840.67    0.00  815.61    0.00    0.00    0.00    0.00  851.53  170.09  261.42    0.00    0.00    0.00    0.00    0.00    0.01    0.00    0.00
  18.200       0    2200       0       0    0.00   -0.14    1.33  151.38    0.15    1.44      -1      -1      -1       0    0.00    0.00  798.84    0.00  815.54  825.16  768.26  830.18    0.00    0.00    0.00    1.42    0.05    0.00    0.01    0.02    0.00    0.00    0.00
  18.210       0    2192       0       0    0.00   -0.14    1.34  151.39    0.16    1.48      -1      -1      -1       0   16.73  840.62    0.00  815.58    0.00    0.00    0.00    0.00  851.53  169.72  261.02    0.00    0.00    0.00    0.00    0.00    0.01    0.00    0.00
  18.220       0       0       0       0    0.00   -0.14    1.34  151.40    0.16    1.49      -1      -1      -1       0    0.00    0.00  799.29    0.00  815.56  825.14  768.28  829.93    0.00    0.00    0.00    1.66    0.06    0.01    0.00    0.01    0.00    0.00    0.00
  18.230       0    2192       0       0    0.00   -0.14    1.34  151.40    0.16    1.49      -1      -1      -1       0   16.77  840.54    0.00  815.52    0.00    0.00    0.00    0.00  851.07  169.73  260.03    0.00    0.00    0.00    0.00    0.00    0.01    0.00    0.00
  18.240       0    2188       0       0    0.00   -0.14    1.31  151.34    0.16    1.49      -1      -1      -1       0    0.00    0.00  799.45    0.00  816.18  825.15  768.27  829.67    0.00    0.00    0.00    1.66    0.07    0.01    0.00    0.00    0.00    0.00    0.00
  18.250       0       0       0       0    0.00   -0.13    1.27  151.28    0.16    1.49      -1      -1      -1       0   16.70  840.97    0.00  815.53    0.00    0.00    0.00    0.00  850.99  169.85  260.31    0.00    0.00    0.00    0.00    0.00    0.01    0.00    0.00
  18.260       0    2188       0       0    0.00   -0.13    1.22  151.20    0.16    1.49      -1      -1      -1       0    0.00    0.00  799.40    0.00  816.55  825.09  768.71  829.44    0.00    0.00    0.00    1.53    0.06    0.01    0.01    0.00    0.00    0.00    0.00
  18.270       0    2179       0       0    0.00   -0.13    1.21  151.19    0.16    1.49      -1      -1      -1       0   16.64  841.06    0.00  815.51    0.00    0.00    0.00    0.00  850.87  169.99  260.57    0.00    0.00    0.00    0.00    0.00    0.01    0.00    0.00
  18.280       0    2179       0       0    0.00   -0.13    1.21  151.18    0.16    1.49      -1      -1      -1       0    0.00    0.00  799.34    0.00  817.18  824.87  768.79  829.41    0.00    0.00    0.00    1.11    0.05    0.01    0.01    0.01    0.00    0.00    0.00
  18.290       0       0       0       0    0.00   -0.13    1.21  151.18    0.16    1.49      -1      -1      -1       0   16.46  841.14    0.00  815.50    0.00    0.00    0.00    0.00  851.19  170.03  260.81    0.00    0.00    0.00    0.00    0.00    0.00    0.00    0.00
  18.300       0    2175       0       0    0.00   -0.13    1.21  151.18    0.14    1.49      -1      -1      -1       0    0.00    0.00  799.44    0.00  817.38  824.81  768.90  829.30    0.00    0.00    0.00    1.00    0.03    0.02    0.01    0.01    0.00    0.00    0.00
  18.310       0    2175       0       0    0.00   -0.13    1.21  151.18    0.12    1.49      -1      -1      -1       0   16.19  840.79    0.00  815.51    0.00    0.00    0.00    0.00  851.25  170.15  260.69    0.00    0.00    0.00    0.00    0.00    0.00    0.00    0.00
  18.320       0    2170       0       0    0.00   -0.14    1.21  151.18    0.12    1.49      -1      -1      -1       0    0.00    0.00  799.47    0.00  817.32  824.74  768.57  829.36    0.00    0.00    0.00    1.11    0.00    0.02    0.01    0.01    0.00    0.00    0.00
  18.330       0       0       0       0    0.00   -0.14    1.18  151.18    0.11    1.49      -1      -1      -1       0   15.97  840.84    0.00  815.50    0.00    0.00    0.00    0.00  851.29  170.46  261.02    0.00    0.00    0.00    0.00    0.00    0.01    0.00    0.00
  18.340       0    2170       0       0    0.00   -0.14    1.10  151.12    0.11    1.33      -1      -1      -1       0    0.00    0.00  799.47    0.00  817.23  824.80  768.49  829.75    0.00    0.00    0.00    1.26    0.04    0.00    0.02    0.01    0.00    0.00    0.00
  18.350       0    2162       0       0    0.00   -0.14    1.12  151.11    0.11    1.29      -1      -1      -1       0   16.32  840.64    0.00  815.49    0.00    0.00    0.00    0.00  851.35  170.48  262.18    0.00    0.00    0.00    0.00    0.00    0.01    0.00    0.00
  18.360       0       0       0       0    0.00   -0.14    1.19  151.10    0.13    1.28      -1      -1      -1       0    0.00    0.00  799.56    0.00  816.92  824.66  767.87  830.20    0.00    0.00    0.00    1.37    0.05    0.00    0.02    0.01    0.00    0.00    0.00
  18.370       0    2162       0       0    0.00   -0.14    1.30  151.16    0.15    1.44      -1      -1      -1       0   16.64  840.73    0.00  815.49    0.00    0.00    0.00    0.00  851.31  170.31  262.47    0.00    0.00    0.00    0.00    0.00    0.01    0.00    0.00
  18.380       0    2160       0       0    0.00   -0.14    1.33  151.18    0.16    1.48      -1      -1      -1       0    0.00    0.00  799.58    0.00  816.86  824.63  767.81  830.73    0.00    0.00    0.00    1.46    0.05    0.00    0.01    0.01    0.00    0.00    0.00
  18.390       0    2160       0       0    0.00   -0.14    1.34  151.18    0.16    1.49      -1      -1      -1       0   16.77  840.53    0.00  815.49    0.00    0.00    0.00    0.00  850.89  169.94  262.00    0.00    0.00    0.00    0.00    0.00    0.01    0.00    0.00
  18.400       0       0       0       0    0.00   -0.14    1.34  151.23    0.16    1.49      -1      -1      -1       0    0.00    0.00  799.56    0.00  816.39  824.15  767.74  830.63    0.00    0.00    0.00    1.35    0.05    0.01    0.00    0.01    0.00    0.00    0.00
  18.410       0    2151       0       0    0.00   -0.14    1.31  151.25    0.16    1.49      -1      -1      -1       0   16.82  840.48    0.00  815.48    0.00    0.00    0.00    0.00  850.40  169.90  260.63    0.00    0.00    0.00    0.00    0.00    0.02    0.00    0.00
  18.420       0    2151       0       0    0.00   -0.14    1.27  151.25    0.16    1.49      -1      -1      -1       0    0.00    0.00  799.58    0.00  816.22  823.58  768.47  830.51    0.00    0.00    0.00    1.19    0.08    0.01    0.00    0.00    0.00    0.00    0.00
  18.430       0       0       0       0    0.00   -0.13    1.22  151.20    0.14    1.49      -1      -1      -1       0   16.75  840.43    0.00  815.48    0.00    0.00    0.00    0.00  850.64  170.00  260.46    0.00    0.00    0.00    0.00    0.00    0.02    0.00    0.00
  18.440       0    2147       0       0    0.00   -0.13    1.21  151.18    0.14    1.49      -1      -1      -1       0    0.00    0.00  799.15    0.00  816.08  823.33  768.56  830.21    0.00    0.00    0.00    1.02    0.08    0.01    0.00    0.00    0.00    0.00    0.00
  18.450       0    2147       0       0    0.00   -0.13    1.21  151.18    0.14    1.49      -1      -1      -1       0   16.61  840.49    0.00  815.48    0.00    0.00    0.00    0.00  850.50  170.14  260.96    0.00    0.00    0.00    0.00    0.00    0.00    0.00    0.00
  18.460       0    2132       0       0    0.00   -0.14    1.21  151.18    0.15    1.49      -1      -1      -1       0    0.00    0.00  798.19    0.00  816.21  823.55  768.69  830.22    0.00    0.00    0.00    1.05    0.08    0.01    0.01    0.00    0.00    0.00    0.00
  18.470       0       0       0       0    0.00   -0.14    1.21  151.18    0.16    1.49      -1      -1      -1       0   16.39  840.38    0.00  815.48    0.00    0.00    0.00    0.00  850.78  170.23  261.45    0.00    0.00    0.00    0.00    0.00    0.00    0.00    0.00
  18.480       0    2132       0       0    0.00   -0.14    1.21  151.18    0.16    1.49      -1      -1      -1       0    0.00    0.00  797.91    0.00  815.89  823.82  768.87  830.11    0.00    0.00    0.00    1.12    0.05    0.02    0.01    0.01    0.00    0.00    0.00
  18.490       0    2132       0       0    0.00   -0.14    1.21  151.18    0.16    1.49      -1      -1      -1       0   16.08  840.36    0.00  815.48    0.00    0.00    0.00    0.00  850.98  170.37  261.57    0.00    0.00    0.00    0.00    0.00    0.00    0.00    0.00
  18.500       0       0       0       0    0.00   -0.14    1.18  151.18    0.14    1.49      -1      -1      -1       0    0.00    0.00  798.46    0.00  815.82  823.98  768.56  830.01    0.00    0.00    0.00    1.13    0.00    0.02    0.01    0.01    0.00    0.00    0.00
  18.510       0    2132       0       0    0.00   -0.14    1.10  151.12    0.12    1.33      -1      -1      -1       0   16.03  839.88    0.00  815.02    0.00    0.00    0.00    0.00  851.08  170.29  261.78    0.00    0.00    0.00    0.00    0.00    0.01    0.00    0.00
  18.520       0    2125       0       0    0.00   -0.14    1.09  151.11    0.12    0.97      -1      -1      -1       0    0.00    0.00  798.23    0.00  815.30  824.25  767.99  829.91    0.00    0.00    0.00    1.14    0.00    0.00    0.02    0.01    0.00    0.00    0.00
  18.530       0    2125       0       0    0.00   -0.14    1.11  151.10    0.13    0.88      -1      -1      -1       0   16.44  839.82    0.00  814.03    0.00    0.00    0.00    0.00  851.17  170.21  261.47    0.00    0.00    0.00    0.00    0.00    0.01    0.00    0.00
  18.540       0       0       0       0    0.00   -0.14    1.19  151.16    0.15    1.01      -1      -1      -1       0    0.00    0.00  798.50    0.00  815.29  824.20  767.42  830.30    0.00    0.00    0.00    1.27    0.06    0.00    0.02    0.02    0.00    0.00    0.00
  18.550       0    2121       0       0    0.00   -0.13    1.20  151.18    0.16    1.37      -1      -1      -1       0   16.66  839.66    0.00  813.74    0.00    0.00    0.00    0.00  851.10  169.97  261.21    0.00    0.00    0.00    0.00    0.00    0.01    0.00    0.00
  18.560       0    2121       0       0    0.00   -0.13    1.21  151.18    0.16    1.46      -1      -1      -1       0    0.00    0.00  798.56    0.00  815.10  824.15  767.62  830.31    0.00    0.00    0.00    1.63    0.06    0.00    0.00    0.02    0.00    0.00    0.00
  18.570       0       0       0       0    0.00   -0.13    1.21  151.18    0.16    1.48      -1      -1      -1       0   16.77  839.99    0.00  813.40    0.00    0.00    0.00    0.00  850.72  169.96  260.61    0.00    0.00    0.00    0.00    0.00    0.01    0.00    0.00
  18.580       0    2110       0       0    0.00   -0.13    1.21  151.18    0.16    1.49      -1      -1      -1       0    0.00    0.00  798.69    0.00  815.85  823.76  767.43  829.90    0.00    0.00    0.00    1.65    0.06    0.01    0.01    0.00    0.00    0.00    0.00
  18.590       0    2110       0       0    0.00   -0.13    1.21  151.18    0.16    1.49      -1      -1      -1       0   16.77  840.04    0.00  813.88    0.00    0.00    0.00    0.00  850.66  170.02  260.64    0.00    0.00    0.00    0.00    0.00    0.01    0.00    0.00
  18.600       0       0       0       0    0.00   -0.14    1.21  151.18    0.16    1.49      -1      -1      -1       0    0.00    0.00  798.29    0.00  815.85  823.72  767.73  829.88    0.00    0.00    0.00    1.46    0.08    0.01    0.00    0.01    0.00    0.00    0.00
  18.610       0    2110       0       0    0.00   -0.14    1.21  151.18    0.16    1.49      -1      -1      -1       0   16.70  840.16    0.00  814.11    0.00    0.00    0.00    0.00  851.03  170.14  260.83    0.00    0.00    0.00    0.00    0.00    0.01    0.00    0.00
  18.620       0    2110       0       0    0.00   -0.14    1.21  151.18    0.14    1.49      -1      -1      -1       0    0.00    0.00  798.05    0.00  815.96  823.61  767.68  829.43    0.00    0.00    0.00    1.03    0.08    0.01    0.01    0.00    0.00    0.00    0.00
  18.630       0    2101       0       0    0.00   -0.14    1.21  151.18    0.12    1.49      -1      -1      -1       0   16.55  840.19    0.00  814.12    0.00    0.00    0.00    0.00  851.00  170.23  261.05    0.00    0.00    0.00    0.00    0.00    0.00    0.00    0.00
  18.640       0       0       0       0    0.00   -0.13    1.21  151.18    0.12    1.49      -1      -1      -1       0    0.00    0.00  797.75    0.00  816.10  823.94  767.73  829.25    0.00    0.00    0.00    0.98    0.06    0.01    0.01    0.01    0.00    0.00    0.00
  18.650       0    2101       0       0    0.00   -0.13    1.21  151.18    0.13    1.49      -1      -1      -1       0   16.30  840.18    0.00  814.61    0.00    0.00    0.00    0.00  850.98  170.31  261.29    0.00    0.00    0.00    0.00    0.00    0.00    0.00    0.00
  18.660       0    2090       0       0    0.00   -0.13    1.18  151.18    0.14    1.49      -1      -1      -1       0    0.00    0.00  797.80    0.00  815.40  824.08  767.75  829.04    0.00    0.00    0.00    1.10    0.03    0.01    0.01    0.01    0.00    0.00    0.00
  18.670       0       0       0       0    0.00   -0.13    1.14  151.18    0.12    1.33      -1      -1      -1       0   16.03  840.16    0.00  814.44    0.00    0.00    0.00    0.00  851.20  170.56  261.71    0.00    0.00    0.00    0.00    0.00    0.00    0.00    0.00
  18.680       0    2090       0       0    0.00   -0.13    1.06  151.12    0.10    1.13      -1      -1      -1       0    0.00    0.00  797.87    0.00  814.73  824.29  767.36  829.32    0.00    0.00    0.00    1.26    0.03    0.00    0.01    0.01    0.00    0.00    0.00
  18.690       0    2090       0       0    0.00   -0.13    1.08  151.05    0.08    0.76      -1      -1      -1       0   16.19  839.73    0.00  814.10    0.00    0.00    0.00    0.00  851.25  170.50  262.53    0.00    0.00    0.00    0.00    0.00    0.01    0.00    0.00
  18.700       0       0       0       0    0.00   -0.13    1.11  151.03    0.09    0.82      -1      -1      -1       0    0.00    0.00  797.79    0.00  814.96  824.36  766.93  829.20    0.00    0.00    0.00    1.37    0.04    0.00    0.01    0.01    0.00    0.00    0.00
  18.710       0    2090       0       0    0.00   -0.13    1.19  151.09    0.11    1.00      -1      -1      -1       0   16.53  839.65    0.00  813.37    0.00    0.00    0.00    0.00  851.19  170.32  262.55    0.00    0.00    0.00    0.00    0.00    0.01    0.00    0.00
  18.720       0    2083       0       0    0.00   -0.13    1.20  151.16    0.15    1.37      -1      -1      -1       0    0.00    0.00  798.18    0.00  815.21  824.34  766.78  829.16    0.00    0.00    0.00    1.39    0.05    0.00    0.00    0.02    0.00    0.00    0.00
  18.730       0       0       0       0    0.00   -0.13    1.21  151.17    0.16    1.46      -1      -1      -1       0   16.75  839.54    0.00  813.22    0.00    0.00    0.00    0.00  850.77  170.00  262.02    0.00    0.00    0.00    0.00    0.00    0.01    0.00    0.00
  18.740       0    2083       0       0    0.00   -0.13    1.21  151.18    0.14    1.48      -1      -1      -1       0    0.00    0.00  798.27    0.00  815.15  824.31  766.95  829.08    0.00    0.00    0.00    1.66    0.05    0.01    0.00    0.01    0.00    0.00    0.00
  18.750       0    2083       0       0    0.00   -0.13    1.21  151.18    0.14    1.49      -1      -1      -1       0   16.77  839.87    0.00  812.80    0.00    0.00    0.00    0.00  850.28  170.08  261.17    0.00    0.00    0.00    0.00    0.00    0.01    0.00    0.00
  18.760       0    2083       0       0    0.00   -0.13    1.18  151.18    0.14    1.49      -1      -1      -1       0    0.00    0.00  798.36    0.00  815.25  823.91  766.79  829.04    0.00    0.00    0.00    1.66    0.07    0.01    0.00    0.00    0.00    0.00    0.00
  18.770       0       0       0       0    0.00   -0.13    1.14  151.18    0.15    1.49      -1      -1      -1       0   16.73  839.81    0.00  813.14    0.00    0.00    0.00    0.00  850.10  170.28  261.32    0.00    0.00    0.00    0.00    0.00    0.01    0.00    0.00
  18.780       0    2072       0       0    0.00   -0.14    1.09  151.18    0.16    1.49      -1      -1      -1       0    0.00    0.00  798.01    0.00  815.37  823.83  767.13  828.57    0.00    0.00    0.00    1.53    0.06    0.01    0.00    0.00    0.00    0.00    0.00
  18.790       0    2072       0       0    0.00   -0.14    1.08  151.18    0.16    1.49      -1      -1      -1       0   16.59  839.97    0.00  813.20    0.00    0.00    0.00    0.00  849.87  170.38  261.72    0.00    0.00    0.00    0.00    0.00    0.01    0.00    0.00
  18.800       0       0       0       0    0.00   -0.14    1.08  151.18    0.16    1.49      -1      -1      -1       0    0.00    0.00  798.06    0.00  815.41  823.72  767.17  828.01    0.00    0.00    0.00    1.11    0.06    0.01    0.01    0.00    0.00    0.00    0.00
  18.810       0    2072       0       0    0.00   -0.14    1.08  151.18    0.16    1.49      -1      -1      -1       0   16.41  840.03    0.00  813.22    0.00    0.00    0.00    0.00  850.50  170.40  262.00    0.00    0.00    0.00    0.00    0.00    0.00    0.00    0.00
  18.820       0    2072       0       0    0.00   -0.13    1.08  151.18    0.16    1.49      -1      -1      -1       0    0.00    0.00  797.85    0.00  815.39  823.60  767.24  827.81    0.00    0.00    0.00    1.00    0.04    0.02    0.01    0.01    0.00    0.00    0.00
  18.830       0       0       0       0    0.00   -0.13    1.08  151.18    0.16    1.49      -1      -1      -1       0   16.17  839.98    0.00  813.22    0.00    0.00    0.00    0.00  850.45  170.41  262.07    0.00    0.00    0.00    0.00    0.00    0.00    0.00    0.00
  18.840       0    2062       0       0    0.00   -0.13    1.08  151.18    0.16    1.49      -1      -1      -1       0    0.00    0.00  797.95    0.00  815.42  823.46  766.85  828.02    0.00    0.00    0.00    1.11    0.00    0.02    0.01    0.01    0.00    0.00    0.00
  18.850       0    2062       0       0    0.00   -0.13    1.05  151.12    0.16    1.33      -1      -1      -1       0   15.99  839.56    0.00  813.22    0.00    0.00    0.00    0.00  850.81  170.70  262.44    0.00    0.00    0.00    0.00    0.00    0.01    0.00    0.00
  18.860       0       0       0       0    0.00   -0.12    0.97  151.05    0.14    0.97      -1      -1      -1       0    0.00    0.00  797.87    0.00  815.41  823.37  766.60  828.28    0.00    0.00    0.00    1.26    0.05    0.00    0.02    0.01    0.00    0.00    0.00
  18.870       0    2058       0       0    0.00   -0.12    0.99  151.03    0.14    0.88      -1      -1      -1       0   16.32  839.50    0.00  813.21    0.00    0.00    0.00    0.00  850.95  170.65  263.43    0.00    0.00    0.00    0.00    0.00    0.01    0.00    0.00
  18.880       0    2058       0       0    0.00   -0.12    1.06  151.09    0.14    1.01      -1      -1      -1       0    0.00    0.00  798.29    0.00  815.42  822.98  766.25  828.46    0.00    0.00    0.00    1.30    0.05    0.00    0.02    0.01    0.00    0.00    0.00
  18.890       0       0       0       0    0.00   -0.12    1.17  151.16    0.15    1.37      -1      -1      -1       0   16.59  839.41    0.00  812.77    0.00    0.00    0.00    0.00  850.84  170.47  263.50    0.00    0.00    0.00    0.00    0.00    0.01    0.00    0.00
  18.900       0    2045       0       0    0.00   -0.12    1.20  151.17    0.16    1.46      -1      -1      -1       0    0.00    0.00  798.33    0.00  815.42  822.61  766.31  828.74    0.00    0.00    0.00    1.38    0.05    0.00    0.00    0.01    0.00    0.00    0.00
  18.910       0    2045       0       0    0.00   -0.13    1.21  151.18    0.16    1.48      -1      -1      -1       0   16.75  839.29    0.00  812.68    0.00    0.00    0.00    0.00  850.46  170.09  262.80    0.00    0.00    0.00    0.00    0.00    0.01    0.00    0.00
  18.920       0    2045       0       0    0.00   -0.13    1.21  151.18    0.16    1.49      -1      -1      -1       0    0.00    0.00  798.80    0.00  815.44  822.00  766.39  828.69    0.00    0.00    0.00    1.26    0.05    0.01    0.00    0.00    0.00    0.00    0.00
  18.930       0       0       0       0    0.00   -0.13    1.18  151.18    0.14    1.49      -1      -1      -1       0   16.79  839.60    0.00  812.57    0.00    0.00    0.00    0.00  850.01  170.11  261.55    0.00    0.00    0.00    0.00    0.00    0.02    0.00    0.00
  18.940       0    2045       0       0    0.00   -0.13    1.14  151.18    0.12    1.49      -1      -1      -1       0    0.00    0.00  798.97    0.00  815.45  821.81  766.30  828.63    0.00    0.00    0.00    1.24    0.08    0.01    0.00    0.00    0.00    0.00    0.00
  18.950       0    2036       0       0    0.00   -0.14    1.09  151.18    0.12    1.49      -1      -1      -1       0   16.73  839.80    0.00  812.89    0.00    0.00    0.00    0.00  849.85  170.28  261.59    0.00    0.00    0.00    0.00    0.00    0.02    0.00    0.00
  18.960       0       0       0       0    0.00   -0.14    1.08  151.18    0.13    1.49      -1      -1      -1       0    0.00    0.00  798.82    0.00  815.46  821.73  766.69  828.25    0.00    0.00    0.00    1.03    0.08    0.01    0.01    0.00    0.00    0.00    0.00
  18.970       0    2036       0       0    0.00   -0.14    1.08  151.18    0.15    1.49      -1      -1      -1       0   16.59  840.03    0.00  812.95    0.00    0.00    0.00    0.00  849.63  170.38  262.14    0.00    0.00    0.00    0.00    0.00    0.00    0.00    0.00
  18.980       0    2026       0       0    0.00   -0.14    1.08  151.18    0.16    1.49      -1      -1      -1       0    0.00    0.00  798.03    0.00  815.46  822.08  766.77  828.21    0.00    0.00    0.00    0.98    0.09    0.01    0.01    0.00    0.00    0.00    0.00
  18.990       0       0       0       0    0.00   -0.14    1.08  151.18    0.16    1.49      -1      -1      -1       0   16.39  839.99    0.00  813.10    0.00    0.00    0.00    0.00  849.84  170.41  262.46    0.00    0.00    0.00    0.00    0.00    0.01    0.00    0.00
  19.000       0    2026       0       0    0.00   -0.14    1.08  151.12    0.16    1.49      -1      -1      -1       0    0.00    0.00  798.41    0.00  815.46  822.07  766.87  828.10    0.00    0.00    0.00    0.97    0.00    0.02    0.01    0.01    0.00    0.00    0.00
  19.010       0    2023       0       0    0.00   -0.14    1.08  151.05    0.14    1.49      -1      -1      -1       0   16.10  839.94    0.00  813.08    0.00    0.00    0.00    0.00  849.72  170.52  262.36    0.00    0.00    0.00    0.00    0.00    0.00    0.00    0.00
  19.020       0       0       0       0    0.00   -0.14    1.05  150.98    0.12    1.33      -1      -1      -1       0    0.00    0.00  798.34    0.00  815.46  822.17  766.51  828.44    0.00    0.00    0.00    1.10    0.00    0.02    0.01    0.01    0.00    0.00    0.00
  19.030       0    2023       0       0    0.00   -0.14    0.97  150.96    0.10    1.13      -1      -1      -1       0   16.12  839.55    0.00  813.11    0.00    0.00    0.00    0.00  849.66  170.55  262.69    0.00    0.00    0.00    0.00    0.00    0.01    0.00    0.00
  19.040       0    2015       0       0    0.00   -0.13    0.96  151.01    0.09    0.76      -1      -1      -1       0    0.00    0.00  797.94    0.00  815.01  822.64  766.55  828.40    0.00    0.00    0.00    1.26    0.06    0.00    0.02    0.01    0.00    0.00    0.00
  19.050       0       0       0       0    0.00   -0.13    1.02  151.08    0.11    0.82      -1      -1      -1       0   16.44  839.09    0.00  813.09    0.00    0.00    0.00    0.00  849.62  170.45  262.78    0.00    0.00    0.00    0.00    0.00    0.01    0.00    0.00
  19.060       0    2015       0       0    0.00   -0.13    1.10  151.15    0.13    1.00      -1      -1      -1       0    0.00    0.00  798.04    0.00  814.92  822.27  765.89  828.60    0.00    0.00    0.00    1.36    0.06    0.00    0.02    0.02    0.00    0.00    0.00
  19.070       0    2014       0       0    0.00   -0.13    1.12  151.17    0.15    1.37      -1      -1      -1       0   16.68  838.91    0.00  812.67    0.00    0.00    0.00    0.00  849.50  170.20  262.62    0.00    0.00    0.00    0.00    0.00    0.01    0.00    0.00
  19.080       0       0       0       0    0.00   -0.13    1.09  151.18    0.16    1.46      -1      -1      -1       0    0.00    0.00  798.04    0.00  814.37  822.19  765.90  828.68    0.00    0.00    0.00    1.59    0.06    0.00    0.00    0.02    0.00    0.00    0.00
  19.090       0    2014       0       0    0.00   -0.13    1.08  151.18    0.16    1.48      -1      -1      -1       0   16.82  839.10    0.00  812.16    0.00    0.00    0.00    0.00  849.46  170.19  261.86    0.00    0.00    0.00    0.00    0.00    0.01    0.00    0.00
  19.100       0    2002       0       0    0.00   -0.13    1.08  151.18    0.16    1.33      -1      -1      -1       0    0.00    0.00  797.96    0.00  814.60  822.22  765.58  828.62    0.00    0.00    0.00    1.58    0.06    0.01    0.00    0.00    0.00    0.00    0.00
  19.110       0       0       0       0    0.00   -0.13    1.08  151.12    0.16    1.13      -1      -1      -1       0   16.79  839.38    0.00  812.40    0.00    0.00    0.00    0.00  849.42  170.30  261.67    0.00    0.00    0.00    0.00    0.00    0.01    0.00    0.00
  19.120       0    2002       0       0    0.00   -0.14    1.08  151.05    0.16    0.92      -1      -1      -1       0    0.00    0.00  797.77    0.00  814.87  822.31  765.97  828.21    0.00    0.00    0.00    1.44    0.09    0.01    0.00    0.00    0.00    0.00    0.00
  19.130       0    2002       0       0    0.00   -0.14    1.08  150.98    0.16    0.87      -1      -1      -1       0   16.70  839.35    0.00  812.26    0.00    0.00    0.00    0.00  849.45  170.44  261.98    0.00    0.00    0.00    0.00    0.00    0.01    0.00    0.00
  19.140       0       0       0       0    0.00   -0.14    1.08  150.96    0.16    1.01      -1      -1      -1       0    0.00    0.00  797.74    0.00  814.85  822.23  765.92  828.17    0.00    0.00    0.00    1.09    0.09    0.01    0.01    0.01    0.00    0.00    0.00
  19.150       0    2002       0       0    0.00   -0.14    1.08  150.95    0.16    1.21      -1      -1      -1       0   16.57  839.66    0.00  812.09    0.00    0.00    0.00    0.00  849.36  170.48  262.42    0.00    0.00    0.00    0.00    0.00    0.00    0.00    0.00
  19.160       0    1990       0       0    0.00   -0.14    1.08  150.95    0.16    1.42      -1      -1      -1       0    0.00    0.00  797.13    0.00  814.83  822.23  765.94  828.08    0.00    0.00    0.00    1.00    0.07    0.01    0.01    0.01    0.00    0.00    0.00
  19.170       0       0       0       0    0.00   -0.13    1.08  150.95    0.16    1.31      -1      -1      -1       0   16.32  839.55    0.00  812.43    0.00    0.00    0.00    0.00  849.39  170.54  262.70    0.00    0.00    0.00    0.00    0.00    0.00    0.00    0.00
  19.180       0    1990       0       0    0.00   -0.13    1.08  150.95    0.16    1.13      -1      -1      -1       0    0.00    0.00  797.00    0.00  814.92  822.25  765.94  827.96    0.00    0.00    0.00    1.10    0.00    0.01    0.01    0.01    0.00    0.00    0.00
  19.190       0    1990       0       0    0.00   -0.13    1.05  150.95    0.16    0.92      -1      -1      -1       0   16.01  839.19    0.00  812.48    0.00    0.00    0.00    0.00  849.37  170.78  262.96    0.00    0.00    0.00    0.00    0.00    0.00    0.00    0.00
  19.200       0       0       0       0    0.00   -0.13    0.97  150.95    0.16    0.87      -1      -1      -1       0    0.00    0.00  796.91    0.00  814.54  822.25  765.94  828.28    0.00    0.00    0.00    1.26    0.04    0.00    0.01    0.01    0.00    0.00    0.00
  19.210       0    1990       0       0    0.00   -0.13    0.96  150.90    0.14    0.69      -1      -1      -1       0   16.21  838.36    0.00  812.04    0.00    0.00    0.00    0.00  849.36  170.79  263.56    0.00    0.00    0.00    0.00    0.00    0.01    0.00    0.00
  19.220       0    1979       0       0    0.00   -0.13    0.98  150.88    0.14    0.81      -1      -1      -1       0    0.00    0.00  797.25    0.00  814.13  822.24  765.93  828.50    0.00    0.00    0.00    1.37    0.04    0.00    0.01    0.01    0.00    0.00    0.00
  19.230       0       0       0       0    0.00   -0.14    1.06  150.88    0.14    1.00      -1      -1      -1       0   16.53  838.50    0.00  811.25    0.00    0.00    0.00    0.00  849.35  170.67  263.35    0.00    0.00    0.00    0.00    0.00    0.01    0.00    0.00
  19.240       0    1979       0       0    0.00   -0.14    1.07  150.99    0.15    1.37      -1      -1      -1       0    0.00    0.00  797.26    0.00  814.33  822.24  765.48  828.75    0.00    0.00    0.00    1.46    0.05    0.00    0.00    0.02    0.00    0.00    0.00
  19.250       0    1975       0       0    0.00   -0.14    1.08  151.02    0.16    1.46      -1      -1      -1       0   16.77  838.27    0.00  811.08    0.00    0.00    0.00    0.00  849.34  170.36  262.94    0.00    0.00    0.00    0.00    0.00    0.01    0.00    0.00
  19.260       0       0       0       0    0.00   -0.14    1.08  151.02    0.16    1.48      -1      -1      -1       0    0.00    0.00  797.28    0.00  814.23  822.24  765.39  828.70    0.00    0.00    0.00    1.81    0.06    0.01    0.00    0.01    0.00    0.00    0.00
  19.270       0    1975       0       0    0.00   -0.14    1.08  150.97    0.16    1.49      -1      -1      -1       0   16.82  838.91    0.00  810.81    0.00    0.00    0.00    0.00  849.31  170.34  262.12    0.00    0.00    0.00    0.00    0.00    0.01    0.00    0.00
  19.280       0    1963       0       0    0.00   -0.14    1.08  150.95    0.16    1.49      -1      -1      -1       0    0.00    0.00  797.79    0.00  814.09  822.23  765.28  828.65    0.00    0.00    0.00    1.76    0.07    0.01    0.01    0.00    0.00    0.00    0.00
  19.290       0       0       0       0    0.00   -0.13    1.08  150.95    0.16    1.33      -1      -1      -1       0   16.75  838.86    0.00  811.23    0.00    0.00    0.00    0.00  849.30  170.40  262.28    0.00    0.00    0.00    0.00    0.00    0.01    0.00    0.00
  19.300       0    1963       0       0    0.00   -0.13    1.08  150.95    0.16    1.13      -1      -1      -1       0    0.00    0.00  797.41    0.00  814.00  822.23  765.60  828.27    0.00    0.00    0.00    1.56    0.06    0.01    0.00    0.01    0.00    0.00    0.00
  19.310       0       0       0       0    0.00   -0.13    1.08  150.95    0.16    0.92      -1      -1      -1       0   16.68  838.96    0.00  811.10    0.00    0.00    0.00    0.00  849.29  170.47  262.49    0.00    0.00    0.00    0.00    0.00    0.00    0.00    0.00
  19.320       0    1958       0       0    0.00   -0.13    1.08  150.95    0.16    0.87      -1      -1      -1       0    0.00    0.00  796.92    0.00  813.97  822.23  765.54  828.22    0.00    0.00    0.00    1.05    0.05    0.01    0.01    0.00    0.00    0.00    0.00
  19.330       0    1958       0       0    0.00   -0.13    1.08  150.95    0.16    0.85      -1      -1      -1       0   16.53  839.05    0.00  811.07    0.00    0.00    0.00    0.00  849.27  170.54  262.90    0.00    0.00    0.00    0.00    0.00    0.00    0.00    0.00
  19.340       0       0       0       0    0.00   -0.13    1.08  150.95    0.14    0.85      -1      -1      -1       0    0.00    0.00  796.41    0.00  813.70  822.23  765.55  828.11    0.00    0.00    0.00    1.05    0.03    0.02    0.01    0.01    0.00    0.00    0.00
  19.350       0    1953       0       0    0.00   -0.14    1.08  150.95    0.12    0.85      -1      -1      -1       0   16.23  838.75    0.00  811.52    0.00    0.00    0.00    0.00  849.26  170.67  263.19    0.00    0.00    0.00    0.00    0.00    0.00    0.00    0.00
  19.360       0    1953       0       0    0.00   -0.14    1.05  150.95    0.10    0.85      -1      -1      -1       0    0.00    0.00  796.75    0.00  813.47  822.23  765.13  828.45    0.00    0.00    0.00    1.18    0.02    0.02    0.01    0.01    0.00    0.00    0.00
  19.370       0       0       0       0    0.00   -0.14    1.01  150.95    0.09    0.85      -1      -1      -1       0   15.99  838.51    0.00  811.18    0.00    0.00    0.00    0.00  849.26  170.98  263.44    0.00    0.00    0.00    0.00    0.00    0.01    0.00    0.00
  19.380       0    1946       0       0    0.00   -0.14    0.90  150.90    0.09    0.69      -1      -1      -1       0    0.00    0.00  796.54    0.00  812.92  822.23  764.72  828.41    0.00    0.00    0.00    1.28    0.03    0.00    0.01    0.01    0.00    0.00    0.00
  19.390       0    1946       0       0    0.00   -0.14    0.90  150.88    0.11    0.65      -1      -1      -1       0   16.30  837.99    0.00  811.06    0.00    0.00    0.00    0.00  849.26  170.95  264.22    0.00    0.00    0.00    0.00    0.00    0.01    0.00    0.00
  19.400       0       0       0       0    0.00   -0.14    0.94  150.88    0.13    0.64      -1      -1      -1       0    0.00    0.00  796.82    0.00  812.76  822.23  763.73  828.44    0.00    0.00    0.00    1.31    0.04    0.00    0.01    0.01    0.00    0.00    0.00
  19.410       0    1941       0       0    0.00   -0.13    1.04  150.93    0.15    0.80      -1      -1      -1       0   16.64  837.80    0.00  810.60    0.00    0.00    0.00    0.00  849.26  170.77  264.23    0.00    0.00    0.00    0.00    0.00    0.01    0.00    0.00
  19.420       0    1941       0       0    0.00   -0.13    1.07  150.95    0.16    0.84      -1      -1      -1       0    0.00    0.00  797.00    0.00  812.67  822.23  763.45  828.48    0.00    0.00    0.00    1.44    0.05    0.01    0.00    0.01    0.00    0.00    0.00
  19.430       0       0       0       0    0.00   -0.13    1.08  150.95    0.16    0.85      -1      -1      -1       0   16.79  837.61    0.00  810.06    0.00    0.00    0.00    0.00  849.25  170.44  263.88    0.00    0.00    0.00    0.00    0.00    0.01    0.00    0.00
  19.440       0    1929       0       0    0.00   -0.13    1.08  150.95    0.14    0.85      -1      -1      -1       0    0.00    0.00  797.10    0.00  813.01  821.78  763.40  828.10    0.00    0.00    0.00    1.48    0.06    0.01    0.00    0.00    0.00    0.00    0.00
  19.450       0    1929       0       0    0.00   -0.13    1.08  150.95    0.14    0.85      -1      -1      -1       0   16.82  837.98    0.00  809.83    0.00    0.00    0.00    0.00  849.25  170.48  262.71    0.00    0.00    0.00    0.00    0.00    0.02    0.00    0.00
  19.460       0       0       0       0    0.00   -0.13    1.08  150.95    0.14    0.85      -1      -1      -1       0    0.00    0.00  797.17    0.00  813.02  821.69  763.79  827.68    0.00    0.00    0.00    1.35    0.09    0.01    0.01    0.00    0.00    0.00    0.00
  19.470       0    1927       0       0    0.00   -0.13    1.05  150.95    0.15    0.85      -1      -1      -1       0   16.75  837.95    0.00  810.05    0.00    0.00    0.00    0.00  849.25  170.54  262.42    0.00    0.00    0.00    0.00    0.00    0.02    0.00    0.00
  19.480       0       0       0       0    0.00   -0.13    1.01  150.95    0.16    0.85      -1      -1      -1       0    0.00    0.00  797.11    0.00  813.14  821.58  764.12  827.09    0.00    0.00    0.00    1.06    0.08    0.01    0.01    0.01    0.00    0.00    0.00
  19.490       0    1927       0       0    0.00   -0.13    0.96  150.95    0.14    0.85      -1      -1      -1       0   16.64  837.98    0.00  809.85    0.00    0.00    0.00    0.00  849.25  170.56  262.53    0.00    0.00    0.00    0.00    0.00    0.00    0.00    0.00
  19.500       0    1915       0       0    0.00   -0.12    0.95  150.95    0.12    0.85      -1      -1      -1       0    0.00    0.00  796.72    0.00  813.61  821.90  764.24  827.16    0.00    0.00    0.00    0.93    0.06    0.01    0.01    0.01    0.00    0.00    0.00
  19.510       0       0       0       0    0.00   -0.11    0.95  150.95    0.10    0.85      -1      -1      -1       0   16.46  837.99    0.00  810.15    0.00    0.00    0.00    0.00  849.25  170.62  262.73    0.00    0.00    0.00    0.00    0.00    0.00    0.00    0.00
  19.520       0    1915       0       0    0.00   -0.11    0.95  150.95    0.09    0.85      -1      -1      -1       0    0.00    0.00  796.27    0.00  813.24  821.97  764.80  826.90    0.00    0.00    0.00    1.02    0.03    0.02    0.01    0.01    0.00    0.00    0.00
  19.530       0    1915       0       0    0.00   -0.12    0.95  150.95    0.11    0.85      -1      -1      -1       0   16.12  837.98    0.00  810.40    0.00    0.00    0.00    0.00  849.25  170.80  262.96    0.00    0.00    0.00    0.00    0.00    0.00    0.00    0.00
  19.540       0       0       0       0    0.00   -0.12    0.95  150.95    0.11    0.85      -1      -1      -1       0    0.00    0.00  796.49    0.00  813.17  822.11  764.58  827.56    0.00    0.00    0.00    1.18    0.03    0.02    0.01    0.01    0.00    0.00    0.00
  19.550       0    1915       0       0    0.00   -0.12    0.92  150.89    0.11    0.69      -1      -1      -1       0   16.10  837.98    0.00  810.29    0.00    0.00    0.00    0.00  849.25  170.79  263.56    0.00    0.00    0.00    0.00    0.00    0.01    0.00    0.00
  19.560       0    1905       0       0    0.00   -0.13    0.94  150.88    0.10    0.48      -1      -1      -1       0    0.00    0.00  796.36    0.00  812.75  822.15  764.28  827.54    0.00    0.00    0.00    1.28    0.04    0.00    0.02    0.01    0.00    0.00    0.00
  19.570       0       0       0       0    0.00   -0.13    0.98  150.88    0.11    0.43      -1      -1      -1       0   16.44  837.53    0.00  809.88    0.00    0.00    0.00    0.00  849.25  170.62  263.71    0.00    0.00    0.00    0.00    0.00    0.01    0.00    0.00
  19.580       0    1905       0       0    0.00   -0.13    1.06  150.93    0.13    0.58      -1      -1      -1       0    0.00    0.00  796.66    0.00  812.75  822.14  763.64  827.63    0.00    0.00    0.00    1.30    0.05    0.00    0.02    0.02    0.00    0.00    0.00
  19.590       0       0       0       0    0.00   -0.14    1.07  150.95    0.15    0.78      -1      -1      -1       0   16.73  837.44    0.00  809.89    0.00    0.00    0.00    0.00  849.25  170.35  263.39    0.00    0.00    0.00    0.00    0.00    0.01    0.00    0.00
  19.600       0    1903       0       0    0.00   -0.14    1.08  150.95    0.16    0.83      -1      -1      -1       0    0.00    0.00  796.89    0.00  812.57  822.12  763.75  827.73    0.00    0.00    0.00    1.57    0.06    0.01    0.00    0.02    0.00    0.00    0.00
  19.610       0    1903       0       0    0.00   -0.14    1.08  150.95    0.16    0.85      -1      -1      -1       0   16.84  837.34    0.00  809.83    0.00    0.00    0.00    0.00  849.25  170.34  262.77    0.00    0.00    0.00    0.00    0.00    0.01    0.00    0.00
  19.620       0       0       0       0    0.00   -0.14    1.08  150.95    0.16    0.85      -1      -1      -1       0    0.00    0.00  796.99    0.00  812.89  822.15  763.54  827.44    0.00    0.00    0.00    1.64    0.07    0.01    0.00    0.00    0.00    0.00    0.00
  19.630       0    1891       0       0    0.00   -0.13    1.05  150.95    0.14    0.85      -1      -1      -1       0   16.79  837.66    0.00  809.72    0.00    0.00    0.00    0.00  849.25  170.45  262.61    0.00    0.00    0.00    0.00    0.00    0.02    0.00    0.00
  19.640       0    1891       0       0    0.00   -0.13    1.01  150.95    0.12    0.85      -1      -1      -1       0    0.00    0.00  796.87    0.00  812.97  822.16  764.23  827.21    0.00    0.00    0.00    1.52    0.09    0.01    0.01    0.00    0.00    0.00    0.00
  19.650       0       0       0       0    0.00   -0.12    0.96  150.95    0.10    0.85      -1      -1      -1       0   16.70  837.72    0.00  810.06    0.00    0.00    0.00    0.00  849.25  170.59  262.93    0.00    0.00    0.00    0.00    0.00    0.02    0.00    0.00
  19.660       0    1887       0       0    0.00   -0.11    0.95  150.95    0.09    0.85      -1      -1      -1       0    0.00    0.00  796.52    0.00  813.01  821.71  764.25  826.70    0.00    0.00    0.00    1.11    0.10    0.01    0.01    0.01    0.00    0.00    0.00
  19.670       0       0       0       0    0.00   -0.10    0.95  150.95    0.11    0.85      -1      -1      -1       0   16.59  837.87    0.00  810.34    0.00    0.00    0.00    0.00  849.25  170.68  263.19    0.00    0.00    0.00    0.00    0.00    0.00    0.00    0.00
  19.680       0    1887       0       0    0.00   -0.10    0.95  150.95    0.13    0.85      -1      -1      -1       0    0.00    0.00  796.14    0.00  813.06  821.62  764.37  826.71    0.00    0.00    0.00    1.00    0.08    0.01    0.01    0.01    0.00    0.00    0.00
  19.690       0    1887       0       0    0.00   -0.11    0.95  150.95    0.15    0.85      -1      -1      -1       0   16.37  837.85    0.00  810.66    0.00    0.00    0.00    0.00  849.25  170.76  263.44    0.00    0.00    0.00    0.00    0.00    0.00    0.00    0.00
  19.700       0       0       0       0    0.00   -0.11    0.95  150.95    0.16    0.85      -1      -1      -1       0    0.00    0.00  795.99    0.00  813.03  821.52  764.49  826.51    0.00    0.00    0.00    1.11    0.00    0.01    0.01    0.01    0.00    0.00    0.00
  19.710       0    1887       0       0    0.00   -0.12    0.95  150.89    0.16    0.85      -1      -1      -1       0   16.08  837.82    0.00  810.60    0.00    0.00    0.00    0.00  849.25  171.01  263.68    0.00    0.00    0.00    0.00    0.00    0.00    0.00    0.00
  19.720       0    1880       0       0    0.00   -0.13    0.92  150.83    0.14    0.69      -1      -1      -1       0    0.00    0.00  796.15    0.00  812.61  821.40  764.20  827.22    0.00    0.00    0.00    1.26    0.05    0.01    0.01    0.01    0.00    0.00    0.00
  19.730       0       0       0       0    0.00   -0.13    0.91  150.70    0.11    0.48      -1      -1      -1       0   16.21  837.40    0.00  810.53    0.00    0.00    0.00    0.00  849.25  171.01  264.46    0.00    0.00    0.00    0.00    0.00    0.01    0.00    0.00
  19.740       0    1880       0       0    0.00   -0.13    0.94  150.72    0.10    0.43      -1      -1      -1       0    0.00    0.00  796.45    0.00  812.12  821.25  764.03  827.27    0.00    0.00    0.00    1.30    0.04    0.00    0.02    0.01    0.00    0.00    0.00
  19.750       0       0       0       0    0.00   -0.13    1.01  150.78    0.11    0.58      -1      -1      -1       0   16.55  837.33    0.00  810.17    0.00    0.00    0.00    0.00  848.80  170.90  264.47    0.00    0.00    0.00    0.00    0.00    0.01    0.00    0.00
  19.760       0    1871       0       0    0.00   -0.13    1.06  150.91    0.15    0.78      -1      -1      -1       0    0.00    0.00  796.73    0.00  812.36  821.16  763.54  827.84    0.00    0.00    0.00    1.31    0.05    0.00    0.01    0.02    0.00    0.00    0.00
  19.770       0    1871       0       0    0.00   -0.13    1.08  150.94    0.16    0.83      -1      -1      -1       0   16.77  837.23    0.00  809.75    0.00    0.00    0.00    0.00  848.26  170.59  263.94    0.00    0.00    0.00    0.00    0.00    0.01    0.00    0.00
  19.780       0       0       0       0    0.00   -0.12    1.05  150.95    0.16    0.85      -1      -1      -1       0    0.00    0.00  796.85    0.00  812.22  821.06  763.54  827.61    0.00    0.00    0.00    1.64    0.05    0.00    0.00    0.02    0.00    0.00    0.00
  19.790       0    1860       0       0    0.00   -0.11    1.04  150.95    0.16    0.85      -1      -1      -1       0   16.84  837.55    0.00  809.58    0.00    0.00    0.00    0.00  848.06  170.63  263.09    0.00    0.00    0.00    0.00    0.00    0.01    0.00    0.00
  19.800       0    1860       0       0    0.00   -0.11    1.00  150.95    0.16    0.85      -1      -1      -1       0    0.00    0.00  796.99    0.00  812.50  820.97  763.25  827.34    0.00    0.00    0.00    1.66    0.07    0.01    0.00    0.00    0.00    0.00    0.00
  19.810       0       0       0       0    0.00   -0.10    1.00  150.95    0.16    0.85      -1      -1      -1       0   16.77  837.65    0.00  809.75    0.00    0.00    0.00    0.00  848.27  170.69  263.23    0.00    0.00    0.00    0.00    0.00    0.01    0.00    0.00
  19.820       0    1860       0       0    0.00   -0.10    0.96  150.95    0.14    0.85      -1      -1      -1       0    0.00    0.00  796.90    0.00  812.48  820.88  763.54  827.14    0.00    0.00    0.00    1.53    0.06    0.01    0.01    0.00    0.00    0.00    0.00
  19.830       0       0       0       0    0.00   -0.10    0.95  150.89    0.12    0.85      -1      -1      -1       0   16.70  837.84    0.00  810.04    0.00    0.00    0.00    0.00  848.08  170.76  263.63    0.00    0.00    0.00    0.00    0.00    0.01    0.00    0.00
  19.840       0    1860       0       0    0.00   -0.10    0.95  150.83    0.10    0.85      -1      -1      -1       0    0.00    0.00  796.54    0.00  812.56  820.57  763.60  826.66    0.00    0.00    0.00    1.04    0.05    0.01    0.01    0.01    0.00    0.00    0.00
  19.850       0    1853       0       0    0.00   -0.10    0.95  150.81    0.09    0.85      -1      -1      -1       0   16.53  837.89    0.00  810.02    0.00    0.00    0.00    0.00  847.94  170.72  263.73    0.00    0.00    0.00    0.00    0.00    0.00    0.00    0.00
  19.860       0       0       0       0    0.00   -0.10    0.95  150.80    0.09    0.85      -1      -1      -1       0    0.00    0.00  796.14    0.00  812.15  820.48  763.61  826.35    0.00    0.00    0.00    0.99    0.03    0.02    0.01    0.01    0.00    0.00    0.00
  19.870       0    1853       0       0    0.00   -0.10    0.95  150.80    0.09    0.85      -1      -1      -1       0   16.26  837.87    0.00  810.35    0.00    0.00    0.00    0.00  847.87  170.83  263.57    0.00    0.00    0.00    0.00    0.00    0.00    0.00    0.00
  19.880       0    1850       0       0    0.00   -0.10    0.95  150.75    0.09    0.85      -1      -1      -1       0    0.00    0.00  796.36    0.00  811.81  820.38  763.53  826.27    0.00    0.00    0.00    1.10    0.02    0.02    0.01    0.01    0.00    0.00    0.00
  19.890       0       0       0       0    0.00   -0.10    0.92  150.73    0.09    0.69      -1      -1      -1       0   16.10  837.85    0.00  810.23    0.00    0.00    0.00    0.00  848.28  171.19  263.89    0.00    0.00    0.00    0.00    0.00    0.00    0.00    0.00
  19.900       0    1850       0       0    0.00   -0.10    0.84  150.67    0.09    0.48      -1      -1      -1       0    0.00    0.00  796.23    0.00  810.92  820.46  763.14  826.55    0.00    0.00    0.00    1.26    0.03    0.00    0.01    0.01    0.00    0.00    0.00
  19.910       0       0       0       0    0.00   -0.11    0.83  150.66    0.09    0.27      -1      -1      -1       0   16.35  837.44    0.00  809.87    0.00    0.00    0.00    0.00  848.28  171.22  265.05    0.00    0.00    0.00    0.00    0.00    0.01    0.00    0.00
  19.920       0    1837       0       0    0.00   -0.11    0.85  150.71    0.09    0.38      -1      -1      -1       0    0.00    0.00  796.54    0.00  810.91  820.37  762.63  826.60    0.00    0.00    0.00    1.37    0.04    0.00    0.01    0.01    0.00    0.00    0.00
  19.930       0    1837       0       0    0.00   -0.12    0.93  150.83    0.09    0.57      -1      -1      -1       0   16.59  837.36    0.00  809.51    0.00    0.00    0.00    0.00  847.87  171.07  265.15    0.00    0.00    0.00    0.00    0.00    0.01    0.00    0.00
  19.940       0       0       0       0    0.00   -0.11    0.94  150.92    0.11    0.78      -1      -1      -1       0    0.00    0.00  796.55    0.00  810.90  820.33  761.56  826.67    0.00    0.00    0.00    1.46    0.05    0.00    0.00    0.01    0.00    0.00    0.00
  19.950       0    1837       0       0    0.00   -0.11    0.95  150.94    0.13    0.83      -1      -1      -1       0   16.82  837.25    0.00  809.74    0.00    0.00    0.00    0.00  847.86  170.63  264.64    0.00    0.00    0.00    0.00    0.00    0.01    0.00    0.00
  19.960       0       0       0       0    0.00   -0.11    0.95  150.95    0.15    0.85      -1      -1      -1       0    0.00    0.00  796.87    0.00  811.11  820.30  761.59  826.66    0.00    0.00    0.00    1.48    0.05    0.01    0.00    0.01    0.00    0.00    0.00
  19.970       0    1837       0       0    0.00   -0.11    0.95  150.89    0.16    0.85      -1      -1      -1       0   16.84  837.13    0.00  809.31    0.00    0.00    0.00    0.00  847.41  170.64  263.44    0.00    0.00    0.00    0.00    0.00    0.02    0.00    0.00
  19.980       0    1827       0       0    0.00   -0.11    0.95  150.83    0.16    0.85      -1      -1      -1       0    0.00    0.00  796.98    0.00  811.43  819.84  762.07  826.64    0.00    0.00    0.00    1.35    0.08    0.01    0.00    0.00    0.00    0.00    0.00
  19.990       0       0       0       0    0.00   -0.11    0.95  150.75    0.16    0.69      -1      -1      -1       0   16.77  837.43    0.00  809.20    0.00    0.00    0.00    0.00  847.24  170.75  263.50    0.00    0.00    0.00    0.00    0.00    0.02    0.00    0.00
  20.000       0    1827       0       0    0.00   -0.10    0.95  150.74    0.16    0.65      -1      -1      -1       0    0.00    0.00  796.88    0.00  811.54  819.72  761.85  826.66    0.00    0.00    0.00    1.13    0.09    0.01    0.01    0.00    0.00    0.00    0.00
  20.010       0       0       0       0    0.00   -0.09    0.95  150.73    0.16    0.64      -1      -1      -1       0   16.68  837.60    0.00  809.30    0.00    0.00    0.00    0.00  847.03  170.89  263.88    0.00    0.00    0.00    0.00    0.00    0.01    0.00    0.00
  20.020       0    1825       0       0    0.00   -0.09    0.95  150.73    0.14    0.80      -1      -1      -1       0    0.00    0.00  796.50    0.00  811.65  819.59  762.15  826.67    0.00    0.00    0.00    0.94    0.09    0.01    0.01    0.01    0.00    0.00    0.00
  20.030       0    1825       0       0    0.00   -0.09    0.95  150.73    0.12    0.84      -1      -1      -1       0   16.48  837.48    0.00  809.70    0.00    0.00    0.00    0.00  847.31  170.93  264.15    0.00    0.00    0.00    0.00    0.00    0.00    0.00    0.00
  20.040       0       0       0       0    0.00   -0.10    0.95  150.73    0.10    0.85      -1      -1      -1       0    0.00    0.00  795.59    0.00  811.34  819.89  762.69  826.67    0.00    0.00    0.00    0.96    0.00    0.02    0.01    0.01    0.00    0.00    0.00
  20.050       0    1821       0       0    0.00   -0.10    0.95  150.73    0.09    0.85      -1      -1      -1       0   16.19  837.08    0.00  809.70    0.00    0.00    0.00    0.00  847.20  170.99  264.22    0.00    0.00    0.00    0.00    0.00    0.00    0.00    0.00
  20.060       0       0       0       0    0.00   -0.10    0.92  150.73    0.09    0.69      -1      -1      -1       0    0.00    0.00  795.33    0.00  811.39  819.80  762.49  826.69    0.00    0.00    0.00    1.03    0.00    0.02    0.01    0.01    0.00    0.00    0.00
  20.070       0    1821       0       0    0.00   -0.10    0.84  150.67    0.09    0.48      -1      -1      -1       0   16.15  836.62    0.00  809.77    0.00    0.00    0.00    0.00  847.15  171.01  264.41    0.00    0.00    0.00    0.00    0.00    0.01    0.00    0.00
  20.080       0    1815       0       0    0.00   -0.10    0.83  150.66    0.09    0.11      -1      -1      -1       0    0.00    0.00  795.00    0.00  810.79  820.32  762.12  826.71    0.00    0.00    0.00    1.18    0.00    0.01    0.02    0.01    0.00    0.00    0.00
  20.090       0       0       0       0    0.00   -0.11    0.85  150.65    0.11    0.18      -1      -1      -1       0   16.46  836.08    0.00  809.89    0.00    0.00    0.00    0.00  847.14  170.95  264.28    0.00    0.00    0.00    0.00    0.00    0.01    0.00    0.00
  20.100       0    1815       0       0    0.00   -0.11    0.93  150.71    0.13    0.36      -1      -1      -1       0    0.00    0.00  795.52    0.00  810.78  820.44  761.73  826.72    0.00    0.00    0.00    1.28    0.06    0.00    0.02    0.02    0.00    0.00    0.00
  20.110       0    1806       0       0    0.00   -0.11    0.94  150.73    0.15    0.73      -1      -1      -1       0   16.70  835.80    0.00  809.11    0.00    0.00    0.00    0.00  846.65  170.83  264.07    0.00    0.00    0.00    0.00    0.00    0.01    0.00    0.00
  20.120       0       0       0       0    0.00   -0.11    0.95  150.73    0.14    0.82      -1      -1      -1       0    0.00    0.00  795.37    0.00  810.60  820.09  761.64  826.72    0.00    0.00    0.00    1.56    0.05    0.00    0.01    0.02    0.00    0.00    0.00
  20.130       0    1806       0       0    0.00   -0.11    0.95  150.73    0.14    0.84      -1      -1      -1       0   16.82  836.00    0.00  808.99    0.00    0.00    0.00    0.00  846.09  170.74  263.66    0.00    0.00    0.00    0.00    0.00    0.01    0.00    0.00
  20.140       0       0       0       0    0.00   -0.10    0.95  150.73    0.14    0.85      -1      -1      -1       0    0.00    0.00  795.33    0.00  811.35  819.68  761.43  826.72    0.00    0.00    0.00    1.51    0.06    0.01    0.00    0.01    0.00    0.00    0.00
  20.150       0    1798       0       0    0.00   -0.10    0.95  150.73    0.15    0.85      -1      -1      -1       0   16.79  835.87    0.00  808.61    0.00    0.00    0.00    0.00  845.87  170.77  263.37    0.00    0.00    0.00    0.00    0.00    0.02    0.00    0.00
  20.160       0    1798       0       0    0.00   -0.10    0.95  150.73    0.14    0.85      -1      -1      -1       0    0.00    0.00  795.27    0.00  811.42  819.65  762.12  826.72    0.00    0.00    0.00    1.36    0.09    0.01    0.00    0.00    0.00    0.00    0.00
  20.170       0       0       0       0    0.00   -0.10    0.95  150.73    0.12    0.85      -1      -1      -1       0   16.75  835.83    0.00  808.83    0.00    0.00    0.00    0.00  846.07  170.90  263.48    0.00    0.00    0.00    0.00    0.00    0.02    0.00    0.00
  20.180       0    1798       0       0    0.00   -0.10    0.95  150.73    0.10    0.85      -1      -1      -1       0    0.00    0.00  795.24    0.00  811.55  819.43  762.12  826.72    0.00    0.00    0.00    1.00    0.09    0.01    0.01    0.00    0.00    0.00    0.00
  20.190       0       0       0       0    0.00   -0.09    0.95  150.73    0.09    0.85      -1      -1      -1       0   16.64  835.85    0.00  808.77    0.00    0.00    0.00    0.00  845.89  171.04  263.69    0.00    0.00    0.00    0.00    0.00    0.00    0.00    0.00
  20.200       0    1798       0       0    0.00   -0.10    0.95  150.73    0.09    0.85      -1      -1      -1       0    0.00    0.00  794.78    0.00  811.70  818.84  762.20  826.72    0.00    0.00    0.00    1.04    0.08    0.01    0.01    0.01    0.00    0.00    0.00
  20.210       0       0       0       0    0.00   -0.09    0.95  150.73    0.09    0.85      -1      -1      -1       0   16.41  835.81    0.00  808.81    0.00    0.00    0.00    0.00  845.73  171.13  264.28    0.00    0.00    0.00    0.00    0.00    0.00    0.00    0.00
  20.220       0    1793       0       0    0.00   -0.09    0.92  150.73    0.09    0.69      -1      -1      -1       0    0.00    0.00  794.23    0.00  811.40  819.07  762.31  826.72    0.00    0.00    0.00    1.18    0.04    0.01    0.01    0.01    0.00    0.00    0.00
  20.230       0    1793       0       0    0.00   -0.09    0.88  150.73    0.09    0.65      -1      -1      -1       0   16.12  835.79    0.00  808.75    0.00    0.00    0.00    0.00  846.11  171.32  264.61    0.00    0.00    0.00    0.00    0.00    0.01    0.00    0.00
  20.240       0       0       0       0    0.00   -0.09    0.80  150.67    0.09    0.47      -1      -1      -1       0    0.00    0.00  794.03    0.00  810.81  819.39  762.04  826.73    0.00    0.00    0.00    1.28    0.04    0.00    0.01    0.01    0.00    0.00    0.00
  20.250       0    1792       0       0    0.00   -0.09    0.78  150.60    0.08    0.43      -1      -1      -1       0   16.21  835.33    0.00  808.75    0.00    0.00    0.00    0.00  846.41  171.26  265.22    0.00    0.00    0.00    0.00    0.00    0.01    0.00    0.00
  20.260       0       0       0       0    0.00   -0.09    0.81  150.58    0.09    0.42      -1      -1      -1       0    0.00    0.00  794.24    0.00  810.24  819.57  761.84  826.73    0.00    0.00    0.00    1.24    0.00    0.00    0.02    0.01    0.00    0.00    0.00
  20.270       0    1792       0       0    0.00   -0.09    0.88  150.64    0.11    0.58      -1      -1      -1       0   16.53  835.23    0.00  808.29    0.00    0.00    0.00    0.00  846.23  171.13  265.02    0.00    0.00    0.00    0.00    0.00    0.01    0.00    0.00
  20.280       0    1781       0       0    0.00   -0.08    0.93  150.71    0.15    0.78      -1      -1      -1       0    0.00    0.00  794.50    0.00  810.58  819.37  761.79  826.73    0.00    0.00    0.00    1.23    0.05    0.00    0.01    0.02    0.00    0.00    0.00
  20.290       0       0       0       0    0.00   -0.08    0.95  150.72    0.16    0.67      -1      -1      -1       0   16.77  835.11    0.00  808.65    0.00    0.00    0.00    0.00  845.85  170.81  264.61    0.00    0.00    0.00    0.00    0.00    0.01    0.00    0.00
  20.300       0    1781       0       0    0.00   -0.08    0.95  150.73    0.16    0.64      -1      -1      -1       0    0.00    0.00  794.68    0.00  810.26  819.48  761.71  826.73    0.00    0.00    0.00    1.55    0.06    0.01    0.00    0.02    0.00    0.00    0.00
  20.310       0       0       0       0    0.00   -0.08    0.95  150.73    0.16    0.64      -1      -1      -1       0   16.84  835.43    0.00  808.62    0.00    0.00    0.00    0.00  845.42  170.85  263.61    0.00    0.00    0.00    0.00    0.00    0.01    0.00    0.00
  20.320       0    1781       0       0    0.00   -0.07    0.92  150.73    0.14    0.80      -1      -1      -1       0    0.00    0.00  794.96    0.00  810.57  818.66  761.56  826.73    0.00    0.00    0.00    1.63    0.07    0.01    0.00    0.00    0.00    0.00    0.00
  20.330       0    1781       0       0    0.00   -0.07    0.88  150.73    0.12    0.67      -1      -1      -1       0   16.79  835.49    0.00  808.15    0.00    0.00    0.00    0.00  845.28  170.97  263.72    0.00    0.00    0.00    0.00    0.00    0.01    0.00    0.00
  20.340       0       0       0       0    0.00   -0.07    0.83  150.73    0.10    0.48      -1      -1      -1       0    0.00    0.00  794.91    0.00  810.52  818.51  761.51  826.28    0.00    0.00    0.00    1.52    0.06    0.01    0.01    0.00    0.00    0.00    0.00
  20.350       0    1777       0       0    0.00   -0.07    0.82  150.73    0.11    0.27      -1      -1      -1       0   16.73  835.63    0.00  808.49    0.00    0.00    0.00    0.00  845.06  171.06  263.93    0.00    0.00    0.00    0.00    0.00    0.01    0.00    0.00
  20.360       0       0       0       0    0.00   -0.07    0.82  150.73    0.13    0.22      -1      -1      -1       0    0.00    0.00  794.85    0.00  810.72  818.30  761.47  826.19    0.00    0.00    0.00    1.11    0.06    0.01    0.01    0.01    0.00    0.00    0.00
  20.370       0    1777       0       0    0.00   -0.06    0.82  150.73    0.15    0.20      -1      -1      -1       0   16.55  835.67    0.00  808.64    0.00    0.00    0.00    0.00  845.72  171.02  264.34    0.00    0.00    0.00    0.00    0.00    0.00    0.00    0.00
  20.380       0    1776       0       0    0.00   -0.06    0.82  150.73    0.16    0.20      -1      -1      -1       0    0.00    0.00  794.02    0.00  810.61  818.53  761.45  826.08    0.00    0.00    0.00    1.00    0.00    0.01    0.01    0.01    0.00    0.00    0.00
  20.390       0       0       0       0    0.00   -0.06    0.82  150.73    0.16    0.20      -1      -1      -1       0   16.30  835.65    0.00  808.64    0.00    0.00    0.00    0.00  845.70  171.02  264.26    0.00    0.00    0.00    0.00    0.00    0.00    0.00    0.00
  20.400       0    1776       0       0    0.00   -0.06    0.82  150.73    0.14    0.20      -1      -1      -1       0    0.00    0.00  793.89    0.00  810.23  818.34  761.44  825.95    0.00    0.00    0.00    1.04    0.05    0.01    0.01    0.01    0.00    0.00    0.00
  20.410       0       0       0       0    0.00   -0.06    0.82  150.67    0.12    0.20      -1      -1      -1       0   16.10  835.64    0.00  808.53    0.00    0.00    0.00    0.00  845.75  171.35  264.42    0.00    0.00    0.00    0.00    0.00    0.00    0.00    0.00
  20.420       0    1768       0       0    0.00   -0.06    0.76  150.60    0.08    0.20      -1      -1      -1       0    0.00    0.00  793.67    0.00  809.76  818.28  761.44  826.25    0.00    0.00    0.00    1.18    0.00    0.01    0.01    0.01    0.00    0.00    0.00
  20.430       0    1768       0       0    0.00   -0.06    0.77  150.58    0.07    0.04      -1      -1      -1       0   16.28  835.22    0.00  808.60    0.00    0.00    0.00    0.00  845.40  171.37  265.54    0.00    0.00    0.00    0.00    0.00    0.01    0.00    0.00
  20.440       0       0       0       0    0.00   -0.06    0.81  150.64    0.09    0.16      -1      -1      -1       0    0.00    0.00  794.33    0.00  810.01  818.24  760.98  826.39    0.00    0.00    0.00    1.28    0.05    0.00    0.01    0.01    0.00    0.00    0.00
  20.450       0    1768       0       0    0.00   -0.06    0.91  150.71    0.12    0.35      -1      -1      -1       0   16.64  835.13    0.00  808.17    0.00    0.00    0.00    0.00  845.26  171.27  265.64    0.00    0.00    0.00    0.00    0.00    0.01    0.00    0.00
  20.460       0       0       0       0    0.00   -0.06    0.94  150.72    0.15    0.73      -1      -1      -1       0    0.00    0.00  794.22    0.00  809.87  818.06  760.89  826.57    0.00    0.00    0.00    1.44    0.06    0.00    0.01    0.01    0.00    0.00    0.00
  20.470       0    1768       0       0    0.00   -0.07    0.95  150.73    0.16    0.82      -1      -1      -1       0   16.79  835.03    0.00  808.08    0.00    0.00    0.00    0.00  844.98  170.85  265.30    0.00    0.00    0.00    0.00    0.00    0.01    0.00    0.00
  20.480       0       0       0       0    0.00   -0.07    0.95  150.73    0.16    0.84      -1      -1      -1       0    0.00    0.00  794.27    0.00  809.72  818.01  760.78  826.53    0.00    0.00    0.00    1.34    0.05    0.01    0.00    0.01    0.00    0.00    0.00
  20.490       0    1762       0       0    0.00   -0.07    0.92  150.73    0.16    0.85      -1      -1      -1       0   16.79  834.90    0.00  807.97    0.00    0.00    0.00    0.00  844.45  170.80  263.97    0.00    0.00    0.00    0.00    0.00    0.02    0.00    0.00
  20.500       0    1762       0       0    0.00   -0.07    0.88  150.73    0.14    0.69      -1      -1      -1       0    0.00    0.00  794.34    0.00  809.61  817.50  760.65  826.49    0.00    0.00    0.00    1.19    0.07    0.01    0.00    0.00    0.00    0.00    0.00
  20.510       0       0       0       0    0.00   -0.07    0.83  150.67    0.12    0.48      -1      -1      -1       0   16.79  834.75    0.00  807.86    0.00    0.00    0.00    0.00  844.39  170.85  263.81    0.00    0.00    0.00    0.00    0.00    0.02    0.00    0.00
  20.520       0    1752       0       0    0.00   -0.07    0.82  150.60    0.10    0.27      -1      -1      -1       0    0.00    0.00  794.02    0.00  809.59  817.36  760.50  826.09    0.00    0.00    0.00    1.02    0.07    0.01    0.00    0.00    0.00    0.00    0.00
  20.530       0       0       0       0    0.00   -0.06    0.82  150.53    0.09    0.22      -1      -1      -1       0   16.68  834.66    0.00  807.71    0.00    0.00    0.00    0.00  844.21  170.97  264.13    0.00    0.00    0.00    0.00    0.00    0.00    0.00    0.00
  20.540       0    1752       0       0    0.00   -0.07    0.82  150.51    0.09    0.20      -1      -1      -1       0    0.00    0.00  793.69    0.00  809.50  817.21  760.40  826.03    0.00    0.00    0.00    1.05    0.06    0.01    0.01    0.00    0.00    0.00    0.00
  20.550       0    1752       0       0    0.00   -0.07    0.82  150.50    0.11    0.20      -1      -1      -1       0   16.48  834.57    0.00  808.07    0.00    0.00    0.00    0.00  844.56  171.06  264.57    0.00    0.00    0.00    0.00    0.00    0.00    0.00    0.00
  20.560       0       0       0       0    0.00   -0.07    0.82  150.50    0.11    0.20      -1      -1      -1       0    0.00    0.00  793.13    0.00  809.23  817.51  760.30  825.52    0.00    0.00    0.00    1.18    0.04    0.02    0.01    0.01    0.00    0.00    0.00
  20.570       0    1752       0       0    0.00   -0.07    0.82  150.50    0.11    0.20      -1      -1      -1       0   16.17  834.19    0.00  808.07    0.00    0.00    0.00    0.00  844.58  171.19  264.85    0.00    0.00    0.00    0.00    0.00    0.01    0.00    0.00
  20.580       0       0       0       0    0.00   -0.07    0.82  150.50    0.10    0.20      -1      -1      -1       0    0.00    0.00  793.18    0.00  809.15  817.56  759.91  825.32    0.00    0.00    0.00    1.22    0.04    0.02    0.01    0.01    0.00    0.00    0.00
  20.590       0    1746       0       0    0.00   -0.07    0.79  150.50    0.09    0.20      -1      -1      -1       0   16.08  834.08    0.00  807.64    0.00    0.00    0.00    0.00  844.60  171.17  265.11    0.00    0.00    0.00    0.00    0.00    0.01    0.00    0.00
  20.600       0       0       0       0    0.00   -0.07    0.78  150.50    0.08    0.04      -1      -1      -1       0    0.00    0.00  792.94    0.00  808.61  817.65  759.80  825.17    0.00    0.00    0.00    1.22    0.00    0.00    0.02    0.01    0.00    0.00    0.00
  20.610       0    1746       0       0    0.00   -0.07    0.81  150.56    0.09   -0.00      -1      -1      -1       0   16.41  833.96    0.00  807.59    0.00    0.00    0.00    0.00  844.65  171.11  265.17    0.00    0.00    0.00    0.00    0.00    0.01    0.00    0.00
  20.620       0    1746       0       0    0.00   -0.07    0.88  150.63    0.11    0.15      -1      -1      -1       0    0.00    0.00  793.63    0.00  808.59  817.64  759.22  825.30    0.00    0.00    0.00    1.29    0.05    0.00    0.02    0.01    0.00    0.00    0.00
  20.630       0       0       0       0    0.00   -0.06    0.93  150.70    0.15    0.51      -1      -1      -1       0   16.70  834.06    0.00  807.12    0.00    0.00    0.00    0.00  844.63  170.98  265.01    0.00    0.00    0.00    0.00    0.00    0.01    0.00    0.00
  20.640       0    1746       0       0    0.00   -0.06    0.95  150.67    0.16    0.77      -1      -1      -1       0    0.00    0.00  793.62    0.00  808.41  817.62  759.23  825.16    0.00    0.00    0.00    1.44    0.06    0.00    0.00    0.01    0.00    0.00    0.00
  20.650       0       0       0       0    0.00   -0.06    0.95  150.60    0.16    0.67      -1      -1      -1       0   16.82  833.96    0.00  806.93    0.00    0.00    0.00    0.00  844.19  170.89  264.61    0.00    0.00    0.00    0.00    0.00    0.01    0.00    0.00
  20.660       0    1734       0       0    0.00   -0.07    0.92  150.52    0.16    0.48      -1      -1      -1       0    0.00    0.00  793.72    0.00  808.70  817.19  759.02  825.09    0.00    0.00    0.00    1.41    0.06    0.01    0.00    0.00    0.00    0.00    0.00
  20.670       0       0       0       0    0.00   -0.07    0.88  150.51    0.14    0.43      -1      -1      -1       0   16.82  833.91    0.00  806.46    0.00    0.00    0.00    0.00  844.11  170.93  264.15    0.00    0.00    0.00    0.00    0.00    0.02    0.00    0.00
  20.680       0    1734       0       0    0.00   -0.07    0.83  150.50    0.14    0.42      -1      -1      -1       0    0.00    0.00  793.38    0.00  808.61  816.68  759.74  825.04    0.00    0.00    0.00    1.21    0.09    0.01    0.00    0.00    0.00    0.00    0.00
  20.690       0    1734       0       0    0.00   -0.07    0.82  150.50    0.14    0.42      -1      -1      -1       0   16.77  833.88    0.00  806.24    0.00    0.00    0.00    0.00  844.47  170.99  264.22    0.00    0.00    0.00    0.00    0.00    0.02    0.00    0.00
  20.700       0       0       0       0    0.00   -0.07    0.82  150.50    0.14    0.25      -1      -1      -1       0    0.00    0.00  793.31    0.00  808.61  816.48  759.76  825.01    0.00    0.00    0.00    0.96    0.09    0.01    0.01    0.00    0.00    0.00    0.00
  20.710       0    1734       0       0    0.00   -0.07    0.82  150.50    0.12    0.21      -1      -1      -1       0   16.64  834.31    0.00  806.06    0.00    0.00    0.00    0.00  844.43  171.17  264.41    0.00    0.00    0.00    0.00    0.00    0.00    0.00    0.00
  20.720       0       0       0       0    0.00   -0.07    0.82  150.50    0.10    0.20      -1      -1      -1       0    0.00    0.00  793.11    0.00  808.61  816.69  759.87  824.82    0.00    0.00    0.00    1.03    0.07    0.01    0.01    0.01    0.00    0.00    0.00
  20.730       0    1728       0       0    0.00   -0.07    0.82  150.50    0.09    0.20      -1      -1      -1       0   16.44  833.91    0.00  806.43    0.00    0.00    0.00    0.00  844.52  171.28  264.81    0.00    0.00    0.00    0.00    0.00    0.00    0.00    0.00
  20.740       0    1728       0       0    0.00   -0.07    0.82  150.50    0.09    0.20      -1      -1      -1       0    0.00    0.00  793.06    0.00  808.20  816.95  760.00  824.65    0.00    0.00    0.00    1.18    0.03    0.01    0.01    0.01    0.00    0.00    0.00
  20.750       0       0       0       0    0.00   -0.06    0.82  150.50    0.11    0.20      -1      -1      -1       0   16.12  833.73    0.00  805.88    0.00    0.00    0.00    0.00  844.65  171.47  264.92    0.00    0.00    0.00    0.00    0.00    0.00    0.00    0.00
  20.760       0    1728       0       0    0.00   -0.06    0.79  150.50    0.11    0.20      -1      -1      -1       0    0.00    0.00  793.08    0.00  807.67  816.91  759.71  824.58    0.00    0.00    0.00    1.28    0.03    0.00    0.01    0.01    0.00    0.00    0.00
  20.770       0       0       0       0    0.00   -0.06    0.71  150.45    0.10    0.04      -1      -1      -1       0   16.19  833.25    0.00  805.33    0.00    0.00    0.00    0.00  844.68  171.41  265.30    0.00    0.00    0.00    0.00    0.00    0.01    0.00    0.00
  20.780       0    1728       0       0    0.00   -0.06    0.70  150.43    0.08    0.16      -1      -1      -1       0    0.00    0.00  793.10    0.00  807.03  817.20  759.09  824.54    0.00    0.00    0.00    1.24    0.04    0.00    0.02    0.01    0.00    0.00    0.00
  20.790       0       0       0       0    0.00   -0.06    0.72  150.43    0.07    0.35      -1      -1      -1       0   16.53  833.12    0.00  804.69    0.00    0.00    0.00    0.00  844.67  171.28  265.04    0.00    0.00    0.00    0.00    0.00    0.01    0.00    0.00
  20.800       0    1717       0       0    0.00   -0.06    0.80  150.48    0.10    0.73      -1      -1      -1       0    0.00    0.00  793.06    0.00  807.15  817.10  758.51  824.55    0.00    0.00    0.00    1.29    0.05    0.01    0.02    0.02    0.00    0.00    0.00
  20.810       0    1717       0       0    0.00   -0.06    0.81  150.50    0.11    0.82      -1      -1      -1       0   16.77  832.97    0.00  804.86    0.00    0.00    0.00    0.00  844.65  171.03  264.80    0.00    0.00    0.00    0.00    0.00    0.01    0.00    0.00
  20.820       0       0       0       0    0.00   -0.06    0.82  150.50    0.11    0.84      -1      -1      -1       0    0.00    0.00  793.05    0.00  806.85  816.73  758.85  824.56    0.00    0.00    0.00    1.63    0.06    0.00    0.00    0.02    0.00    0.00    0.00
  20.830       0    1717       0       0    0.00   -0.06    0.82  150.50    0.10    0.85      -1      -1      -1       0   16.82  833.31    0.00  804.54    0.00    0.00    0.00    0.00  844.23  171.02  264.20    0.00    0.00    0.00    0.00    0.00    0.01    0.00    0.00
  20.840       0       0       0       0    0.00   -0.06    0.82  150.50    0.11    0.85      -1      -1      -1       0    0.00    0.00  793.05    0.00  807.48  816.33  758.62  824.54    0.00    0.00    0.00    1.65    0.06    0.01    0.01    0.00    0.00    0.00    0.00
  20.850       0    1717       0       0    0.00   -0.07    0.82  150.50    0.13    0.69      -1      -1      -1       0   16.77  833.33    0.00  804.73    0.00    0.00    0.00    0.00  843.71  171.07  264.41    0.00    0.00    0.00    0.00    0.00    0.01    0.00    0.00
  20.860       0       0       0       0    0.00   -0.07    0.82  150.50    0.15    0.48      -1      -1      -1       0    0.00    0.00  793.02    0.00  807.45  816.57  758.85  824.08    0.00    0.00    0.00    1.46    0.06    0.01    0.00    0.00    0.00    0.00    0.00
  20.870       0    1710       0       0    0.00   -0.07    0.82  150.50    0.16    0.27      -1      -1      -1       0   16.68  833.42    0.00  804.61    0.00    0.00    0.00    0.00  843.52  171.19  264.64    0.00    0.00    0.00    0.00    0.00    0.00    0.00    0.00
  20.880       0    1710       0       0    0.00   -0.07    0.82  150.50    0.14    0.22      -1      -1      -1       0    0.00    0.00  792.99    0.00  807.90  816.11  758.80  824.44    0.00    0.00    0.00    1.09    0.05    0.01    0.01    0.00    0.00    0.00    0.00
  20.890       0       0       0       0    0.00   -0.07    0.82  150.50    0.12    0.20      -1      -1      -1       0   16.55  833.90    0.00  805.04    0.00    0.00    0.00    0.00  843.72  171.28  265.05    0.00    0.00    0.00    0.00    0.00    0.00    0.00    0.00
  20.900       0    1703       0       0    0.00   -0.07    0.82  150.50    0.10    0.20      -1      -1      -1       0    0.00    0.00  792.53    0.00  807.68  816.24  759.42  824.41    0.00    0.00    0.00    1.13    0.03    0.01    0.01    0.01    0.00    0.00    0.00
  20.910       0       0       0       0    0.00   -0.07    0.82  150.50    0.09    0.20      -1      -1      -1       0   16.30  833.53    0.00  805.08    0.00    0.00    0.00    0.00  843.99  171.36  265.16    0.00    0.00    0.00    0.00    0.00    0.00    0.00    0.00
  20.920       0    1703       0       0    0.00   -0.07    0.82  150.50    0.11    0.20      -1      -1      -1       0    0.00    0.00  792.43    0.00  807.40  816.14  758.97  824.38    0.00    0.00    0.00    1.14    0.04    0.01    0.01    0.01    0.00    0.00    0.00
  20.930       0       0       0       0    0.00   -0.08    0.79  150.45    0.11    0.20      -1      -1      -1       0   16.01  833.45    0.00  804.74    0.00    0.00    0.00    0.00  843.94  171.61  265.36    0.00    0.00    0.00    0.00    0.00    0.01    0.00    0.00
  20.940       0    1703       0       0    0.00   -0.08    0.71  150.38    0.11    0.20      -1      -1      -1       0    0.00    0.00  792.32    0.00  806.64  816.56  758.55  824.36    0.00    0.00    0.00    1.14    0.00    0.00    0.01    0.01    0.00    0.00    0.00
  20.950       0       0       0       0    0.00   -0.08    0.70  150.36    0.10    0.04      -1      -1      -1       0   16.30  833.48    0.00  804.74    0.00    0.00    0.00    0.00  844.23  171.55  266.13    0.00    0.00    0.00    0.00    0.00    0.01    0.00    0.00
  20.960       0    1703       0       0    0.00   -0.07    0.72  150.41    0.11   -0.00      -1      -1      -1       0    0.00    0.00  792.64    0.00  806.77  816.56  758.04  824.44    0.00    0.00    0.00    1.20    0.05    0.00    0.01    0.01    0.00    0.00    0.00
  20.970       0    1698       0       0    0.00   -0.07    0.80  150.48    0.13    0.15      -1      -1      -1       0   16.59  833.04    0.00  804.76    0.00    0.00    0.00    0.00  844.13  171.43  266.32    0.00    0.00    0.00    0.00    0.00    0.01    0.00    0.00
  20.980       0       0       0       0    0.00   -0.06    0.81  150.49    0.13    0.35      -1      -1      -1       0    0.00    0.00  792.70    0.00  806.54  816.65  758.38  824.44    0.00    0.00    0.00    1.42    0.06    0.00    0.00    0.01    0.00    0.00    0.00
  20.990       0    1698       0       0    0.00   -0.07    0.82  150.50    0.14    0.56      -1      -1      -1       0   16.77  832.94    0.00  804.71    0.00    0.00    0.00    0.00  843.76  171.06  266.01    0.00    0.00    0.00    0.00    0.00    0.01    0.00    0.00
  21.000       0       0       0       0    0.00   -0.07    0.82  150.50    0.14    0.62      -1      -1      -1       0    0.00    0.00  792.74    0.00  806.76  816.28  758.17  824.42    0.00    0.00    0.00    1.53    0.06    0.01    0.01    0.00    0.00    0.00    0.00
  21.010       0    1694       0       0    0.00   -0.07    0.82  150.50    0.14    0.79      -1      -1      -1       0   16.79  833.28    0.00  804.52    0.00    0.00    0.00    0.00  842.91  171.08  264.68    0.00    0.00    0.00    0.00    0.00    0.02    0.00    0.00
  21.020       0       0       0       0    0.00   -0.07    0.82  150.50    0.14    0.67      -1      -1      -1       0    0.00    0.00  792.80    0.00  806.64  815.85  758.46  823.98    0.00    0.00    0.00    1.37    0.07    0.01    0.00    0.00    0.00    0.00    0.00
  21.030       0    1694       0       0    0.00   -0.07    0.82  150.50    0.14    0.48      -1      -1      -1       0   16.75  833.35    0.00  804.48    0.00    0.00    0.00    0.00  843.05  171.20  264.35    0.00    0.00    0.00    0.00    0.00    0.02    0.00    0.00
  21.040       0    1682       0       0    0.00   -0.07    0.82  150.50    0.15    0.27      -1      -1      -1       0    0.00    0.00  792.77    0.00  807.09  815.47  758.68  823.90    0.00    0.00    0.00    1.20    0.07    0.01    0.00    0.00    0.00    0.00    0.00
  21.050       0       0       0       0    0.00   -0.07    0.82  150.45    0.14    0.22      -1      -1      -1       0   16.66  833.33    0.00  804.43    0.00    0.00    0.00    0.00  842.82  171.34  264.62    0.00    0.00    0.00    0.00    0.00    0.00    0.00    0.00
  21.060       0    1682       0       0    0.00   -0.07    0.82  150.43    0.12    0.20      -1      -1      -1       0    0.00    0.00  792.34    0.00  807.15  815.26  758.94  823.79    0.00    0.00    0.00    1.09    0.07    0.01    0.01    0.00    0.00    0.00    0.00
  21.070       0       0       0       0    0.00   -0.07    0.82  150.43    0.10    0.20      -1      -1      -1       0   16.46  833.43    0.00  804.47    0.00    0.00    0.00    0.00  843.46  171.38  265.23    0.00    0.00    0.00    0.00    0.00    0.00    0.00    0.00
  21.080       0    1682       0       0    0.00   -0.07    0.82  150.43    0.09    0.20      -1      -1      -1       0    0.00    0.00  791.85    0.00  806.82  815.67  759.03  823.66    0.00    0.00    0.00    1.13    0.05    0.02    0.01    0.01    0.00    0.00    0.00
  21.090       0       0       0       0    0.00   -0.07    0.82  150.37    0.09    0.20      -1      -1      -1       0   16.15  833.42    0.00  804.43    0.00    0.00    0.00    0.00  843.40  171.44  265.38    0.00    0.00    0.00    0.00    0.00    0.01    0.00    0.00
  21.100       0    1682       0       0    0.00   -0.07    0.79  150.30    0.09    0.20      -1      -1      -1       0    0.00    0.00  792.09    0.00  806.83  815.59  759.00  823.51    0.00    0.00    0.00    1.14    0.00    0.02    0.01    0.01    0.00    0.00    0.00
  21.110       0       0       0       0    0.00   -0.07    0.71  150.29    0.09    0.20      -1      -1      -1       0   16.03  833.40    0.00  804.41    0.00    0.00    0.00    0.00  843.50  171.40  265.42    0.00    0.00    0.00    0.00    0.00    0.01    0.00    0.00
  21.120       0    1675       0       0    0.00   -0.07    0.70  150.28    0.08    0.04      -1      -1      -1       0    0.00    0.00  791.95    0.00  806.42  815.99  758.96  823.87    0.00    0.00    0.00    1.14    0.00    0.00    0.02    0.01    0.00    0.00    0.00
  21.130       0    1675       0       0    0.00   -0.07    0.72  150.34    0.09   -0.00      -1      -1      -1       0   16.37  833.87    0.00  804.39    0.00    0.00    0.00    0.00  843.58  171.33  265.79    0.00    0.00    0.00    0.00    0.00    0.01    0.00    0.00
  21.140       0       0       0       0    0.00   -0.07    0.80  150.40    0.11   -0.01      -1      -1      -1       0    0.00    0.00  791.79    0.00  806.29  816.09  758.12  824.06    0.00    0.00    0.00    1.20    0.06    0.00    0.02    0.01    0.00    0.00    0.00
  21.150       0    1675       0       0    0.00   -0.07    0.81  150.48    0.15    0.15      -1      -1      -1       0   16.64  833.52    0.00  804.38    0.00    0.00    0.00    0.00  843.29  171.20  265.88    0.00    0.00    0.00    0.00    0.00    0.01    0.00    0.00
  21.160       0       0       0       0    0.00   -0.07    0.82  150.49    0.16    0.19      -1      -1      -1       0    0.00    0.00  791.68    0.00  806.12  815.76  757.96  824.11    0.00    0.00    0.00    1.42    0.06    0.00    0.01    0.01    0.00    0.00    0.00
  21.170       0    1675       0       0    0.00   -0.07    0.82  150.50    0.14    0.20      -1      -1      -1       0   16.79  833.47    0.00  804.36    0.00    0.00    0.00    0.00  843.04  171.12  265.54    0.00    0.00    0.00    0.00    0.00    0.01    0.00    0.00
  21.180       0       0       0       0    0.00   -0.07    0.82  150.50    0.14    0.20      -1      -1      -1       0    0.00    0.00  791.64    0.00  806.43  815.20  757.74  824.01    0.00    0.00    0.00    1.40    0.06    0.01    0.00    0.01    0.00    0.00    0.00
  21.190       0    1663       0       0    0.00   -0.07    0.82  150.44    0.12    0.36      -1      -1      -1       0   16.79  833.47    0.00  804.32    0.00    0.00    0.00    0.00  842.51  171.15  264.74    0.00    0.00    0.00    0.00    0.00    0.02    0.00    0.00
  21.200       0       0       0       0    0.00   -0.07    0.82  150.38    0.11    0.40      -1      -1      -1       0    0.00    0.00  791.55    0.00  806.42  815.13  758.39  824.10    0.00    0.00    0.00    1.27    0.09    0.01    0.00    0.00    0.00    0.00    0.00
  21.210       0    1663       0       0    0.00   -0.07    0.82  150.30    0.10    0.41      -1      -1      -1       0   16.73  833.49    0.00  804.30    0.00    0.00    0.00    0.00  842.53  171.27  264.54    0.00    0.00    0.00    0.00    0.00    0.02    0.00    0.00
  21.220       0    1663       0       0    0.00   -0.07    0.82  150.29    0.09    0.25      -1      -1      -1       0    0.00    0.00  791.25    0.00  806.41  814.90  758.28  823.70    0.00    0.00    0.00    1.04    0.09    0.01    0.01    0.00    0.00    0.00    0.00
  21.230       0       0       0       0    0.00   -0.07    0.82  150.28    0.09    0.21      -1      -1      -1       0   16.61  833.48    0.00  804.28    0.00    0.00    0.00    0.00  842.17  171.47  264.67    0.00    0.00    0.00    0.00    0.00    0.00    0.00    0.00
  21.240       0    1663       0       0    0.00   -0.07    0.82  150.28    0.09    0.20      -1      -1      -1       0    0.00    0.00  791.17    0.00  806.44  815.23  758.31  823.63    0.00    0.00    0.00    1.05    0.07    0.01    0.01    0.01    0.00    0.00    0.00
  21.250       0       0       0       0    0.00   -0.07    0.82  150.28    0.09    0.20      -1      -1      -1       0   16.32  833.03    0.00  804.30    0.00    0.00    0.00    0.00  842.55  171.58  265.06    0.00    0.00    0.00    0.00    0.00    0.00    0.00    0.00
  21.260       0    1656       0       0    0.00   -0.07    0.82  150.28    0.09    0.20      -1      -1      -1       0    0.00    0.00  791.07    0.00  806.43  815.30  758.38  823.53    0.00    0.00    0.00    1.18    0.03    0.01    0.01    0.01    0.00    0.00    0.00
  21.270       0       0       0       0    0.00   -0.08    0.79  150.28    0.09    0.20      -1      -1      -1       0   16.08  832.49    0.00  804.26    0.00    0.00    0.00    0.00  842.52  171.71  265.34    0.00    0.00    0.00    0.00    0.00    0.01    0.00    0.00
  21.280       0    1656       0       0    0.00   -0.08    0.75  150.28    0.09    0.20      -1      -1      -1       0    0.00    0.00  791.15    0.00  805.98  815.39  758.06  823.44    0.00    0.00    0.00    1.22    0.03    0.00    0.01    0.01    0.00    0.00    0.00
  21.290       0       0       0       0    0.00   -0.08    0.64  150.22    0.09    0.04      -1      -1      -1       0   16.15  832.30    0.00  804.26    0.00    0.00    0.00    0.00  842.52  171.58  265.77    0.00    0.00    0.00    0.00    0.00    0.01    0.00    0.00
  21.300       0    1652       0       0    0.00   -0.08    0.64  150.21    0.11   -0.00      -1      -1      -1       0    0.00    0.00  791.07    0.00  805.45  815.42  757.70  823.31    0.00    0.00    0.00    1.22    0.04    0.00    0.02    0.01    0.00    0.00    0.00
  21.310       0    1652       0       0    0.00   -0.08    0.68  150.20    0.11    0.15      -1      -1      -1       0   16.53  832.06    0.00  803.80    0.00    0.00    0.00    0.00  842.51  171.44  265.52    0.00    0.00    0.00    0.00    0.00    0.01    0.00    0.00
  21.320       0       0       0       0    0.00   -0.07    0.78  150.26    0.11    0.51      -1      -1      -1       0    0.00    0.00  791.48    0.00  805.71  815.41  757.59  823.23    0.00    0.00    0.00    1.23    0.06    0.01    0.02    0.02    0.00    0.00    0.00
  21.330       0    1647       0       0    0.00   -0.07    0.81  150.28    0.10    0.60      -1      -1      -1       0   16.75  831.62    0.00  803.25    0.00    0.00    0.00    0.00  842.51  171.17  265.10    0.00    0.00    0.00    0.00    0.00    0.01    0.00    0.00
  21.340       0       0       0       0    0.00   -0.07    0.82  150.28    0.09    0.46      -1      -1      -1       0    0.00    0.00  791.55    0.00  805.56  815.40  757.73  823.15    0.00    0.00    0.00    1.55    0.07    0.01    0.00    0.02    0.00    0.00    0.00
  21.350       0    1647       0       0    0.00   -0.07    0.82  150.28    0.09    0.27      -1      -1      -1       0   16.84  831.69    0.00  802.59    0.00    0.00    0.00    0.00  841.60  171.22  264.63    0.00    0.00    0.00    0.00    0.00    0.01    0.00    0.00
  21.360       0       0       0       0    0.00   -0.07    0.82  150.28    0.09    0.22      -1      -1      -1       0    0.00    0.00  791.64    0.00  805.83  815.42  757.60  822.83    0.00    0.00    0.00    1.57    0.07    0.01    0.01    0.00    0.00    0.00    0.00
  21.370       0    1643       0       0    0.00   -0.07    0.82  150.28    0.09    0.20      -1      -1      -1       0   16.77  831.78    0.00  802.71    0.00    0.00    0.00    0.00  841.42  171.29  264.69    0.00    0.00    0.00    0.00    0.00    0.01    0.00    0.00
  21.380       0       0       0       0    0.00   -0.07    0.82  150.28    0.09    0.20      -1      -1      -1       0    0.00    0.00  791.29    0.00  805.81  815.42  757.96  822.73    0.00    0.00    0.00    1.44    0.07    0.01    0.00    0.01    0.00    0.00    0.00
  21.390       0    1643       0       0    0.00   -0.07    0.82  150.28    0.11    0.20      -1      -1      -1       0   16.70  831.68    0.00  802.86    0.00    0.00    0.00    0.00  841.20  171.37  265.07    0.00    0.00    0.00    0.00    0.00    0.01    0.00    0.00
  21.400       0       0       0       0    0.00   -0.08    0.82  150.28    0.13    0.20      -1      -1      -1       0    0.00    0.00  791.14    0.00  805.88  815.42  758.01  822.18    0.00    0.00    0.00    1.02    0.06    0.01    0.01    0.01    0.00    0.00    0.00
  21.410       0    1639       0       0    0.00   -0.08    0.82  150.28    0.15    0.20      -1      -1      -1       0   16.57  832.05    0.00  803.12    0.00    0.00    0.00    0.00  841.85  171.38  265.34    0.00    0.00    0.00    0.00    0.00    0.00    0.00    0.00
  21.420       0    1639       0       0    0.00   -0.08    0.79  150.28    0.16    0.20      -1      -1      -1       0    0.00    0.00  790.91    0.00  805.46  815.44  758.10  821.99    0.00    0.00    0.00    0.98    0.04    0.02    0.01    0.01    0.00    0.00    0.00
  21.430       0       0       0       0    0.00   -0.08    0.75  150.28    0.16    0.20      -1      -1      -1       0   16.28  832.14    0.00  803.43    0.00    0.00    0.00    0.00  841.97  171.50  265.59    0.00    0.00    0.00    0.00    0.00    0.00    0.00    0.00
  21.440       0    1629       0       0    0.00   -0.08    0.70  150.28    0.14    0.20      -1      -1      -1       0    0.00    0.00  790.95    0.00  805.11  815.45  757.72  821.82    0.00    0.00    0.00    1.10    0.00    0.02    0.01    0.01    0.00    0.00    0.00
  21.450       0       0       0       0    0.00   -0.08    0.69  150.28    0.12    0.20      -1      -1      -1       0   16.08  831.78    0.00  803.57    0.00    0.00    0.00    0.00  842.05  171.87  265.83    0.00    0.00    0.00    0.00    0.00    0.00    0.00    0.00
  21.460       0    1629       0       0    0.00   -0.08    0.66  150.22    0.10    0.04      -1      -1      -1       0    0.00    0.00  791.00    0.00  804.65  815.46  757.51  822.19    0.00    0.00    0.00    1.26    0.03    0.00    0.01    0.01    0.00    0.00    0.00
  21.470       0       0       0       0    0.00   -0.08    0.68  150.21    0.09   -0.17      -1      -1      -1       0   16.26  831.15    0.00  803.44    0.00    0.00    0.00    0.00  842.17  171.90  266.79    0.00    0.00    0.00    0.00    0.00    0.01    0.00    0.00
  21.480       0    1629       0       0    0.00   -0.08    0.72  150.20    0.09   -0.22      -1      -1      -1       0    0.00    0.00  790.94    0.00  804.73  815.47  757.20  822.17    0.00    0.00    0.00    1.37    0.04    0.00    0.01    0.01    0.00    0.00    0.00
  21.490       0       0       0       0    0.00   -0.07    0.80  150.26    0.11   -0.07      -1      -1      -1       0   16.44  831.22    0.00  802.65    0.00    0.00    0.00    0.00  842.11  171.74  266.85    0.00    0.00    0.00    0.00    0.00    0.01    0.00    0.00
  21.500       0    1629       0       0    0.00   -0.07    0.81  150.28    0.11    0.13      -1      -1      -1       0    0.00    0.00  790.90    0.00  804.83  815.46  757.26  822.21    0.00    0.00    0.00    1.39    0.05    0.00    0.01    0.01    0.00    0.00    0.00
  21.510       0       0       0       0    0.00   -0.06    0.82  150.28    0.11    0.18      -1      -1      -1       0   16.77  830.87    0.00  802.56    0.00    0.00    0.00    0.00  841.71  171.30  266.32    0.00    0.00    0.00    0.00    0.00    0.01    0.00    0.00
  21.520       0    1623       0       0    0.00   -0.06    0.82  150.28    0.11    0.20      -1      -1      -1       0    0.00    0.00  790.90    0.00  805.16  815.46  757.32  822.21    0.00    0.00    0.00    1.53    0.05    0.01    0.00    0.01    0.00    0.00    0.00
  21.530       0       0       0       0    0.00   -0.06    0.82  150.28    0.13    0.20      -1      -1      -1       0   16.82  831.14    0.00  802.07    0.00    0.00    0.00    0.00  841.27  171.25  264.94    0.00    0.00    0.00    0.00    0.00    0.01    0.00    0.00
  21.540       0    1623       0       0    0.00   -0.07    0.79  150.28    0.14    0.20      -1      -1      -1       0    0.00    0.00  790.89    0.00  805.17  815.01  757.70  822.20    0.00    0.00    0.00    1.43    0.07    0.01    0.00    0.00    0.00    0.00    0.00
  21.550       0    1621       0       0    0.00   -0.07    0.78  150.28    0.12    0.20      -1      -1      -1       0   16.77  831.20    0.00  801.79    0.00    0.00    0.00    0.00  841.50  171.35  264.77    0.00    0.00    0.00    0.00    0.00    0.01    0.00    0.00
  21.560       0       0       0       0    0.00   -0.07    0.74  150.28    0.10    0.20      -1      -1      -1       0    0.00    0.00  790.82    0.00  805.27  814.93  757.73  821.75    0.00    0.00    0.00    1.28    0.07    0.01    0.00    0.00    0.00    0.00    0.00
  21.570       0    1621       0       0    0.00   -0.07    0.74  150.28    0.09    0.20      -1      -1      -1       0   16.68  831.23    0.00  802.07    0.00    0.00    0.00    0.00  841.37  171.49  265.09    0.00    0.00    0.00    0.00    0.00    0.00    0.00    0.00
  21.580       0       0       0       0    0.00   -0.07    0.70  150.28    0.09    0.20      -1      -1      -1       0    0.00    0.00  790.80    0.00  805.38  814.82  757.84  821.67    0.00    0.00    0.00    1.04    0.07    0.01    0.01    0.00    0.00    0.00    0.00
  21.590       0    1609       0       0    0.00   -0.07    0.69  150.28    0.09    0.20      -1      -1      -1       0   16.50  831.23    0.00  802.00    0.00    0.00    0.00    0.00  841.67  171.58  265.70    0.00    0.00    0.00    0.00    0.00    0.00    0.00    0.00
  21.600       0       0       0       0    0.00   -0.07    0.69  150.28    0.09    0.20      -1      -1      -1       0    0.00    0.00  790.33    0.00  805.04  815.14  757.50  821.56    0.00    0.00    0.00    1.12    0.04    0.02    0.01    0.01    0.00    0.00    0.00
  21.610       0    1609       0       0    0.00   -0.07    0.69  150.28    0.09    0.20      -1      -1      -1       0   16.21  831.23    0.00  801.99    0.00    0.00    0.00    0.00  841.91  171.66  265.86    0.00    0.00    0.00    0.00    0.00    0.01    0.00    0.00
  21.620       0       0       0       0    0.00   -0.07    0.69  150.22    0.09    0.20      -1      -1      -1       0    0.00    0.00  790.26    0.00  804.78  815.20  757.36  821.88    0.00    0.00    0.00    1.26    0.03    0.02    0.01    0.01    0.00    0.00    0.00
  21.630       0    1608       0       0    0.00   -0.07    0.66  150.15    0.09    0.20      -1      -1      -1       0   16.06  831.22    0.00  801.94    0.00    0.00    0.00    0.00  842.22  171.74  266.08    0.00    0.00    0.00    0.00    0.00    0.01    0.00    0.00
  21.640       0       0       0       0    0.00   -0.07    0.65  150.02    0.08    0.04      -1      -1      -1       0    0.00    0.00  790.11    0.00  804.25  815.35  756.68  821.82    0.00    0.00    0.00    1.30    0.00    0.00    0.02    0.01    0.00    0.00    0.00
  21.650       0    1608       0       0    0.00   -0.07    0.68  150.05    0.07   -0.00      -1      -1      -1       0   16.32  830.78    0.00  801.97    0.00    0.00    0.00    0.00  842.32  171.64  266.67    0.00    0.00    0.00    0.00    0.00    0.01    0.00    0.00
  21.660       0       0       0       0    0.00   -0.08    0.75  150.11    0.07   -0.01      -1      -1      -1       0    0.00    0.00  790.42    0.00  803.60  815.33  756.06  821.83    0.00    0.00    0.00    1.31    0.04    0.00    0.02    0.01    0.00    0.00    0.00
  21.670       0    1601       0       0    0.00   -0.07    0.80  150.24    0.09    0.15      -1      -1      -1       0   16.68  830.69    0.00  801.51    0.00    0.00    0.00    0.00  842.29  171.45  266.46    0.00    0.00    0.00    0.00    0.00    0.01    0.00    0.00
  21.680       0    1601       0       0    0.00   -0.07    0.82  150.27    0.11    0.19      -1      -1      -1       0    0.00    0.00  790.48    0.00  803.31  815.30  756.25  821.87    0.00    0.00    0.00    1.51    0.06    0.00    0.00    0.01    0.00    0.00    0.00
  21.690       0       0       0       0    0.00   -0.07    0.82  150.28    0.13    0.20      -1      -1      -1       0   16.82  830.58    0.00  801.42    0.00    0.00    0.00    0.00  842.25  171.29  265.87    0.00    0.00    0.00    0.00    0.00    0.01    0.00    0.00
  21.700       0    1601       0       0    0.00   -0.07    0.82  150.28    0.15    0.20      -1      -1      -1       0    0.00    0.00  790.60    0.00  803.47  814.43  756.12  821.48    0.00    0.00    0.00    1.56    0.07    0.01    0.00    0.00    0.00    0.00    0.00
  21.710       0       0       0       0    0.00   -0.07    0.79  150.22    0.16    0.20      -1      -1      -1       0   16.82  830.90    0.00  801.31    0.00    0.00    0.00    0.00  841.87  171.36  265.01    0.00    0.00    0.00    0.00    0.00    0.02    0.00    0.00
  21.720       0    1601       0       0    0.00   -0.07    0.75  150.15    0.16    0.20      -1      -1      -1       0    0.00    0.00  790.64    0.00  803.76  814.27  755.96  821.02    0.00    0.00    0.00    1.44    0.09    0.01    0.01    0.00    0.00    0.00    0.00
  21.730       0       0       0       0    0.00   -0.07    0.70  150.08    0.16    0.20      -1      -1      -1       0   16.73  830.97    0.00  801.63    0.00    0.00    0.00    0.00  841.80  171.49  265.15    0.00    0.00    0.00    0.00    0.00    0.02    0.00    0.00
  21.740       0    1593       0       0    0.00   -0.07    0.69  150.06    0.14    0.20      -1      -1      -1       0    0.00    0.00  790.62    0.00  803.85  814.06  756.26  820.86    0.00    0.00    0.00    1.08    0.08    0.01    0.01    0.00    0.00    0.00    0.00
  21.750       0       0       0       0    0.00   -0.07    0.69  150.05    0.12    0.20      -1      -1      -1       0   16.57  831.12    0.00  801.70    0.00    0.00    0.00    0.00  841.69  171.58  265.54    0.00    0.00    0.00    0.00    0.00    0.00    0.00    0.00
  21.760       0    1593       0       0    0.00   -0.07    0.69  150.05    0.10    0.20      -1      -1      -1       0    0.00    0.00  790.61    0.00  804.06  814.26  756.30  821.04    0.00    0.00    0.00    0.93    0.07    0.01    0.01    0.01    0.00    0.00    0.00
  21.770       0       0       0       0    0.00   -0.07    0.69  150.05    0.09    0.20      -1      -1      -1       0   16.39  831.09    0.00  801.84    0.00    0.00    0.00    0.00  841.57  171.60  265.64    0.00    0.00    0.00    0.00    0.00    0.00    0.00    0.00
  21.780       0    1587       0       0    0.00   -0.06    0.69  150.05    0.09    0.20      -1      -1      -1       0    0.00    0.00  790.63    0.00  804.02  814.05  756.31  820.87    0.00    0.00    0.00    0.96    0.00    0.01    0.01    0.01    0.00    0.00    0.00
  21.790       0       0       0       0    0.00   -0.06    0.69  150.05    0.09    0.20      -1      -1      -1       0   16.15  831.13    0.00  801.82    0.00    0.00    0.00    0.00  841.43  171.78  265.66    0.00    0.00    0.00    0.00    0.00    0.00    0.00    0.00
  21.800       0    1587       0       0    0.00   -0.06    0.66  150.05    0.09    0.20      -1      -1      -1       0    0.00    0.00  790.64    0.00  803.98  814.42  755.90  821.20    0.00    0.00    0.00    1.09    0.00    0.01    0.01    0.01    0.00    0.00    0.00
  21.810       0       0       0       0    0.00   -0.06    0.58  150.00    0.08    0.04      -1      -1      -1       0   16.12  831.11    0.00  801.79    0.00    0.00    0.00    0.00  841.35  171.76  266.21    0.00    0.00    0.00    0.00    0.00    0.01    0.00    0.00
  21.820       0    1580       0       0    0.00   -0.06    0.60  149.98    0.07   -0.17      -1      -1      -1       0    0.00    0.00  790.64    0.00  803.58  814.45  755.89  821.24    0.00    0.00    0.00    1.26    0.05    0.00    0.02    0.01    0.00    0.00    0.00
  21.830       0       0       0       0    0.00   -0.06    0.67  149.98    0.07   -0.22      -1      -1      -1       0   16.48  830.69    0.00  801.37    0.00    0.00    0.00    0.00  841.26  171.65  266.16    0.00    0.00    0.00    0.00    0.00    0.01    0.00    0.00
  21.840       0    1580       0       0    0.00   -0.06    0.78  150.03    0.09   -0.07      -1      -1      -1       0    0.00    0.00  790.66    0.00  803.52  814.08  755.49  821.32    0.00    0.00    0.00    1.36    0.05    0.00    0.02    0.02    0.00    0.00    0.00
  21.850       0       0       0       0    0.00   -0.06    0.81  150.05    0.09    0.13      -1      -1      -1       0   16.73  830.60    0.00  800.88    0.00    0.00    0.00    0.00  840.91  171.34  265.79    0.00    0.00    0.00    0.00    0.00    0.01    0.00    0.00
  21.860       0    1575       0       0    0.00   -0.06    0.82  150.11    0.09    0.18      -1      -1      -1       0    0.00    0.00  790.68    0.00  803.41  814.04  755.65  821.37    0.00    0.00    0.00    1.59    0.05    0.00    0.00    0.02    0.00    0.00    0.00
  21.870       0    1575       0       0    0.00   -0.06    0.82  150.12    0.11    0.20      -1      -1      -1       0   16.82  830.96    0.00  800.28    0.00    0.00    0.00    0.00  840.35  171.26  264.98    0.00    0.00    0.00    0.00    0.00    0.01    0.00    0.00
  21.880       0       0       0       0    0.00   -0.07    0.79  150.13    0.13    0.20      -1      -1      -1       0    0.00    0.00  790.69    0.00  803.74  813.59  755.52  821.02    0.00    0.00    0.00    1.58    0.06    0.01    0.00    0.00    0.00    0.00    0.00
  21.890       0    1574       0       0    0.00   -0.07    0.75  150.07    0.13    0.20      -1      -1      -1       0   16.77  830.92    0.00  800.06    0.00    0.00    0.00    0.00  840.60  171.36  264.78    0.00    0.00    0.00    0.00    0.00    0.01    0.00    0.00
  21.900       0       0       0       0    0.00   -0.07    0.70  150.05    0.12    0.20      -1      -1      -1       0    0.00    0.00  790.69    0.00  803.86  813.43  755.44  820.71    0.00    0.00    0.00    1.51    0.08    0.01    0.00    0.00    0.00    0.00    0.00
  21.910       0    1574       0       0    0.00   -0.07    0.69  150.05    0.10    0.20      -1      -1      -1       0   16.70  831.01    0.00  800.13    0.00    0.00    0.00    0.00  840.67  171.49  265.27    0.00    0.00    0.00    0.00    0.00    0.00    0.00    0.00
  21.920       0       0       0       0    0.00   -0.07    0.69  150.05    0.09    0.20      -1      -1      -1       0    0.00    0.00  790.68    0.00  803.91  813.22  755.36  820.15    0.00    0.00    0.00    1.17    0.09    0.01    0.01    0.00    0.00    0.00    0.00
  21.930       0    1570       0       0    0.00   -0.07    0.69  150.05    0.09    0.20      -1      -1      -1       0   16.55  831.14    0.00  800.21    0.00    0.00    0.00    0.00  840.56  171.58  265.57    0.00    0.00    0.00    0.00    0.00    0.01    0.00    0.00
  21.940       0       0       0       0    0.00   -0.07    0.69  150.05    0.09    0.20      -1      -1      -1       0    0.00    0.00  789.79    0.00  803.99  813.50  755.33  820.20    0.00    0.00    0.00    1.08    0.08    0.01    0.01    0.01    0.00    0.00    0.00
  21.950       0    1570       0       0    0.00   -0.06    0.69  150.05    0.09    0.20      -1      -1      -1       0   16.28  831.12    0.00  800.53    0.00    0.00    0.00    0.00  840.49  171.60  265.82    0.00    0.00    0.00    0.00    0.00    0.00    0.00    0.00
  21.960       0       0       0       0    0.00   -0.06    0.69  150.05    0.09    0.20      -1      -1      -1       0    0.00    0.00  789.61    0.00  803.94  813.39  755.26  819.96    0.00    0.00    0.00    1.06    0.00    0.01    0.01    0.01    0.00    0.00    0.00
  21.970       0    1568       0       0    0.00   -0.06    0.69  150.05    0.11    0.20      -1      -1      -1       0   16.03  831.08    0.00  800.58    0.00    0.00    0.00    0.00  840.51  171.89  265.89    0.00    0.00    0.00    0.00    0.00    0.00    0.00    0.00
  21.980       0       0       0       0    0.00   -0.05    0.66  150.00    0.11    0.04      -1      -1      -1       0    0.00    0.00  789.39    0.00  803.53  813.35  755.06  820.65    0.00    0.00    0.00    1.19    0.00    0.00    0.01    0.01    0.00    0.00    0.00
  21.990       0    1568       0       0    0.00   -0.06    0.65  149.98    0.10   -0.33      -1      -1      -1       0   16.21  830.67    0.00  800.68    0.00    0.00    0.00    0.00  840.95  171.90  266.80    0.00    0.00    0.00    0.00    0.00    0.01    0.00    0.00
  22.000       0       0       0       0    0.00   -0.06    0.68  149.98    0.09   -0.42      -1      -1      -1       0    0.00    0.00  790.03    0.00  803.47  813.34  755.00  820.64    0.00    0.00    0.00    1.28    0.06    0.00    0.01    0.01    0.00    0.00    0.00
  22.010       0    1560       0       0    0.00   -0.06    0.75  150.03    0.11   -0.28      -1      -1      -1       0   16.53  830.60    0.00  800.34    0.00    0.00    0.00    0.00  840.55  171.80  267.03    0.00    0.00    0.00    0.00    0.00    0.01    0.00    0.00
  22.020       0       0       0       0    0.00   -0.05    0.80  150.05    0.15    0.08      -1      -1      -1       0    0.00    0.00  789.91    0.00  803.83  813.30  754.93  820.74    0.00    0.00    0.00    1.37    0.05    0.00    0.01    0.02    0.00    0.00    0.00
  22.030       0    1560       0       0    0.00   -0.05    0.82  150.05    0.16    0.17      -1      -1      -1       0   16.77  830.07    0.00  800.37    0.00    0.00    0.00    0.00  840.41  171.43  266.73    0.00    0.00    0.00    0.00    0.00    0.01    0.00    0.00
  22.040       0       0       0       0    0.00   -0.05    0.82  150.05    0.16    0.19      -1      -1      -1       0    0.00    0.00  789.93    0.00  803.80  813.29  754.98  820.85    0.00    0.00    0.00    1.65    0.05    0.00    0.00    0.01    0.00    0.00    0.00
  22.050       0    1558       0       0    0.00   -0.05    0.82  150.05    0.16    0.20      -1      -1      -1       0   16.84  829.86    0.00  800.14    0.00    0.00    0.00    0.00  839.94  171.40  265.57    0.00    0.00    0.00    0.00    0.00    0.01    0.00    0.00
  22.060       0       0       0       0    0.00   -0.05    0.79  150.05    0.14    0.20      -1      -1      -1       0    0.00    0.00  789.99    0.00  803.77  812.82  754.85  820.57    0.00    0.00    0.00    1.59    0.07    0.01    0.00    0.00    0.00    0.00    0.00
  22.070       0    1558       0       0    0.00   -0.05    0.75  150.05    0.12    0.20      -1      -1      -1       0   16.77  829.70    0.00  800.05    0.00    0.00    0.00    0.00  839.83  171.56  265.29    0.00    0.00    0.00    0.00    0.00    0.01    0.00    0.00
  22.080       0       0       0       0    0.00   -0.05    0.70  150.05    0.10    0.20      -1      -1      -1       0    0.00    0.00  789.66    0.00  803.97  812.72  754.82  820.38    0.00    0.00    0.00    1.51    0.06    0.01    0.00    0.00    0.00    0.00    0.00
  22.090       0    1547       0       0    0.00   -0.05    0.69  150.05    0.09    0.20      -1      -1      -1       0   16.68  829.84    0.00  799.99    0.00    0.00    0.00    0.00  839.68  171.71  265.57    0.00    0.00    0.00    0.00    0.00    0.00    0.00    0.00
  22.100       0       0       0       0    0.00   -0.05    0.69  150.05    0.09    0.20      -1      -1      -1       0    0.00    0.00  788.83    0.00  804.01  812.59  754.85  820.33    0.00    0.00    0.00    1.10    0.06    0.01    0.01    0.00    0.00    0.00    0.00
  22.110       0    1547       0       0    0.00   -0.04    0.69  150.05    0.09    0.20      -1      -1      -1       0   16.48  829.69    0.00  800.05    0.00    0.00    0.00    0.00  839.99  171.75  266.01    0.00    0.00    0.00    0.00    0.00    0.00    0.00    0.00
  22.120       0    1546       0       0    0.00   -0.04    0.69  150.05    0.09    0.20      -1      -1      -1       0    0.00    0.00  788.16    0.00  803.95  812.92  754.84  820.25    0.00    0.00    0.00    1.07    0.03    0.02    0.01    0.01    0.00    0.00    0.00
  22.130       0       0       0       0    0.00   -0.04    0.69  150.05    0.09    0.20      -1      -1      -1       0   16.19  829.62    0.00  799.99    0.00    0.00    0.00    0.00  840.05  171.76  266.11    0.00    0.00    0.00    0.00    0.00    0.00    0.00    0.00
  22.140       0    1546       0       0    0.00   -0.05    0.69  150.05    0.09    0.20      -1      -1      -1       0    0.00    0.00  788.57    0.00  803.53  812.85  754.77  820.10    0.00    0.00    0.00    1.06    0.00    0.02    0.01    0.01    0.00    0.00    0.00
  22.150       0       0       0       0    0.00   -0.05    0.66  149.99    0.08    0.04      -1      -1      -1       0   15.99  829.57    0.00  799.96    0.00    0.00    0.00    0.00  840.07  171.93  266.14    0.00    0.00    0.00    0.00    0.00    0.01    0.00    0.00
  22.160       0    1540       0       0    0.00   -0.06    0.58  149.93    0.06   -0.17      -1      -1      -1       0    0.00    0.00  788.29    0.00  803.48  812.99  754.75  820.06    0.00    0.00    0.00    1.12    0.03    0.00    0.01    0.01    0.00    0.00    0.00
  22.170       0       0       0       0    0.00   -0.06    0.60  149.91    0.05   -0.22      -1      -1      -1       0   16.28  829.54    0.00  799.94    0.00    0.00    0.00    0.00  840.12  171.92  266.87    0.00    0.00    0.00    0.00    0.00    0.01    0.00    0.00
  22.180       0    1540       0       0    0.00   -0.05    0.67  149.96    0.07   -0.07      -1      -1      -1       0    0.00    0.00  788.91    0.00  802.98  812.91  754.74  820.02    0.00    0.00    0.00    1.20    0.04    0.00    0.01    0.01    0.00    0.00    0.00
  22.190       0       0       0       0    0.00   -0.05    0.78  150.03    0.08    0.13      -1      -1      -1       0   16.59  829.48    0.00  799.93    0.00    0.00    0.00    0.00  840.10  171.80  267.05    0.00    0.00    0.00    0.00    0.00    0.01    0.00    0.00
  22.200       0    1536       0       0    0.00   -0.05    0.81  150.04    0.09    0.18      -1      -1      -1       0    0.00    0.00  788.98    0.00  802.78  812.53  754.70  820.03    0.00    0.00    0.00    1.35    0.05    0.00    0.01    0.01    0.00    0.00    0.00
  22.210       0       0       0       0    0.00   -0.05    0.82  150.05    0.09    0.20      -1      -1      -1       0   16.77  829.31    0.00  799.85    0.00    0.00    0.00    0.00  839.67  171.49  266.73    0.00    0.00    0.00    0.00    0.00    0.01    0.00    0.00
  22.220       0    1536       0       0    0.00   -0.05    0.79  150.05    0.09    0.20      -1      -1      -1       0    0.00    0.00  789.57    0.00  802.95  811.60  754.71  820.01    0.00    0.00    0.00    1.32    0.06    0.01    0.00    0.01    0.00    0.00    0.00
  22.230       0       0       0       0    0.00   -0.05    0.75  150.05    0.09    0.20      -1      -1      -1       0   16.77  829.26    0.00  799.78    0.00    0.00    0.00    0.00  839.16  171.47  265.58    0.00    0.00    0.00    0.00    0.00    0.02    0.00    0.00
  22.240       0    1530       0       0    0.00   -0.06    0.70  150.05    0.09    0.20      -1      -1      -1       0    0.00    0.00  789.77    0.00  803.28  811.35  754.70  820.00    0.00    0.00    0.00    1.19    0.09    0.01    0.00    0.00    0.00    0.00    0.00
  22.250       0       0       0       0    0.00   -0.06    0.69  150.05    0.09    0.20      -1      -1      -1       0   16.73  829.32    0.00  799.75    0.00    0.00    0.00    0.00  839.41  171.58  265.47    0.00    0.00    0.00    0.00    0.00    0.02    0.00    0.00
  22.260       0    1530       0       0    0.00   -0.06    0.69  150.05    0.09    0.20      -1      -1      -1       0    0.00    0.00  789.59    0.00  803.24  811.03  754.70  819.55    0.00    0.00    0.00    0.96    0.09    0.01    0.01    0.00    0.00    0.00    0.00
  22.270       0       0       0       0    0.00   -0.06    0.69  150.05    0.09    0.20      -1      -1      -1       0   16.61  829.72    0.00  799.73    0.00    0.00    0.00    0.00  839.27  171.72  265.80    0.00    0.00    0.00    0.00    0.00    0.00    0.00    0.00
  22.280       0    1528       0       0    0.00   -0.06    0.69  150.05    0.11    0.20      -1      -1      -1       0    0.00    0.00  789.27    0.00  803.58  811.49  754.70  819.46    0.00    0.00    0.00    0.90    0.07    0.01    0.01    0.00    0.00    0.00    0.00
  22.290       0       0       0       0    0.00   -0.07    0.69  150.05    0.13    0.20      -1      -1      -1       0   16.41  829.32    0.00  799.74    0.00    0.00    0.00    0.00  839.55  171.81  266.24    0.00    0.00    0.00    0.00    0.00    0.01    0.00    0.00
  22.300       0    1528       0       0    0.00   -0.07    0.69  149.99    0.15    0.20      -1      -1      -1       0    0.00    0.00  789.33    0.00  803.45  811.29  755.15  819.34    0.00    0.00    0.00    0.95    0.05    0.02    0.01    0.01    0.00    0.00    0.00
  22.310       0       0       0       0    0.00   -0.07    0.69  149.93    0.16    0.20      -1      -1      -1       0   16.08  829.32    0.00  799.73    0.00    0.00    0.00    0.00  839.53  171.89  266.35    0.00    0.00    0.00    0.00    0.00    0.01    0.00    0.00
  22.320       0    1528       0       0    0.00   -0.07    0.66  149.85    0.14    0.04      -1      -1      -1       0    0.00    0.00  789.28    0.00  803.10  811.23  754.78  819.66    0.00    0.00    0.00    1.03    0.00    0.02    0.01    0.01    0.00    0.00    0.00
  22.330       0       0       0       0    0.00   -0.07    0.58  149.84    0.12   -0.17      -1      -1      -1       0   16.10  828.88    0.00  799.72    0.00    0.00    0.00    0.00  839.80  171.85  266.56    0.00    0.00    0.00    0.00    0.00    0.01    0.00    0.00
  22.340       0    1528       0       0    0.00   -0.07    0.57  149.89    0.10   -0.54      -1      -1      -1       0    0.00    0.00  789.18    0.00  802.74  811.65  754.80  819.73    0.00    0.00    0.00    1.18    0.05    0.00    0.02    0.01    0.00    0.00    0.00
  22.350       0       0       0       0    0.00   -0.06    0.63  149.95    0.11   -0.47      -1      -1      -1       0   16.44  828.65    0.00  799.27    0.00    0.00    0.00    0.00  840.33  171.73  266.43    0.00    0.00    0.00    0.00    0.00    0.01    0.00    0.00
  22.360       0    1525       0       0    0.00   -0.06    0.71  150.03    0.13   -0.29      -1      -1      -1       0    0.00    0.00  789.10    0.00  802.97  811.33  754.27  819.87    0.00    0.00    0.00    1.28    0.05    0.00    0.02    0.02    0.00    0.00    0.00
  22.370       0       0       0       0    0.00   -0.05    0.73  150.04    0.15    0.08      -1      -1      -1       0   16.70  828.45    0.00  798.73    0.00    0.00    0.00    0.00  839.89  171.53  266.04    0.00    0.00    0.00    0.00    0.00    0.01    0.00    0.00
  22.380       0    1525       0       0    0.00   -0.04    0.70  150.05    0.16    0.17      -1      -1      -1       0    0.00    0.00  789.07    0.00  802.55  811.16  754.19  819.91    0.00    0.00    0.00    1.56    0.05    0.00    0.00    0.02    0.00    0.00    0.00
  22.390       0       0       0       0    0.00   -0.04    0.69  150.05    0.16    0.19      -1      -1      -1       0   16.82  828.79    0.00  798.53    0.00    0.00    0.00    0.00  839.51  171.42  265.40    0.00    0.00    0.00    0.00    0.00    0.01    0.00    0.00
  22.400       0    1520       0       0    0.00   -0.04    0.69  150.05    0.14    0.20      -1      -1      -1       0    0.00    0.00  789.02    0.00  802.44  810.68  754.04  819.89    0.00    0.00    0.00    1.51    0.06    0.01    0.00    0.00    0.00    0.00    0.00
  22.410       0       0       0       0    0.00   -0.04    0.69  149.99    0.12    0.20      -1      -1      -1       0   16.79  828.86    0.00  798.74    0.00    0.00    0.00    0.00  839.50  171.51  265.06    0.00    0.00    0.00    0.00    0.00    0.01    0.00    0.00
  22.420       0    1520       0       0    0.00   -0.04    0.69  149.93    0.10    0.20      -1      -1      -1       0    0.00    0.00  788.82    0.00  802.33  810.12  754.37  819.87    0.00    0.00    0.00    1.43    0.09    0.01    0.00    0.00    0.00    0.00    0.00
  22.430       0       0       0       0    0.00   -0.04    0.69  149.85    0.09    0.20      -1      -1      -1       0   16.70  828.92    0.00  798.99    0.00    0.00    0.00    0.00  839.44  171.65  265.34    0.00    0.00    0.00    0.00    0.00    0.01    0.00    0.00
  22.440       0    1511       0       0    0.00   -0.04    0.69  149.84    0.09    0.20      -1      -1      -1       0    0.00    0.00  788.64    0.00  802.25  809.88  754.43  819.45    0.00    0.00    0.00    1.08    0.10    0.01    0.01    0.00    0.00    0.00    0.00
  22.450       0       0       0       0    0.00   -0.04    0.69  149.83    0.09    0.20      -1      -1      -1       0   16.55  828.95    0.00  799.18    0.00    0.00    0.00    0.00  839.27  171.73  265.77    0.00    0.00    0.00    0.00    0.00    0.01    0.00    0.00
  22.460       0    1511       0       0    0.00   -0.04    0.69  149.83    0.09    0.20      -1      -1      -1       0    0.00    0.00  788.11    0.00  802.19  810.07  754.56  819.37    0.00    0.00    0.00    1.00    0.09    0.01    0.01    0.01    0.00    0.00    0.00
  22.470       0       0       0       0    0.00   -0.04    0.69  149.83    0.09    0.20      -1      -1      -1       0   16.32  828.94    0.00  799.46    0.00    0.00    0.00    0.00  839.14  171.76  266.23    0.00    0.00    0.00    0.00    0.00    0.00    0.00    0.00
  22.480       0    1508       0       0    0.00   -0.04    0.69  149.83    0.09    0.20      -1      -1      -1       0    0.00    0.00  787.97    0.00  802.14  810.34  754.60  819.26    0.00    0.00    0.00    0.97    0.00    0.01    0.01    0.01    0.00    0.00    0.00
  22.490       0       0       0       0    0.00   -0.04    0.66  149.83    0.09    0.20      -1      -1      -1       0   16.10  828.93    0.00  799.41    0.00    0.00    0.00    0.00  839.07  171.98  266.35    0.00    0.00    0.00    0.00    0.00    0.00    0.00    0.00
  22.500       0    1508       0       0    0.00   -0.04    0.62  149.83    0.08    0.04      -1      -1      -1       0    0.00    0.00  787.87    0.00  802.10  810.50  754.59  819.59    0.00    0.00    0.00    1.10    0.00    0.01    0.01    0.01    0.00    0.00    0.00
  22.510       0       0       0       0    0.00   -0.04    0.61  149.78    0.06   -0.33      -1      -1      -1       0   16.23  828.50    0.00  799.35    0.00    0.00    0.00    0.00  839.43  172.04  267.10    0.00    0.00    0.00    0.00    0.00    0.01    0.00    0.00
  22.520       0    1496       0       0    0.00   -0.04    0.64  149.76    0.05   -0.42      -1      -1      -1       0    0.00    0.00  788.17    0.00  802.07  811.20  754.57  819.67    0.00    0.00    0.00    1.26    0.06    0.00    0.02    0.01    0.00    0.00    0.00
  22.530       0       0       0       0    0.00   -0.04    0.68  149.76    0.07   -0.28      -1      -1      -1       0   16.53  828.41    0.00  798.97    0.00    0.00    0.00    0.00  838.98  171.94  267.10    0.00    0.00    0.00    0.00    0.00    0.01    0.00    0.00
  22.540       0    1496       0       0    0.00   -0.04    0.69  149.81    0.08    0.08      -1      -1      -1       0    0.00    0.00  788.12    0.00  802.09  810.80  754.15  819.84    0.00    0.00    0.00    1.36    0.05    0.00    0.01    0.02    0.00    0.00    0.00
  22.550       0       0       0       0    0.00   -0.04    0.69  149.83    0.09    0.17      -1      -1      -1       0   16.75  827.86    0.00  798.53    0.00    0.00    0.00    0.00  838.63  171.58  266.75    0.00    0.00    0.00    0.00    0.00    0.01    0.00    0.00
  22.560       0    1492       0       0    0.00   -0.04    0.69  149.83    0.09    0.19      -1      -1      -1       0    0.00    0.00  788.23    0.00  802.04  810.76  754.07  819.81    0.00    0.00    0.00    1.65    0.06    0.00    0.00    0.02    0.00    0.00    0.00
  22.570       0       0       0       0    0.00   -0.03    0.69  149.83    0.09    0.20      -1      -1      -1       0   16.84  827.65    0.00  797.98    0.00    0.00    0.00    0.00  838.08  171.61  265.58    0.00    0.00    0.00    0.00    0.00    0.01    0.00    0.00
  22.580       0    1492       0       0    0.00   -0.03    0.69  149.83    0.09    0.20      -1      -1      -1       0    0.00    0.00  788.28    0.00  802.02  810.39  753.53  819.78    0.00    0.00    0.00    1.66    0.07    0.01    0.00    0.00    0.00    0.00    0.00
  22.590       0       0       0       0    0.00   -0.03    0.69  149.83    0.09    0.20      -1      -1      -1       0   16.77  827.83    0.00  797.78    0.00    0.00    0.00    0.00  837.89  171.72  265.65    0.00    0.00    0.00    0.00    0.00    0.01    0.00    0.00
  22.600       0    1485       0       0    0.00   -0.03    0.69  149.83    0.09    0.04      -1      -1      -1       0    0.00    0.00  788.25    0.00  802.01  810.37  753.32  819.37    0.00    0.00    0.00    1.53    0.06    0.01    0.00    0.00    0.00    0.00    0.00
  22.610       0       0       0       0    0.00   -0.04    0.69  149.83    0.09   -0.00      -1      -1      -1       0   16.68  828.15    0.00  797.84    0.00    0.00    0.00    0.00  837.67  171.87  266.02    0.00    0.00    0.00    0.00    0.00    0.00    0.00    0.00
  22.620       0    1497       0       0    0.00   -0.04    0.69  149.83    0.09   -0.18      -1      -1      -1       0    0.00    0.00  787.82    0.00  802.00  810.21  753.15  818.88    0.00    0.00    0.00    1.11    0.06    0.01    0.01    0.00    0.00    0.00    0.00
  22.630       0       0       0       0    0.00   -0.04    0.69  149.83    0.09   -0.06      -1      -1      -1       0   16.50  828.09    0.00  797.92    0.00    0.00    0.00    0.00  838.05  171.85  266.48    0.00    0.00    0.00    0.00    0.00    0.00    0.00    0.00
  22.640       0    1485       0       0    0.00   -0.04    0.69  149.83    0.09   -0.03      -1      -1      -1       0    0.00    0.00  787.31    0.00  801.98  810.54  752.97  818.70    0.00    0.00    0.00    1.00    0.05    0.01    0.01    0.01    0.00    0.00    0.00
  22.650       0       0       0       0    0.00   -0.05    0.69  149.83    0.09    0.14      -1      -1      -1       0   16.23  828.14    0.00  798.24    0.00    0.00    0.00    0.00  838.00  171.90  266.41    0.00    0.00    0.00    0.00    0.00    0.00    0.00    0.00
  22.660       0    1495       0       0    0.00   -0.05    0.66  149.83    0.09    0.02      -1      -1      -1       0    0.00    0.00  787.12    0.00  801.97  810.65  752.68  818.48    0.00    0.00    0.00    1.04    0.00    0.01    0.01    0.01    0.00    0.00    0.00
  22.670       0       0       0       0    0.00   -0.05    0.62  149.83    0.09   -0.17      -1      -1      -1       0   16.08  828.24    0.00  798.30    0.00    0.00    0.00    0.00  837.98  172.24  266.58    0.00    0.00    0.00    0.00    0.00    0.00    0.00    0.00
  22.680       0    1482       0       0    0.00   -0.05    0.51  149.77    0.09   -0.38      -1      -1      -1       0    0.00    0.00  786.89    0.00  801.07  810.82  752.58  818.63    0.00    0.00    0.00    1.18    0.00    0.01    0.01    0.01    0.00    0.00    0.00
  22.690       0       0       0       0    0.00   -0.05    0.52  149.76    0.09   -0.43      -1      -1      -1       0   16.30  827.87    0.00  798.40    0.00    0.00    0.00    0.00  838.45  172.27  267.69    0.00    0.00    0.00    0.00    0.00    0.01    0.00    0.00
  22.700       0    1489       0       0    0.00   -0.04    0.55  149.76    0.11   -0.28      -1      -1      -1       0    0.00    0.00  787.52    0.00  800.88  810.88  751.60  818.49    0.00    0.00    0.00    1.28    0.05    0.00    0.01    0.01    0.00    0.00    0.00
  22.710       0       0       0       0    0.00   -0.04    0.66  149.81    0.13   -0.08      -1      -1      -1       0   16.59  827.82    0.00  798.06    0.00    0.00    0.00    0.00  838.10  172.17  267.79    0.00    0.00    0.00    0.00    0.00    0.01    0.00    0.00
  22.720       0    1480       0       0    0.00   -0.03    0.68  149.83    0.15    0.13      -1      -1      -1       0    0.00    0.00  787.46    0.00  800.67  810.86  751.39  818.86    0.00    0.00    0.00    1.44    0.06    0.00    0.01    0.01    0.00    0.00    0.00
  22.730       0       0       0       0    0.00   -0.03    0.69  149.83    0.16    0.18      -1      -1      -1       0   16.77  827.46    0.00  798.09    0.00    0.00    0.00    0.00  837.56  171.69  267.46    0.00    0.00    0.00    0.00    0.00    0.01    0.00    0.00
  22.740       0    1487       0       0    0.00   -0.03    0.69  149.83    0.16    0.20      -1      -1      -1       0    0.00    0.00  787.49    0.00  801.31  810.83  751.18  818.44    0.00    0.00    0.00    1.34    0.05    0.01    0.00    0.01    0.00    0.00    0.00
  22.750       0       0       0       0    0.00   -0.03    0.69  149.83    0.16    0.20      -1      -1      -1       0   16.77  827.32    0.00  797.88    0.00    0.00    0.00    0.00  837.02  171.63  266.12    0.00    0.00    0.00    0.00    0.00    0.02    0.00    0.00
  22.760       0    1473       0       0    0.00   -0.04    0.69  149.83    0.14    0.20      -1      -1      -1       0    0.00    0.00  787.56    0.00  801.18  809.97  751.80  818.43    0.00    0.00    0.00    1.19    0.07    0.01    0.00    0.00    0.00    0.00    0.00
  22.770       0       0       0       0    0.00   -0.04    0.69  149.83    0.12    0.20      -1      -1      -1       0   16.77  827.21    0.00  797.79    0.00    0.00    0.00    0.00  837.28  171.73  265.96    0.00    0.00    0.00    0.00    0.00    0.02    0.00    0.00
  22.780       0    1486       0       0    0.00   -0.04    0.69  149.83    0.10    0.20      -1      -1      -1       0    0.00    0.00  787.24    0.00  801.46  809.80  751.68  818.16    0.00    0.00    0.00    0.96    0.07    0.01    0.00    0.00    0.00    0.00    0.00
  22.790       0       0       0       0    0.00   -0.04    0.69  149.83    0.09    0.04      -1      -1      -1       0   16.66  827.31    0.00  797.73    0.00    0.00    0.00    0.00  837.12  171.92  266.28    0.00    0.00    0.00    0.00    0.00    0.00    0.00    0.00
  22.800       0    1472       0       0    0.00   -0.04    0.69  149.83    0.11   -0.17      -1      -1      -1       0    0.00    0.00  786.92    0.00  801.57  809.59  751.94  818.10    0.00    0.00    0.00    0.96    0.07    0.01    0.01    0.00    0.00    0.00    0.00
  22.810       0       0       0       0    0.00   -0.05    0.69  149.83    0.13   -0.22      -1      -1      -1       0   16.46  827.21    0.00  797.66    0.00    0.00    0.00    0.00  837.40  171.97  266.72    0.00    0.00    0.00    0.00    0.00    0.01    0.00    0.00
  22.820       0    1482       0       0    0.00   -0.05    0.69  149.83    0.13   -0.23      -1      -1      -1       0    0.00    0.00  786.36    0.00  801.49  810.23  752.05  817.89    0.00    0.00    0.00    1.03    0.05    0.02    0.01    0.01    0.00    0.00    0.00
  22.830       0       0       0       0    0.00   -0.05    0.69  149.83    0.12   -0.23      -1      -1      -1       0   16.12  827.15    0.00  797.62    0.00    0.00    0.00    0.00  837.36  171.98  267.01    0.00    0.00    0.00    0.00    0.00    0.00    0.00    0.00
  22.840       0    1466       0       0    0.00   -0.05    0.66  149.77    0.10   -0.23      -1      -1      -1       0    0.00    0.00  786.41    0.00  801.08  810.11  751.98  817.84    0.00    0.00    0.00    1.11    0.00    0.02    0.01    0.01    0.00    0.00    0.00
  22.850       0       0       0       0    0.00   -0.05    0.58  149.71    0.09   -0.23      -1      -1      -1       0   16.03  827.12    0.00  797.59    0.00    0.00    0.00    0.00  837.60  171.87  267.09    0.00    0.00    0.00    0.00    0.00    0.01    0.00    0.00
  22.860       0    1475       0       0    0.00   -0.05    0.57  149.63    0.08   -0.40      -1      -1      -1       0    0.00    0.00  786.18    0.00  801.06  810.42  751.56  817.78    0.00    0.00    0.00    1.20    0.00    0.00    0.02    0.01    0.00    0.00    0.00
  22.870       0       0       0       0    0.00   -0.04    0.59  149.67    0.09   -0.44      -1      -1      -1       0   16.39  827.10    0.00  797.11    0.00    0.00    0.00    0.00  837.67  171.79  267.46    0.00    0.00    0.00    0.00    0.00    0.01    0.00    0.00
  22.880       0    1465       0       0    0.00   -0.04    0.67  149.74    0.09   -0.28      -1      -1      -1       0    0.00    0.00  786.41    0.00  800.98  810.26  751.54  817.79    0.00    0.00    0.00    1.28    0.06    0.00    0.02    0.01    0.00    0.00    0.00
  22.890       0       0       0       0    0.00   -0.04    0.68  149.81    0.11    0.08      -1      -1      -1       0   16.66  826.97    0.00  797.00    0.00    0.00    0.00    0.00  837.60  171.65  267.20    0.00    0.00    0.00    0.00    0.00    0.01    0.00    0.00
  22.900       0    1468       0       0    0.00   -0.04    0.69  149.82    0.09    0.17      -1      -1      -1       0    0.00    0.00  786.32    0.00  800.51  809.95  751.46  817.81    0.00    0.00    0.00    1.50    0.06    0.00    0.01    0.01    0.00    0.00    0.00
  22.910       0       0       0       0    0.00   -0.04    0.69  149.83    0.09    0.19      -1      -1      -1       0   16.79  826.85    0.00  796.87    0.00    0.00    0.00    0.00  837.20  171.62  266.59    0.00    0.00    0.00    0.00    0.00    0.01    0.00    0.00
  22.920       0    1458       0       0    0.00   -0.04    0.69  149.83    0.09    0.20      -1      -1      -1       0    0.00    0.00  786.31    0.00  800.40  809.55  751.34  817.79    0.00    0.00    0.00    1.43    0.06    0.01    0.00    0.01    0.00    0.00    0.00
  22.930       0       0       0       0    0.00   -0.04    0.69  149.83    0.09    0.20      -1      -1      -1       0   16.73  826.80    0.00  796.28    0.00    0.00    0.00    0.00  837.16  171.67  265.72    0.00    0.00    0.00    0.00    0.00    0.02    0.00    0.00
  22.940       0    1469       0       0    0.00   -0.04    0.69  149.77    0.09    0.04      -1      -1      -1       0    0.00    0.00  786.29    0.00  800.26  809.44  751.22  817.78    0.00    0.00    0.00    1.34    0.09    0.01    0.00    0.00    0.00    0.00    0.00
  22.950       0       0       0       0    0.00   -0.04    0.69  149.71    0.09   -0.17      -1      -1      -1       0   16.73  826.77    0.00  796.11    0.00    0.00    0.00    0.00  837.07  171.80  265.86    0.00    0.00    0.00    0.00    0.00    0.02    0.00    0.00
  22.960       0    1457       0       0    0.00   -0.05    0.69  149.63    0.09   -0.38      -1      -1      -1       0    0.00    0.00  786.26    0.00  800.12  809.28  751.60  817.33    0.00    0.00    0.00    1.06    0.09    0.01    0.01    0.00    0.00    0.00    0.00
  22.970       0       0       0       0    0.00   -0.05    0.69  149.62    0.09   -0.27      -1      -1      -1       0   16.59  826.78    0.00  796.29    0.00    0.00    0.00    0.00  836.96  171.88  266.44    0.00    0.00    0.00    0.00    0.00    0.00    0.00    0.00
  22.980       0       0       0       0    0.00   -0.05    0.69  149.61    0.09   -0.24      -1      -1      -1       0    0.00    0.00  786.25    0.00  800.04  809.14  751.61  817.22    0.00    0.00    0.00    1.06    0.07    0.01    0.01    0.01    0.00    0.00    0.00
  22.990       0    1464       0       0    0.00   -0.05    0.69  149.61    0.09   -0.24      -1      -1      -1       0   16.37  826.76    0.00  796.15    0.00    0.00    0.00    0.00  836.83  171.96  266.76    0.00    0.00    0.00    0.00    0.00    0.01    0.00    0.00
  23.000       0       0       0       0    0.00   -0.05    0.69  149.61    0.09   -0.40      -1      -1      -1       0    0.00    0.00  786.24    0.00  799.97  809.06  751.64  817.10    0.00    0.00    0.00    1.05    0.00    0.01    0.01    0.01    0.00    0.00    0.00
  23.010       0    1447       0       0    0.00   -0.05    0.66  149.61    0.09   -0.44      -1      -1      -1       0   16.06  826.75    0.00  795.79    0.00    0.00    0.00    0.00  836.75  172.09  266.66    0.00    0.00    0.00    0.00    0.00    0.00    0.00    0.00
  23.020       0       0       0       0    0.00   -0.04    0.62  149.61    0.09   -0.45      -1      -1      -1       0    0.00    0.00  786.25    0.00  799.91  808.98  751.25  817.42    0.00    0.00    0.00    1.18    0.05    0.00    0.01    0.01    0.00    0.00    0.00
  23.030       0    1460       0       0    0.00   -0.04    0.54  149.55    0.08   -0.61      -1      -1      -1       0   16.12  826.30    0.00  795.25    0.00    0.00    0.00    0.00  837.12  172.07  267.18    0.00    0.00    0.00    0.00    0.00    0.01    0.00    0.00
  23.040       0       0       0       0    0.00   -0.04    0.56  149.59    0.07   -0.49      -1      -1      -1       0    0.00    0.00  786.23    0.00  799.87  809.04  751.25  817.49    0.00    0.00    0.00    1.28    0.05    0.00    0.02    0.01    0.00    0.00    0.00
  23.050       0    1442       0       0    0.00   -0.04    0.59  149.66    0.07   -0.30      -1      -1      -1       0   16.48  825.75    0.00  795.07    0.00    0.00    0.00    0.00  836.68  171.95  267.12    0.00    0.00    0.00    0.00    0.00    0.01    0.00    0.00
  23.060       0       0       0       0    0.00   -0.04    0.67  149.79    0.09    0.08      -1      -1      -1       0    0.00    0.00  786.22    0.00  799.90  808.90  750.89  817.62    0.00    0.00    0.00    1.37    0.05    0.00    0.02    0.02    0.00    0.00    0.00
  23.070       0    1453       0       0    0.00   -0.04    0.68  149.82    0.11    0.17      -1      -1      -1       0   16.70  825.55    0.00  794.29    0.00    0.00    0.00    0.00  836.35  171.69  266.93    0.00    0.00    0.00    0.00    0.00    0.01    0.00    0.00
  23.080       0       0       0       0    0.00   -0.04    0.69  149.77    0.13    0.19      -1      -1      -1       0    0.00    0.00  786.22    0.00  799.82  808.87  751.04  817.66    0.00    0.00    0.00    1.65    0.06    0.00    0.00    0.02    0.00    0.00    0.00
  23.090       0    1444       0       0    0.00   -0.04    0.69  149.71    0.13    0.20      -1      -1      -1       0   16.79  825.76    0.00  794.55    0.00    0.00    0.00    0.00  835.80  171.74  265.99    0.00    0.00    0.00    0.00    0.00    0.01    0.00    0.00
  23.100       0       0       0       0    0.00   -0.05    0.69  149.63    0.12    0.20      -1      -1      -1       0    0.00    0.00  786.21    0.00  799.80  808.39  750.70  817.64    0.00    0.00    0.00    1.66    0.07    0.01    0.00    0.00    0.00    0.00    0.00
  23.110       0    1453       0       0    0.00   -0.05    0.69  149.62    0.10    0.04      -1      -1      -1       0   16.75  826.02    0.00  794.87    0.00    0.00    0.00    0.00  835.89  171.87  265.93    0.00    0.00    0.00    0.00    0.00    0.01    0.00    0.00
  23.120       0       0       0       0    0.00   -0.05    0.69  149.61    0.09   -0.17      -1      -1      -1       0    0.00    0.00  786.21    0.00  799.78  808.33  750.81  817.63    0.00    0.00    0.00    1.53    0.07    0.01    0.00    0.00    0.00    0.00    0.00
  23.130       0    1440       0       0    0.00   -0.05    0.69  149.61    0.11   -0.38      -1      -1      -1       0   16.66  826.20    0.00  794.98    0.00    0.00    0.00    0.00  835.64  171.96  266.27    0.00    0.00    0.00    0.00    0.00    0.00    0.00    0.00
  23.140       0       0       0       0    0.00   -0.05    0.69  149.61    0.11   -0.43      -1      -1      -1       0    0.00    0.00  786.20    0.00  799.76  808.16  750.72  817.20    0.00    0.00    0.00    1.11    0.06    0.01    0.01    0.00    0.00    0.00    0.00
  23.150       0    1446       0       0    0.00   -0.04    0.69  149.61    0.11   -0.45      -1      -1      -1       0   16.50  826.48    0.00  794.96    0.00    0.00    0.00    0.00  835.88  171.92  266.54    0.00    0.00    0.00    0.00    0.00    0.00    0.00    0.00
  23.160       0       0       0       0    0.00   -0.04    0.66  149.61    0.10   -0.45      -1      -1      -1       0    0.00    0.00  785.75    0.00  799.74  808.01  750.69  817.12    0.00    0.00    0.00    1.00    0.05    0.01    0.01    0.01    0.00    0.00    0.00
  23.170       0    1435       0       0    0.00   -0.04    0.65  149.61    0.09   -0.29      -1      -1      -1       0   16.26  826.43    0.00  795.11    0.00    0.00    0.00    0.00  835.81  171.97  266.61    0.00    0.00    0.00    0.00    0.00    0.00    0.00    0.00
  23.180       0       0       0       0    0.00   -0.04    0.61  149.61    0.09   -0.25      -1      -1      -1       0    0.00    0.00  785.66    0.00  799.28  807.87  750.49  817.01    0.00    0.00    0.00    1.11    0.00    0.01    0.01    0.01    0.00    0.00    0.00
  23.190       0    1443       0       0    0.00   -0.04    0.61  149.61    0.09   -0.24      -1      -1      -1       0   16.03  826.37    0.00  795.10    0.00    0.00    0.00    0.00  835.81  172.26  266.80    0.00    0.00    0.00    0.00    0.00    0.00    0.00    0.00
  23.200       0       0       0       0    0.00   -0.04    0.54  149.55    0.08   -0.40      -1      -1      -1       0    0.00    0.00  785.55    0.00  798.73  808.22  750.45  817.34    0.00    0.00    0.00    1.26    0.00    0.00    0.01    0.01    0.00    0.00    0.00
  23.210       0    1427       0       0    0.00   -0.05    0.55  149.54    0.07   -0.60      -1      -1      -1       0   16.21  825.99    0.00  795.07    0.00    0.00    0.00    0.00  835.80  172.28  267.75    0.00    0.00    0.00    0.00    0.00    0.01    0.00    0.00
  23.220       0       0       0       0    0.00   -0.05    0.59  149.53    0.09   -0.49      -1      -1      -1       0    0.00    0.00  785.87    0.00  798.08  808.20  749.84  817.28    0.00    0.00    0.00    1.30    0.04    0.00    0.01    0.01    0.00    0.00    0.00
  23.230       0    1440       0       0    0.00   -0.05    0.67  149.59    0.12   -0.30      -1      -1      -1       0   16.50  825.55    0.00  794.64    0.00    0.00    0.00    0.00  835.78  172.11  267.80    0.00    0.00    0.00    0.00    0.00    0.01    0.00    0.00
  23.240       0       0       0       0    0.00   -0.05    0.68  149.61    0.13    0.08      -1      -1      -1       0    0.00    0.00  785.94    0.00  798.20  807.76  749.26  817.44    0.00    0.00    0.00    1.31    0.05    0.00    0.00    0.01    0.00    0.00    0.00
  23.250       0       0       0       0    0.00   -0.05    0.69  149.61    0.12    0.17      -1      -1      -1       0   16.70  825.00    0.00  794.58    0.00    0.00    0.00    0.00  835.77  171.74  267.28    0.00    0.00    0.00    0.00    0.00    0.01    0.00    0.00
  23.260       0    1425       0       0    0.00   -0.05    0.69  149.61    0.10    0.19      -1      -1      -1       0    0.00    0.00  786.08    0.00  798.35  807.70  749.08  817.36    0.00    0.00    0.00    1.51    0.05    0.01    0.00    0.01    0.00    0.00    0.00
  23.270       0       0       0       0    0.00   -0.05    0.69  149.61    0.09    0.20      -1      -1      -1       0   16.77  825.10    0.00  794.47    0.00    0.00    0.00    0.00  835.32  171.75  266.07    0.00    0.00    0.00    0.00    0.00    0.01    0.00    0.00
  23.280       0    1434       0       0    0.00   -0.05    0.69  149.61    0.09    0.04      -1      -1      -1       0    0.00    0.00  786.12    0.00  798.61  807.67  749.25  816.98    0.00    0.00    0.00    1.56    0.07    0.01    0.00    0.00    0.00    0.00    0.00
  23.290       0       0       0       0    0.00   -0.05    0.69  149.61    0.11   -0.17      -1      -1      -1       0   16.73  824.92    0.00  794.79    0.00    0.00    0.00    0.00  835.23  171.87  266.13    0.00    0.00    0.00    0.00    0.00    0.01    0.00    0.00
  23.300       0    1422       0       0    0.00   -0.05    0.69  149.61    0.11   -0.38      -1      -1      -1       0    0.00    0.00  786.11    0.00  798.59  807.56  749.52  816.51    0.00    0.00    0.00    1.44    0.07    0.01    0.01    0.00    0.00    0.00    0.00
  23.310       0       0       0       0    0.00   -0.05    0.69  149.61    0.11   -0.43      -1      -1      -1       0   16.59  825.01    0.00  794.89    0.00    0.00    0.00    0.00  835.12  171.96  266.51    0.00    0.00    0.00    0.00    0.00    0.01    0.00    0.00
  23.320       0    1429       0       0    0.00   -0.04    0.66  149.61    0.10   -0.45      -1      -1      -1       0    0.00    0.00  786.09    0.00  798.99  807.43  749.67  816.36    0.00    0.00    0.00    1.08    0.07    0.01    0.01    0.01    0.00    0.00    0.00
  23.330       0       0       0       0    0.00   -0.04    0.62  149.61    0.09   -0.45      -1      -1      -1       0   16.44  825.35    0.00  795.06    0.00    0.00    0.00    0.00  835.44  171.98  266.78    0.00    0.00    0.00    0.00    0.00    0.00    0.00    0.00
  23.340       0    1419       0       0    0.00   -0.04    0.57  149.61    0.09   -0.45      -1      -1      -1       0    0.00    0.00  786.12    0.00  798.85  807.37  750.39  815.86    0.00    0.00    0.00    1.00    0.05    0.02    0.01    0.01    0.00    0.00    0.00
  23.350       0       0       0       0    0.00   -0.04    0.56  149.61    0.09   -0.45      -1      -1      -1       0   16.17  825.42    0.00  795.12    0.00    0.00    0.00    0.00  835.49  172.10  266.85    0.00    0.00    0.00    0.00    0.00    0.00    0.00    0.00
  23.360       0    1420       0       0    0.00   -0.04    0.56  149.61    0.09   -0.45      -1      -1      -1       0    0.00    0.00  786.13    0.00  798.50  807.30  749.99  815.72    0.00    0.00    0.00    1.10    0.00    0.02    0.01    0.01    0.00    0.00    0.00
  23.370       0       0       0       0    0.00   -0.04    0.53  149.55    0.09   -0.45      -1      -1      -1       0   16.01  825.04    0.00  795.10    0.00    0.00    0.00    0.00  835.53  172.29  266.86    0.00    0.00    0.00    0.00    0.00    0.01    0.00    0.00
  23.380       0    1412       0       0    0.00   -0.05    0.55  149.48    0.08   -0.61      -1      -1      -1       0    0.00    0.00  786.13    0.00  798.17  807.68  749.95  815.78    0.00    0.00    0.00    1.26    0.05    0.00    0.02    0.01    0.00    0.00    0.00
  23.390       0       0       0       0    0.00   -0.05    0.59  149.46    0.07   -0.65      -1      -1      -1       0   16.32  825.06    0.00  795.07    0.00    0.00    0.00    0.00  835.59  172.29  267.76    0.00    0.00    0.00    0.00    0.00    0.01    0.00    0.00
  23.400       0    1422       0       0    0.00   -0.05    0.67  149.52    0.07   -0.66      -1      -1      -1       0    0.00    0.00  786.13    0.00  798.40  807.25  749.54  815.66    0.00    0.00    0.00    1.37    0.05    0.00    0.02    0.02    0.00    0.00    0.00
  23.410       0       0       0       0    0.00   -0.05    0.68  149.59    0.09   -0.50      -1      -1      -1       0   16.61  825.07    0.00  794.66    0.00    0.00    0.00    0.00  835.56  172.06  267.63    0.00    0.00    0.00    0.00    0.00    0.01    0.00    0.00
  23.420       0    1409       0       0    0.00   -0.05    0.69  149.60    0.09   -0.46      -1      -1      -1       0    0.00    0.00  786.14    0.00  798.28  806.97  749.56  815.70    0.00    0.00    0.00    1.46    0.05    0.00    0.00    0.02    0.00    0.00    0.00
  23.430       0       0       0       0    0.00   -0.05    0.69  149.61    0.09   -0.45      -1      -1      -1       0   16.77  824.83    0.00  794.58    0.00    0.00    0.00    0.00  835.13  171.78  267.23    0.00    0.00    0.00    0.00    0.00    0.01    0.00    0.00
  23.440       0       0       0       0    0.00   -0.05    0.69  149.61    0.09   -0.29      -1      -1      -1       0    0.00    0.00  785.70    0.00  798.16  806.44  749.39  815.67    0.00    0.00    0.00    1.35    0.05    0.01    0.01    0.01    0.00    0.00    0.00
  23.450       0    1418       0       0    0.00   -0.05    0.66  149.61    0.09   -0.08      -1      -1      -1       0   16.75  824.78    0.00  794.47    0.00    0.00    0.00    0.00  834.64  171.71  266.06    0.00    0.00    0.00    0.00    0.00    0.02    0.00    0.00
  23.460       0       0       0       0    0.00   -0.04    0.62  149.61    0.09   -0.03      -1      -1      -1       0    0.00    0.00  785.61    0.00  798.09  805.82  749.72  815.65    0.00    0.00    0.00    1.19    0.08    0.01    0.00    0.00    0.00    0.00    0.00
  23.470       0    1401       0       0    0.00   -0.04    0.57  149.61    0.09   -0.18      -1      -1      -1       0   16.70  824.72    0.00  794.35    0.00    0.00    0.00    0.00  834.88  171.81  265.95    0.00    0.00    0.00    0.00    0.00    0.02    0.00    0.00
  23.480       0       0       0       0    0.00   -0.04    0.56  149.61    0.09   -0.38      -1      -1      -1       0    0.00    0.00  785.07    0.00  798.08  805.43  749.83  815.13    0.00    0.00    0.00    0.96    0.08    0.01    0.01    0.00    0.00    0.00    0.00
  23.490       0    1417       0       0    0.00   -0.04    0.56  149.61    0.09   -0.43      -1      -1      -1       0   16.57  824.66    0.00  794.21    0.00    0.00    0.00    0.00  834.74  172.00  266.28    0.00    0.00    0.00    0.00    0.00    0.00    0.00    0.00
  23.500       0       0       0       0    0.00   -0.04    0.56  149.61    0.09   -0.45      -1      -1      -1       0    0.00    0.00  784.86    0.00  798.01  805.68  749.89  815.07    0.00    0.00    0.00    0.96    0.07    0.01    0.01    0.01    0.00    0.00    0.00
  23.510       0    1400       0       0    0.00   -0.04    0.56  149.61    0.09   -0.45      -1      -1      -1       0   16.30  824.56    0.00  794.56    0.00    0.00    0.00    0.00  835.03  172.15  266.72    0.00    0.00    0.00    0.00    0.00    0.00    0.00    0.00
  23.520       0       0       0       0    0.00   -0.05    0.56  149.61    0.09   -0.45      -1      -1      -1       0    0.00    0.00  784.69    0.00  797.82  805.97  749.96  814.95    0.00    0.00    0.00    1.10    0.04    0.02    0.01    0.01    0.00    0.00    0.00
  23.530       0    1407       0       0    0.00   -0.05    0.56  149.55    0.09   -0.45      -1      -1      -1       0   16.03  824.53    0.00  794.11    0.00    0.00    0.00    0.00  835.01  172.25  267.01    0.00    0.00    0.00    0.00    0.00    0.01    0.00    0.00
  23.540       0       0       0       0    0.00   -0.05    0.56  149.48    0.09   -0.45      -1      -1      -1       0    0.00    0.00  784.83    0.00  797.77  806.08  749.91  815.26    0.00    0.00    0.00    1.19    0.05    0.01    0.01    0.01    0.00    0.00    0.00
  23.550       0    1398       0       0    0.00   -0.05    0.53  149.41    0.09   -0.45      -1      -1      -1       0   16.06  824.06    0.00  793.72    0.00    0.00    0.00    0.00  835.08  172.16  267.44    0.00    0.00    0.00    0.00    0.00    0.01    0.00    0.00
  23.560       0       0       0       0    0.00   -0.05    0.55  149.44    0.09   -0.61      -1      -1      -1       0    0.00    0.00  784.68    0.00  797.25  806.74  749.50  815.18    0.00    0.00    0.00    1.28    0.00    0.00    0.02    0.01    0.00    0.00    0.00
  23.570       0    1404       0       0    0.00   -0.05    0.59  149.51    0.09   -0.65      -1      -1      -1       0   16.41  823.51    0.00  793.14    0.00    0.00    0.00    0.00  835.12  171.97  267.37    0.00    0.00    0.00    0.00    0.00    0.01    0.00    0.00
  23.580       0       0       0       0    0.00   -0.05    0.67  149.59    0.09   -0.66      -1      -1      -1       0    0.00    0.00  785.05    0.00  797.10  806.80  749.03  815.74    0.00    0.00    0.00    1.31    0.06    0.01    0.02    0.02    0.00    0.00    0.00
  23.590       0    1392       0       0    0.00   -0.04    0.68  149.60    0.09   -0.50      -1      -1      -1       0   16.68  823.30    0.00  792.47    0.00    0.00    0.00    0.00  834.74  171.82  266.99    0.00    0.00    0.00    0.00    0.00    0.01    0.00    0.00
  23.600       0       0       0       0    0.00   -0.04    0.69  149.61    0.09   -0.30      -1      -1      -1       0    0.00    0.00  785.09    0.00  796.96  806.41  749.26  815.87    0.00    0.00    0.00    1.64    0.06    0.00    0.00    0.02    0.00    0.00    0.00
  23.610       0       0       0       0    0.00   -0.04    0.69  149.61    0.09   -0.09      -1      -1      -1       0   16.77  823.51    0.00  791.99    0.00    0.00    0.00    0.00  834.36  171.78  266.36    0.00    0.00    0.00    0.00    0.00    0.01    0.00    0.00
  23.620       0    1398       0       0    0.00   -0.04    0.69  149.61    0.09   -0.03      -1      -1      -1       0    0.00    0.00  785.17    0.00  797.25  805.98  749.13  815.50    0.00    0.00    0.00    1.59    0.06    0.01    0.01    0.00    0.00    0.00    0.00
  23.630       0       0       0       0    0.00   -0.04    0.66  149.55    0.09   -0.18      -1      -1      -1       0   16.75  823.77    0.00  792.25    0.00    0.00    0.00    0.00  834.56  171.71  266.20    0.00    0.00    0.00    0.00    0.00    0.01    0.00    0.00
  23.640       0    1386       0       0    0.00   -0.04    0.62  149.48    0.09   -0.38      -1      -1      -1       0    0.00    0.00  784.79    0.00  797.30  806.03  749.42  815.10    0.00    0.00    0.00    1.45    0.08    0.01    0.00    0.01    0.00    0.00    0.00
  23.650       0       0       0       0    0.00   -0.04    0.57  149.41    0.09   -0.43      -1      -1      -1       0   16.66  823.71    0.00  792.53    0.00    0.00    0.00    0.00  834.90  171.75  266.52    0.00    0.00    0.00    0.00    0.00    0.01    0.00    0.00
  23.660       0    1397       0       0    0.00   -0.04    0.56  149.39    0.09   -0.45      -1      -1      -1       0    0.00    0.00  784.57    0.00  797.31  805.82  749.63  815.09    0.00    0.00    0.00    1.02    0.08    0.01    0.01    0.01    0.00    0.00    0.00
  23.670       0       0       0       0    0.00   -0.04    0.56  149.38    0.09   -0.45      -1      -1      -1       0   16.53  823.99    0.00  792.64    0.00    0.00    0.00    0.00  834.86  171.82  266.78    0.00    0.00    0.00    0.00    0.00    0.00    0.00    0.00
  23.680       0    1379       0       0    0.00   -0.05    0.56  149.38    0.09   -0.45      -1      -1      -1       0    0.00    0.00  783.79    0.00  797.36  806.14  749.73  814.96    0.00    0.00    0.00    0.98    0.06    0.01    0.01    0.01    0.00    0.00    0.00
  23.690       0       0       0       0    0.00   -0.05    0.56  149.38    0.09   -0.45      -1      -1      -1       0   16.30  823.89    0.00  792.81    0.00    0.00    0.00    0.00  834.89  172.11  267.03    0.00    0.00    0.00    0.00    0.00    0.00    0.00    0.00
  23.700       0    1391       0       0    0.00   -0.05    0.56  149.38    0.09   -0.45      -1      -1      -1       0    0.00    0.00  783.76    0.00  797.34  806.22  749.82  814.77    0.00    0.00    0.00    1.10    0.00    0.01    0.01    0.01    0.00    0.00    0.00
  23.710       0       0       0       0    0.00   -0.05    0.56  149.38    0.09   -0.45      -1      -1      -1       0   16.03  823.52    0.00  792.78    0.00    0.00    0.00    0.00  835.23  172.41  267.27    0.00    0.00    0.00    0.00    0.00    0.00    0.00    0.00
  23.720       0    1377       0       0    0.00   -0.05    0.53  149.38    0.08   -0.45      -1      -1      -1       0    0.00    0.00  783.72    0.00  796.90  806.35  749.75  815.08    0.00    0.00    0.00    1.26    0.04    0.00    0.01    0.01    0.00    0.00    0.00
  23.730       0       0       0       0    0.00   -0.05    0.55  149.38    0.06   -0.61      -1      -1      -1       0   16.21  823.12    0.00  792.74    0.00    0.00    0.00    0.00  835.30  172.37  268.04    0.00    0.00    0.00    0.00    0.00    0.01    0.00    0.00
  23.740       0       0       0       0    0.00   -0.05    0.59  149.38    0.05   -0.65      -1      -1      -1       0    0.00    0.00  783.96    0.00  796.40  806.40  749.37  815.07    0.00    0.00    0.00    1.30    0.04    0.00    0.01    0.01    0.00    0.00    0.00
  23.750       0    1386       0       0    0.00   -0.05    0.67  149.38    0.08   -0.66      -1      -1      -1       0   16.55  823.00    0.00  792.33    0.00    0.00    0.00    0.00  835.20  172.14  267.88    0.00    0.00    0.00    0.00    0.00    0.01    0.00    0.00
  23.760       0       0       0       0    0.00   -0.05    0.68  149.38    0.11   -0.50      -1      -1      -1       0    0.00    0.00  784.33    0.00  796.64  806.38  749.32  815.21    0.00    0.00    0.00    1.31    0.05    0.00    0.01    0.02    0.00    0.00    0.00
  23.770       0    1375       0       0    0.00   -0.04    0.69  149.38    0.11   -0.46      -1      -1      -1       0   16.75  822.56    0.00  792.27    0.00    0.00    0.00    0.00  834.82  171.80  267.30    0.00    0.00    0.00    0.00    0.00    0.01    0.00    0.00
  23.780       0       0       0       0    0.00   -0.04    0.69  149.38    0.10   -0.45      -1      -1      -1       0    0.00    0.00  784.48    0.00  796.50  806.36  749.69  815.12    0.00    0.00    0.00    1.64    0.06    0.00    0.00    0.01    0.00    0.00    0.00
  23.790       0    1380       0       0    0.00   -0.04    0.69  149.38    0.09   -0.29      -1      -1      -1       0   16.82  822.63    0.00  792.17    0.00    0.00    0.00    0.00  834.36  171.83  266.26    0.00    0.00    0.00    0.00    0.00    0.01    0.00    0.00
  23.800       0       0       0       0    0.00   -0.04    0.66  149.38    0.09   -0.25      -1      -1      -1       0    0.00    0.00  784.58    0.00  796.78  806.39  749.66  814.74    0.00    0.00    0.00    1.72    0.07    0.01    0.00    0.00    0.00    0.00    0.00
  23.810       0    1373       0       0    0.00   -0.04    0.62  149.38    0.09   -0.24      -1      -1      -1       0   16.77  822.53    0.00  792.49    0.00    0.00    0.00    0.00  833.37  171.95  266.36    0.00    0.00    0.00    0.00    0.00    0.01    0.00    0.00
  23.820       0       0       0       0    0.00   -0.04    0.57  149.38    0.09   -0.40      -1      -1      -1       0    0.00    0.00  784.26    0.00  796.75  806.40  749.81  814.27    0.00    0.00    0.00    1.61    0.06    0.01    0.00    0.00    0.00    0.00    0.00
  23.830       0    1376       0       0    0.00   -0.04    0.56  149.38    0.09   -0.44      -1      -1      -1       0   16.66  822.44    0.00  792.60    0.00    0.00    0.00    0.00  832.74  172.03  266.74    0.00    0.00    0.00    0.00    0.00    0.01    0.00    0.00
  23.840       0       0       0       0    0.00   -0.04    0.56  149.38    0.09   -0.45      -1      -1      -1       0    0.00    0.00  784.32    0.00  796.83  805.95  749.90  814.11    0.00    0.00    0.00    1.13    0.05    0.01    0.01    0.01    0.00    0.00    0.00
  23.850       0       0       0       0    0.00   -0.04    0.56  149.38    0.09   -0.45      -1      -1      -1       0   16.50  822.48    0.00  792.80    0.00    0.00    0.00    0.00  832.87  172.05  267.02    0.00    0.00    0.00    0.00    0.00    0.00    0.00    0.00
  23.860       0    1365       0       0    0.00   -0.04    0.56  149.38    0.09   -0.45      -1      -1      -1       0    0.00    0.00  783.74    0.00  796.41  805.87  749.85  813.91    0.00    0.00    0.00    1.01    0.03    0.02    0.01    0.01    0.00    0.00    0.00
  23.870       0       0       0       0    0.00   -0.04    0.56  149.38    0.09   -0.45      -1      -1      -1       0   16.23  822.46    0.00  792.86    0.00    0.00    0.00    0.00  833.19  172.17  267.26    0.00    0.00    0.00    0.00    0.00    0.00    0.00    0.00
  23.880       0    1375       0       0    0.00   -0.04    0.56  149.38    0.09   -0.45      -1      -1      -1       0    0.00    0.00  783.72    0.00  795.62  806.22  749.43  814.05    0.00    0.00    0.00    1.11    0.00    0.02    0.01    0.01    0.00    0.00    0.00
  23.890       0       0       0       0    0.00   -0.05    0.53  149.38    0.09   -0.45      -1      -1      -1       0   15.97  822.37    0.00  792.84    0.00    0.00    0.00    0.00  833.13  172.48  267.50    0.00    0.00    0.00    0.00    0.00    0.00    0.00    0.00
  23.900       0    1362       0       0    0.00   -0.05    0.46  149.33    0.08   -0.61      -1      -1      -1       0    0.00    0.00  783.47    0.00  794.63  806.18  748.99  813.92    0.00    0.00    0.00    1.20    0.03    0.00    0.02    0.01    0.00    0.00    0.00
  23.910       0       0       0       0    0.00   -0.05    0.47  149.31    0.07   -0.65      -1      -1      -1       0   16.32  821.89    0.00  792.81    0.00    0.00    0.00    0.00  833.23  172.45  268.46    0.00    0.00    0.00    0.00    0.00    0.01    0.00    0.00
  23.920       0    1371       0       0    0.00   -0.05    0.54  149.31    0.07   -0.66      -1      -1      -1       0    0.00    0.00  783.84    0.00  794.73  805.69  747.98  813.84    0.00    0.00    0.00    1.28    0.04    0.00    0.01    0.01    0.00    0.00    0.00
  23.930       0       0       0       0    0.00   -0.05    0.65  149.36    0.10   -0.50      -1      -1      -1       0   16.61  821.79    0.00  791.95    0.00    0.00    0.00    0.00  833.18  172.32  268.16    0.00    0.00    0.00    0.00    0.00    0.01    0.00    0.00
  23.940       0    1355       0       0    0.00   -0.04    0.68  149.38    0.13   -0.46      -1      -1      -1       0    0.00    0.00  783.84    0.00  794.63  805.63  747.70  814.24    0.00    0.00    0.00    1.44    0.05    0.00    0.00    0.01    0.00    0.00    0.00
  23.950       0       0       0       0    0.00   -0.04    0.69  149.38    0.13   -0.45      -1      -1      -1       0   16.79  821.62    0.00  791.78    0.00    0.00    0.00    0.00  832.80  171.96  267.73    0.00    0.00    0.00    0.00    0.00    0.01    0.00    0.00
  23.960       0       0       0       0    0.00   -0.04    0.69  149.38    0.12   -0.45      -1      -1      -1       0    0.00    0.00  783.86    0.00  794.97  805.59  747.65  813.85    0.00    0.00    0.00    1.47    0.06    0.01    0.00    0.00    0.00    0.00    0.00
  23.970       0    1368       0       0    0.00   -0.04    0.66  149.38    0.11   -0.45      -1      -1      -1       0   16.77  821.95    0.00  791.57    0.00    0.00    0.00    0.00  832.32  171.98  266.54    0.00    0.00    0.00    0.00    0.00    0.02    0.00    0.00
  23.980       0       0       0       0    0.00   -0.04    0.62  149.38    0.11   -0.45      -1      -1      -1       0    0.00    0.00  783.89    0.00  794.95  805.07  748.05  813.61    0.00    0.00    0.00    1.35    0.08    0.01    0.00    0.00    0.00    0.00    0.00
  23.990       0    1352       0       0    0.00   -0.04    0.57  149.38    0.11   -0.45      -1      -1      -1       0   16.73  821.90    0.00  792.21    0.00    0.00    0.00    0.00  832.55  172.04  266.61    0.00    0.00    0.00    0.00    0.00    0.02    0.00    0.00
  24.000       0       0       0       0    0.00   -0.04    0.56  149.38    0.10   -0.45      -1      -1      -1       0    0.00    0.00  783.88    0.00  795.01  804.66  747.91  813.10    0.00    0.00    0.00    1.06    0.08    0.01    0.01    0.00    0.00    0.00    0.00
  24.010       0    1358       0       0    0.00   -0.04    0.56  149.38    0.09   -0.45      -1      -1      -1       0   16.61  822.02    0.00  792.09    0.00    0.00    0.00    0.00  832.42  172.16  266.80    0.00    0.00    0.00    0.00    0.00    0.00    0.00    0.00
  24.020       0       0       0       0    0.00   -0.04    0.56  149.38    0.09   -0.45      -1      -1      -1       0    0.00    0.00  783.43    0.00  795.52  804.48  747.94  813.15    0.00    0.00    0.00    0.99    0.07    0.01    0.01    0.00    0.00    0.00    0.00
  24.030       0    1350       0       0    0.00   -0.04    0.56  149.38    0.09   -0.45      -1      -1      -1       0   16.44  821.94    0.00  792.12    0.00    0.00    0.00    0.00  832.72  172.25  267.03    0.00    0.00    0.00    0.00    0.00    0.00    0.00    0.00
  24.040       0       0       0       0    0.00   -0.04    0.56  149.38    0.09   -0.45      -1      -1      -1       0    0.00    0.00  782.91    0.00  795.13  804.53  748.40  812.94    0.00    0.00    0.00    1.10    0.04    0.02    0.01    0.01    0.00    0.00    0.00
  24.050       0    1355       0       0    0.00   -0.04    0.56  149.38    0.09   -0.45      -1      -1      -1       0   16.15  821.56    0.00  792.19    0.00    0.00    0.00    0.00  832.93  172.33  267.27    0.00    0.00    0.00    0.00    0.00    0.00    0.00    0.00
  24.060       0       0       0       0    0.00   -0.04    0.56  149.33    0.09   -0.45      -1      -1      -1       0    0.00    0.00  783.16    0.00  794.65  804.59  748.05  813.20    0.00    0.00    0.00    1.26    0.03    0.02    0.01    0.01    0.00    0.00    0.00
  24.070       0       0       0       0    0.00   -0.04    0.50  149.26    0.09   -0.45      -1      -1      -1       0   16.10  821.07    0.00  791.86    0.00    0.00    0.00    0.00  833.22  172.24  267.68    0.00    0.00    0.00    0.00    0.00    0.01    0.00    0.00
  24.080       0    1345       0       0    0.00   -0.04    0.48  149.24    0.08   -0.61      -1      -1      -1       0    0.00    0.00  783.02    0.00  794.14  804.95  747.95  813.18    0.00    0.00    0.00    1.30    0.04    0.00    0.02    0.01    0.00    0.00    0.00
  24.090       0       0       0       0    0.00   -0.04    0.51  149.29    0.07   -0.65      -1      -1      -1       0   16.41  820.91    0.00  791.50    0.00    0.00    0.00    0.00  833.33  172.11  267.61    0.00    0.00    0.00    0.00    0.00    0.01    0.00    0.00
  24.100       0    1350       0       0    0.00   -0.04    0.61  149.36    0.07   -0.50      -1      -1      -1       0    0.00    0.00  783.30    0.00  794.42  805.00  747.51  813.66    0.00    0.00    0.00    1.31    0.05    0.00    0.02    0.02    0.00    0.00    0.00
  24.110       0       0       0       0    0.00   -0.04    0.67  149.37    0.09   -0.30      -1      -1      -1       0   16.70  820.70    0.00  790.93    0.00    0.00    0.00    0.00  833.29  171.96  267.05    0.00    0.00    0.00    0.00    0.00    0.01    0.00    0.00
  24.120       0    1338       0       0    0.00   -0.04    0.69  149.38    0.09   -0.09      -1      -1      -1       0    0.00    0.00  783.27    0.00  793.83  805.11  746.97  813.30    0.00    0.00    0.00    1.51    0.06    0.01    0.00    0.02    0.00    0.00    0.00
  24.130       0       0       0       0    0.00   -0.04    0.69  149.38    0.09   -0.20      -1      -1      -1       0   16.84  820.53    0.00  790.24    0.00    0.00    0.00    0.00  833.25  171.98  266.38    0.00    0.00    0.00    0.00    0.00    0.01    0.00    0.00
  24.140       0    1349       0       0    0.00   -0.04    0.69  149.38    0.09   -0.22      -1      -1      -1       0    0.00    0.00  783.34    0.00  793.66  803.87  746.30  813.22    0.00    0.00    0.00    1.49    0.07    0.01    0.00    0.00    0.00    0.00    0.00
  24.150       0       0       0       0    0.00   -0.04    0.66  149.38    0.09   -0.39      -1      -1      -1       0   16.79  819.97    0.00  789.30    0.00    0.00    0.00    0.00  831.96  172.04  266.21    0.00    0.00    0.00    0.00    0.00    0.02    0.00    0.00
  24.160       0       0       0       0    0.00   -0.04    0.62  149.38    0.09   -0.44      -1      -1      -1       0    0.00    0.00  626.58    0.00  634.92  642.71  596.92  650.58    0.00    0.00    0.00    1.52    0.07    0.01    0.01    0.01    0.00    0.00    0.00
  24.170       0    1331       0       0    0.00   -0.04    0.57  149.38    0.09   -0.45      -1      -1      -1       0   16.73  656.24    0.00  631.29    0.00    0.00    0.00    0.00  665.05  172.05  266.33    0.00    0.00    0.00    0.00    0.00    0.03    0.00    0.00
  24.180       0       0       0       0    0.00   -0.03    0.56  149.38    0.09   -0.45      -1      -1      -1       0    0.00    0.00  438.63    0.00  444.48  449.26  417.78  455.42    0.00    0.00    0.00    1.20    0.07    0.01    0.01    0.00    0.00    0.00    0.00
